Symbol,Name,Div per share Annual,Div per share Quarterly,Dividend trailing percent T12M,Dividend yield percent,DPS Growth,Cont Div Payout,Cont Div Growth
1JANATAMF,First Janata Bank Mutual Fund Units,,,,,,,
1STPRIMFMF,Prime Finance First Mutual Fund 2009 Units,,,,,,,
AAMRANET,aamra networks ltd,,,0.0,,,3.0,2.0
AAMRATECH,Aamra Technologies Limited,,,0.0,,,4.0,0.0
ABB1STMF,AB Bank 1st Mutual Fund 2011 Units,,,,,,,
ABBANK,AB Bank PLC,0.0,0.0,0.0,0.0,,0.0,0.0
ACFL,Aman Cotton Fibrous PLC,1.0,,4.42477876106195,0.0,0.0,8.0,0.0
ACI,Advanced Chemical Industries PLC,2.5,,1.27551020408163,0.0,43.75003593750898,10.0,1.0
ACIFORMULA,ACI Formulations PLC,2.5,,1.48367952522255,0.0,25.0,10.0,1.0
ACMELAB,ACME Laboratories Ltd.,3.5,,4.31565967940814,0.0,0.0,10.0,0.0
ACMEPL,ACME Pesticides Ltd,,,,,,,
ACTIVEFINE,Active Fine Chemicals Ltd.,,,0.0,,,0.0,0.0
ADNTEL,ADN Telecom Ltd.,1.0,,1.5600624024961,0.0,0.0,4.0,0.0
ADVENT,Advent Pharma Ltd.,,,0.328947368421053,0.0,,7.0,0.0
AFCAGRO,AFC Agro Biotech Ltd.,,,0.0,,,0.0,0.0
AFTABAUTO,Aftab Automobiles Ltd.,1.0,,3.53356890459364,0.0,0.0,13.0,0.0
AGNISYSL,Agni Systems PLC,0.25,,0.811688311688312,0.0,-47.916666666666664,10.0,0.0
AGRANINS,Agrani Insurance PLC,0.0,0.0,1.92307692307692,0.0,-100.0,0.0,0.0
AIBL1STIMF,AIBL 1st ISLAMIC Mutual Fund 2010- Units,,,,,,,
AIL,Alif Industries Ltd.,,,0.0,,,4.0,0.0
AL-HAJTEX,Alhaj Textile Mills Limited,,,0.546448087431694,,,1.0,0.0
ALARABANK,Al-Arafah Islami Bank PLC,0.0,0.0,0.0,0.0,,0.0,0.0
ALIF,Alif Manufacturing Company Ltd.,,,0.0,,,2.0,0.0
ALLTEX,Alltex Industries Limited,0.0,0.0,0.0,0.0,,0.0,0.0
AMANFEED,Aman Feed PLC,1.15,,3.00261096605744,0.0,14.999999999999991,11.0,1.0
AMBEEPHA,Ambee Pharmaceuticals PLC,1.0,,0.127959053103007,0.0,0.0,4.0,0.0
AMCLPRAN,Agricultural Marketing Co. Ltd.,3.2,,1.39130434782609,0.0,0.0,9.0,0.0
ANLIMAYARN,Anlima Yarn Dyeing Ltd.,,,,,,,
ANWARGALV,Anwar Galvanizing Ltd.,0.0,0.0,0.0,0.0,-100.0,0.0,0.0
AOL,Associated Oxygen Ltd,,,0.0,,,0.0,0.0
APEXFOODS,Apex Foods Limited,2.0,,0.699056274030059,0.0,0.0,17.0,0.0
APEXFOOT,Apex Footwear Ltd.,2.0,,0.935891436593355,0.0,-21.428566938775255,9.0,0.0
APEXSPINN,Apex Spinning and Knitting Mills Ltd.,2.0,,0.576036866359447,0.0,0.0,9.0,0.0
APEXTANRY,Apex Tannery Limited.,0.0,0.0,0.0,0.0,-100.0,0.0,0.0
APOLOISPAT,Appollo Ispat Complex Ltd.,,,0.0,,,0.0,0.0
ARAMIT,Aramit Limited,1.0,,0.440528634361234,,-50.0,10.0,0.0
ARAMITCEM,Aramit Cement Limited,,,0.0,,,0.0,0.0
ARGONDENIM,Argon Denims Ltd.,1.0,,4.34782608695652,0.0,0.0,10.0,0.0
ASIAINS,Asia Insurance PLC,1.0,,2.2075055187638,0.0,0.0,8.0,0.0
ASIAPACINS,Asia Pacific General Insurance PLC,1.4,,2.68714011516315,0.0,39.99999999999999,10.0,1.0
ASIATICLAB,Asiatic Laboratories Ltd,,,,,,,
ATLASBANG,Atlas Bangladesh Limited,0.0,0.0,0.0,,,0.0,0.0
AZIZPIPES,Aziz Pipes Limited.,,,,,,,
BANGAS,Bangas Limited,0.3,,0.226073850791258,,-25.000000000000007,4.0,0.0
BANKASIA,Bank Asia PLC,0.78341,,4.50235632183908,0.0,-6.500027573499781,8.0,0.0
BARKAPOWER,Baraka Power Ltd.,0.0,0.0,0.0,0.0,-100.0,0.0,0.0
BATASHOE,Bata Shoe Co. (Bangladesh) Ltd.,24.8,,2.72228320526894,0.0,-44.26966292134831,18.0,0.0
BATBC,British American Tobacco Bangladesh Co Ltd,3.0,,1.24223602484472,0.0,-90.0,18.0,0.0
BAYLEASING,Bay Leasing and Investment Ltd.,,0.0,0.0,,,0.0,0.0
BBS,Bangladesh Building Systems PLC,0.0,0.0,0.0,0.0,-100.0,0.0,0.0
BBSCABLES,BBS Cables PLC,0.0,0.0,0.0,0.0,-100.0,0.0,0.0
BDAUTOCA,Bangladesh Autocars Limited,,,,,,,
BDCOM,BDCOM Online Ltd.,0.5,,1.61812297734628,0.0,10.250106777228417,11.0,1.0
BDFINANCE,Bangladesh Finance PLC,0.0,0.0,0.0,,,0.0,0.0
BDLAMPS,Bangladesh Lamps PLC,1.0,,0.437254044599913,0.0,110.00021000021,9.0,1.0
BDTHAI,Bangladesh Thai Aluminium Ltd.,0.0,0.0,0.0,0.0,-100.0,0.0,0.0
BDTHAIFOOD,BD Thai Food & Beverage Ltd.,,,,,,,
BDWELDING,Bangladesh Welding Electrodes Ltd.,,,,,,,
BEACHHATCH,Beach Hatchery Ltd,,,0.0,,,4.0,3.0
BEACONPHAR,Beacon Pharmaceuticals PLC,,,1.96078431372549,,,0.0,0.0
BENGALWTL,Bengal Windsor Thermoplastics PLC,0.5,,1.99203187250996,0.0,0.0,5.0,0.0
BERGERPBL,Berger Paints Bangladesh Ltd.,52.5,,3.4965034965035,,7.147886533449525,5.0,2.0
BESTHLDNG,Best Holdings PLC,,,0.0,,,1.0,0.0
BEXIMCO,Bangladesh Export Import Company Ltd.,,,0.0,,,0.0,0.0
BGIC,Bangladesh General Insurance Company PLC,1.1,,2.55813953488372,0.0,10.000000000000009,6.0,1.0
BIFC,Bangladesh Industrial Finance Company Ltd.,0.0,0.0,0.0,,,0.0,0.0
BNICL,Bangladesh National Insurance Company Ltd,2.2,,1.92982456140351,0.0,10.000000000000009,8.0,1.0
BPML,Bashundhara Paper Mill Ltd.,0.0,0.0,0.0,0.0,,0.0,0.0
BPPL,Baraka Patenga Power Ltd.,0.2,,0.956937799043062,0.0,0.0,5.0,0.0
BRACBANK,BRAC Bank PLC,1.134215,,1.80607484076433,0.0,17.391298047823636,7.0,4.0
BSC,Bangladesh Shipping Corporation,2.5,,2.18340611353712,0.0,0.0,9.0,0.0
BSCPLC,Bangladesh Submarine Cables PLC,4.0,,2.58899676375405,0.0,0.0,10.0,0.0
BSRMLTD,Bangladesh Steel Re-Rolling Mills Ltd.,5.0,,5.06072874493927,0.0,42.857142857142854,9.0,2.0
BSRMSTEEL,BSRM Steels Limited,5.0,,5.3134962805526,0.0,56.249999999999986,9.0,2.0
BXPHARMA,Beximco Pharmaceuticals Plc,4.75,,0.0,0.0,18.75,10.0,2.0
CAPITECGBF,CAPITEC GRAMEEN BDT10 (MUTUAL FUND) Units,,,,,,,
CAPMBDBLMF,CAPM BDBL Mutual Fund 01 Units,,,,,,,
CAPMIBBLMF,CAPM IBBL Islamic Mutual Fund Units,,,,,,,
CENTRALINS,Central Insurance PLC,1.2,,2.62582056892779,0.0,0.0,10.0,0.0
CENTRALPHL,Central Pharmaceuticals Ltd.,0.0,0.0,0.0,,,0.0,0.0
CITYBANK,City Bank PLC,1.304348,,4.19404501607717,0.0,35.00007038002731,12.0,1.0
CITYGENINS,City Insurance PLC,1.0,,0.791765637371338,0.0,0.0,5.0,0.0
CLICL,Chartered Life Insurance PLC,0.4,,0.849256900212314,0.0,,1.0,0.0
CNATEX,C & A Textiles Ltd,,,0.0,,,0.0,0.0
CONFIDCEM,Confidence Cement PLC,1.0,,1.54798761609907,0.0,0.0,10.0,0.0
CONTININS,Continental Insurance PLC,0.5,,1.35869565217391,0.0,0.0,7.0,0.0
COPPERTECH,Coppertech Industries Ltd,0.215,,0.82375478927203,0.0,-46.25,7.0,0.0
CROWNCEMNT,Crown Cement PLC,2.1,,3.23574730354391,0.0,0.0,15.0,0.0
CRYSTALINS,Crystal Insurance Company Ltd,1.2,,1.76211453744493,0.0,0.0,6.0,0.0
CVOPRL,CVO Petrochemical Refinery PLC,1.1000001,,0.635103983833718,0.0,19.9001667702168,3.0,2.0
DACCADYE,Dacca Dyeing and Manufacturing Company Limited,0.0,,0.0,,,0.0,0.0
DAFODILCOM,Daffodil Computers PLC.,0.0,0.0,0.0,0.0,-100.0,0.0,0.0
DBH,DBH Finance PLC,1.5,,3.4324942791762,0.0,4.040012401569474,14.0,1.0
DBH1STMF,DBH First Mutual Fund Units,,,,,,,
DELTALIFE,Delta Life Insurance Company Ltd.,3.5,,4.50450450450451,0.0,16.666666666666664,3.0,1.0
DELTASPINN,Delta Spinners Limited,,,,,,,
DESCO,Dhaka Electric Supply Co. Ltd.,0.0,0.0,0.0,0.0,,0.0,0.0
DESHBANDHU,Deshbandhu Polymer Limited,0.0,0.0,0.0,0.0,-100.0,0.0,0.0
DGIC,Desh General Insurance Company Ltd,,,0.576368876080692,,,5.0,0.0
DHAKABANK,Dhaka Bank PLC,1.0,,8.19672131147541,0.0,100.0,8.0,1.0
DHAKAINS,Dhaka Insurance Limited,1.0,,2.08768267223382,0.0,0.0,7.0,0.0
DOMINAGE,Dominage Steel Building Systems Ltd,0.035,,0.0567260940032415,0.0,40.00000000000001,5.0,1.0
DOREENPWR,Doreen Power Generations & Systems Ltd.,1.0,,2.9940119760479,0.0,0.0,10.0,0.0
DSHGARME,Desh Garments Limited.,0.3,,0.163220892274211,,0.0,3.0,0.0
DSSL,Dragon Sweater & Spinning Ltd.,,,0.409836065573771,,,4.0,0.0
DULAMIACOT,Dulamia Cotton Spinning Mills Limited,,,,,,,
DUTCHBANGL,Dutch-Bangla Bank PLC,2.267573,,4.75382180293501,0.0,188.09503844531517,7.0,1.0
EASTERNINS,Eastern Insurance PLC,1.5,,2.27963525835866,,0.0,4.0,0.0
EASTLAND,Eastland Insurance PLC,1.0,,3.36700336700337,0.0,0.0,9.0,0.0
EASTRNLUB,Eastern Lubricants Blenders PLC,3.555557,,0.176884582856574,0.0,-19.333328039585133,9.0,0.0
EBL,Eastern Bank PLC,2.427184,,10.1132666666667,0.0,67.85699861519831,14.0,4.0
EBL1STMF,EBL First Mutual Fund Units,,,,,,,
EBLNRBMF,EBL NRB Mutual Fund,,,,,,,
ECABLES,Eastern Cables Ltd.,0.0,0.0,0.0,0.0,-100.0,0.0,0.0
EGEN,eGeneration PLC,0.225,,0.855513307984791,0.0,-77.5,5.0,0.0
EHL,Eastern Housing Ltd.,2.5,,2.69687162891046,0.0,31.578947368421055,17.0,1.0
EIL,Express Insurance Ltd.,0.5,,1.49253731343284,0.0,0.0,6.0,0.0
EMERALDOIL,Emerald Oil Industries Ltd.,,,0.0,,,0.0,0.0
ENVOYTEX,Envoy Textiles Ltd.,3.0,,4.60122699386503,0.0,50.0,10.0,2.0
EPGL,Energypac Power Generation PLC,0.2,,1.05263157894737,0.0,,1.0,0.0
ESQUIRENIT,Esquire Knit Composite PLC,1.0,,3.95256916996047,0.0,0.0,7.0,0.0
ETL,Evince Textiles Ltd.,0.25,,1.8796992481203,0.0,0.0,5.0,0.0
EXIM1STMF,EXIM Bank 1st Mutual Fund 2013- Units,,,,,,,
FAMILYTEX,Familytex (BD) Ltd.,,,0.0,,,0.0,0.0
FARCHEM,FAR Chemicals Industries Ltd,0.0,0.0,0.0,0.0,-100.0,0.0,0.0
FAREASTFIN,Fareast Finance & Investment Ltd.,,,0.0,,,0.0,0.0
FAREASTLIF,Fareast Islami Life Insurance Company Limited,,,0.0,,,0.0,0.0
FASFIN,FAS Finance & Investment Limited,,0.0,0.0,,,0.0,0.0
FBFIF,First Bangladesh Fixed Income Fund Units,,,,,,,
FEDERALINS,Federal Insurance PLC,,,3.25732899022801,,,0.0,0.0
FEKDIL,Far East Knitting & Dyeing Industries PLC.,1.2,,5.02092050209205,0.0,-14.285714285714283,7.0,0.0
FINEFOODS,Fine Foods Limited,,,,,,,
FIRSTFIN,First Finance Ltd.,,,,,,,
FORTUNE,Fortune Shoes Ltd.,0.05,,0.285714285714286,0.0,-50.0,7.0,0.0
FUWANGCER,Fu-Wang Ceramic Industry Ltd.,0.1,,0.636942675159236,0.0,-50.0,7.0,0.0
FUWANGFOOD,Fu-Wang Foods Limited,,,0.0,,,0.0,0.0
GBBPOWER,GBB POWER Ltd.,0.0,0.0,0.0,,,0.0,0.0
GEMINISEA,Gemini Sea Food PLC,,,0.0,,,4.0,0.0
GENEXIL,Genex Infosys PLC,0.1,,0.25974025974026,0.0,-66.66666666666666,7.0,0.0
GENNEXT,Generation Next Fashions Ltd.,,,0.0,,,0.0,0.0
GHAIL,Golden Harvest Agro Industries Ltd.,0.1,,0.699300699300699,0.0,0.0,5.0,0.0
GHCL,Global Heavy Chemicals Ltd.,0.0,0.0,0.0,0.0,,0.0,0.0
GLDNJMF,ICB AMCL CMSF GOLDEN JUBILEE MUTUAL FUND,,,,,,,
GLOBALINS,Global Insurance PLC,1.0,,2.0703933747412,0.0,0.0,7.0,0.0
GOLDENSON,Golden Son Limited,0.0,0.0,0.0,0.0,-100.0,0.0,0.0
GP,Grameenphone Ltd.,21.5,10.5,8.68686868686869,98.96650690644837,-34.84848484848485,17.0,0.0
GPHISPAT,GPH Ispat Limited,0.5,,2.79329608938548,0.0,-50.0,7.0,0.0
GQBALLPEN,G.Q. Ball Pen Industries Limited,1.0,,0.186046511627907,0.0,233.33333333333334,2.0,1.0
GRAMEENS2,Grameen Mutual Fund One - Grameen Two Units,,,,,,,
GREENDELMF,Green Delta Mutual Fund 2010 Units,,,,,,,
GREENDELT,Green Delta Insurance PLC,2.7,,3.85714285714286,0.0,8.000000000000007,14.0,1.0
GSPFINANCE,GSP Finance Company PLC,,,0.0,,,0.0,0.0
HAKKANIPUL,Hakkani Pulp & Paper Mills PLC,0.5,,0.640204865556978,0.0,149.99999999999997,8.0,1.0
HAMI,Hami Industries PLC,,,,,,,
HEIDELBCEM,Heidelberg Materials Bangladesh PLC,1.1,,0.507380073800738,0.0,-55.99999999999999,6.0,0.0
HFL,Hamid Fabrics PLC,,,0.0,,,0.0,0.0
HRTEX,H.R. Textile Mills Ltd.,,,0.0,,,0.0,0.0
HWAWELLTEX,Hwa Well Textiles (BD)PLC,2.0,,4.07331975560081,0.0,0.0,12.0,0.0
IBNSINA,BN SINA Pharmaceutical Industry PLC,6.4,,2.01956453139792,0.0,1.5873015873015959,10.0,2.0
IBP,Indo-Bangla Pharmaceuticals Ltd.,0.015,,0.0867052023121387,0.0,49.999999999999986,2.0,1.0
ICB,Investment Corporation of Bangladesh,0.0,0.0,0.0,0.0,-100.0,0.0,0.0
ICB3RDNRB,ICB AMCL Third NRB Mutual Fund 2010 Units,,,,,,,
ICBAGRANI1,ICB AMCL First Agrani Bank Mutual Fund Units,,,,,,,
ICBAMCL2ND,ICB AMCL Second Mutual Fund Units,,,,,,,
ICBEPMF1S1,ICB Employees Provident Mutual Fund One Scheme One Units,,,,,,,
ICBIBANK,ICB Islamic Bank Limited,0.0,0.0,0.0,0.0,,0.0,0.0
ICBSONALI1,ICB AMCL Sonali Bank Ltd 1st Mutual Fund 2013- Units,,,,,,,
ICICL,Islami Commercial Insurance PLC.,,,,,,,
IDLC,IDLC Finance PLC.,1.360544,,3.00340838852097,0.0,5.904766382640431e-06,13.0,2.0
IFADAUTOS,IFAD Autos PLC,0.2,,0.813008130081301,0.0,98.01980198019803,11.0,1.0
IFIC,IFIC Bank PLC,0.0,0.0,0.0,0.0,,0.0,0.0
IFIC1STMF,IFIC Bank 1st Mutual Fund Units,,,,,,,
IFILISLMF1,IFIL Islamic Mutual Fund - 1 Units,,,,,,,
ILFSL,International Leasing and Financial Services Ltd.,,,0.0,,,0.0,0.0
INDEXAGRO,Index Agro Industries Ltd,1.142857,,1.5549074829932,0.0,-51.999957999958,5.0,0.0
INTECH,Intech Ltd.,,,0.0,,,0.0,0.0
INTRACO,Intraco Refueling Station PLC,0.125,,0.548245614035088,0.0,24.999999999999993,6.0,1.0
IPDC,IPDC Finance PLC,0.47619,,1.40884615384615,0.0,5.000992260369116,8.0,2.0
ISLAMIBANK,Islami Bank Bangladesh PLC,0.0,0.0,0.0,0.0,,0.0,0.0
ISLAMICFIN,Islamic Finance & Investment PLC,,0.0,0.0,,,0.0,0.0
ISLAMIINS,Islami Insurance Bangladesh Limited,,,2.51177394034537,,,4.0,2.0
ISNLTD,Information Services Network Ltd.,,,,,,,
ITC,IT Consultants PLC,1.2,,2.5369978858351,0.0,9.09090909090908,7.0,6.0
JAMUNABANK,Jamuna Bank PLC,2.9,,11.8367346938776,0.0,87.95737645205175,8.0,3.0
JAMUNAOIL,JAMUNA OIL PLC,18.0,,9.9889012208657,0.0,20.0,15.0,3.0
JANATAINS,Janata Insurance PLC,1.0,,2.82485875706215,0.0,73.33335644444755,6.0,1.0
JHRML,JMI Hospital Requisite Manufacturing Ltd,0.5,,0.982318271119843,0.0,-50.0,4.0,0.0
JMISMDL,JMI Syringes & Medical Devices Ltd.,1.0,,0.700280112044818,0.0,0.0,3.0,0.0
JUTESPINN,Jute Spinners Limited,,,,,,,
KARNAPHULI,Karnaphuli Insurance PLC,1.0,,1.73010380622837,0.0,0.0,8.0,0.0
KAY&QUE,Kay and Que (Bangladesh) Ltd.,0.355998,,0.0856794223826715,0.0,28.30143799329657,4.0,1.0
KBPPWBIL,Khan Brothers PP Woven Bag Industries Ltd,1.0,,2.6246719160105,0.0,900.0,2.0,1.0
KDSALTD,KDS Accessories Ltd.,1.0,,2.07900207900208,0.0,110.00021000021,9.0,1.0
KEYACOSMET,Keya Cosmetic Ltd.,,,0.0,,,0.0,0.0
KOHINOOR,Kohinoor Chemical Company (Bangladesh) PLC,5.371901,,0.973523196810439,0.0,29.999976042005194,11.0,3.0
KPCL,Khulna Power Company Ltd.,2.5,,21.7391304347826,0.0,150.0,10.0,1.0
KPPL,Khulna Printing & Packaging Ltd,,,0.0,,,0.0,0.0
KTL,Kattali Textile Ltd.,,,0.078740157480315,,,0.0,0.0
LANKABAFIN,LankaBangla Finance PLC,,,0.0,,,0.0,0.0
LEGACYFOOT,Legacy Footwear Ltd.,0.05,,0.0684931506849315,0.0,-50.0,3.0,0.0
LHB,LafargeHolcim Bangladesh PLC,4.0,,6.89655172413793,0.0,5.263157894736848,12.0,1.0
LIBRAINFU,Libra Infusions Ltd.,,,,,,0.0,0.0
LINDEBD,Linde Bangladesh Limited,10.0,,1.42490738102023,,-97.77777777777777,18.0,0.0
LOVELLO,Taufika Foods and Lovello Ice-cream PLC,0.997732,,1.56384326018809,0.0,15.238028138105628,5.0,2.0
LRBDL,Lub-rref (Bangladesh) Ltd,0.0,0.0,0.0,0.0,-100.0,0.0,0.0
LRGLOBMF1,LR Global Bangladesh Mutual Fund One Units,,,,,,,
MAGURAPLEX,Magura Multiplex PLC,1.1,,1.22086570477248,0.0,-21.428571428571416,3.0,0.0
MAKSONSPIN,Maksons Spinning Mills PLC,0.0,,0.0,,,0.0,0.0
MALEKSPIN,Malek Spinning Mills PLC,1.0,,2.02839756592292,0.0,0.0,2.0,0.0
MARICO,Marico Bangladesh Limited.,207.5,50.0,7.60156793786863,99.52525195006503,-45.96354166666667,17.0,0.0
MATINSPINN,Matin Spinning PLC,3.5,,5.16224188790561,0.0,-30.0,12.0,0.0
MBL1STMF,MBL 1st Mutual Fund 2010- Units,,,,,,,
MEGCONMILK,Meghna Condensed Milk Industries Ltd.,,,,,,,
MEGHNACEM,Meghna Cement Mills PLC,0.0,0.0,0.0,0.0,,0.0,0.0
MEGHNAINS,Meghna Insurance PLC,,,,,,,
MEGHNALIFE,Meghna Life Insurance PLC,1.5,,2.66429840142096,0.0,0.0,8.0,0.0
MEGHNAPET,Meghna Pet Industries Ltd.,,,,,,,
MERCANBANK,Mercantile Bank PLC,0.0,0.0,0.0,0.0,,0.0,0.0
MERCINS,Mercantile Islami Insurance PLC,1.0,,2.26757369614512,0.0,0.0,8.0,0.0
METROSPIN,Metro Spinning Ltd.,0.0,,0.0,,,0.0,0.0
MHSML,Mozaffar Hossain Spinning Mills Ltd.,0.3,,1.3953488372093,0.0,0.0,6.0,0.0
MIDASFIN,MIDAS Financing PLC,,0.0,0.0,,,0.0,0.0
MIDLANDBNK,Midland Bank PLC,0.282779,,1.56231491712707,0.0,0.00010609002729294204,4.0,1.0
MIRACLEIND,Miracle Industries Limited,0.0,0.0,0.0,0.0,,0.0,0.0
MIRAKHTER,Mir Akhter Hossain Ltd,1.05,,2.76315789473684,0.0,5.000000000000004,5.0,1.0
MITHUNKNIT,Mithun Knitting & Dyeing (CEPZ) Ltd.,,,,,,,
MJLBD,MJL Bangladesh PLC,5.2,,5.66448801742919,0.0,0.0,10.0,0.0
MLDYEING,M.L. Dyeing & Textile Ind. PLC,0.05,,0.347222222222222,0.0,,1.0,0.0
MONNOAGML,Monno Agro & General Machinery Ltd.,0.5,,0.146756677428823,0.0,,1.0,0.0
MONNOCERA,Monno Ceramic Industries Limited.,0.2,,0.224719101123596,0.0,100.0,7.0,1.0
MONNOFABR,Monno Fabrics Ltd.,0.025,,0.112107623318386,0.0,-75.00000000000001,4.0,0.0
MONOSPOOL,Monospool Bangladesh PLC,0.378072,,0.33907802690583,0.0,-63.76816038639935,5.0,0.0
MPETROLEUM,Meghna Petroleum PLC,20.0,,9.47867298578199,0.0,17.647058823529413,16.0,3.0
MTB,Mutual Trust Bank PLC,0.0,0.0,0.0,0.0,,0.0,0.0
NAHEEACP,Nahee Aluminum Composite Panel PLC,0.1,,0.302114803625378,0.0,-75.00000000000001,8.0,0.0
NATLIFEINS,National Life Insurance PLC,3.7,,3.67063492063492,0.0,5.71428571428572,10.0,1.0
NAVANACNG,Navana CNG Limited,1.0,,4.71698113207547,0.0,0.0,10.0,0.0
NAVANAPHAR,Navana Pharmaceuticals PLC,1.4,,2.05882352941176,0.0,0.0,4.0,0.0
NBL,National Bank PLC,0.0,0.0,0.0,0.0,,0.0,0.0
NCCBANK,National Credit and Commerce Bank PLC,1.571744,,10.3404210526316,0.0,25.739520000000006,11.0,3.0
NCCBLMF1,NCCBL Mutual Fund-1 2012- Dividend Units,,,,,,,
NEWLINE,New Line Clothings Ltd.,,,0.0,,,0.0,0.0
NFML,National Feed Mill Ltd,0.01,,0.0552486187845304,0.0,,1.0,0.0
NHFIL,National Housing Finance PLC,1.0,,3.53356890459364,0.0,,1.0,0.0
NITOLINS,Nitol Insurance PLC,1.0,,2.07900207900208,0.0,120.50230424907937,8.0,1.0
NORTHERN,Northern Jute Manufacturing Co. Ltd.,,,,,,,
NORTHRNINS,Northern Islami Insurance PLC,0.47619,,1.16143902439024,0.0,-50.0,8.0,0.0
NPOLYMER,National Polymer Industries PLC,0.5,,1.51057401812689,,-52.38095238095239,4.0,0.0
NRBBANK,NRB Bank PLC,,0.0,0.0,,,0.0,0.0
NRBCBANK,NRBC Bank PLC,0.0,0.0,0.0,0.0,,0.0,0.0
NTC,National Tea Company Limited,0.0,,0.0,,,0.0,0.0
NTLTUBES,National Tubes Limited,0.1,,0.146198830409357,,-75.00000000000001,2.0,0.0
NURANI,Nurani Dyeing & Sweater Ltd.,,,0.0,,,0.0,0.0
OAL,Olympic Accessories Ltd,,,0.0,,,0.0,0.0
OIMEX,Oimex Electrode Ltd.,0.0,0.0,0.0,0.0,-100.0,0.0,0.0
OLYMPIC,Olympic Industries PLC.,3.0,,2.03389830508475,0.0,200.0,16.0,1.0
ONEBANKPLC,One Bank PLC,0.0,0.0,0.0,0.0,,0.0,0.0
ORIONINFU,Orion Infusion Ltd.,2.0,,0.824062628759786,0.0,66.66666666666667,11.0,2.0
ORIONPHARM,Orion Pharma Ltd.,0.0,0.0,0.0,0.0,-100.0,0.0,0.0
PADMALIFE,Padma Islami Life Insurance Ltd.,0.0,0.0,0.0,0.0,,0.0,0.0
PADMAOIL,Padma Oil PLC,16.0,,8.08489135927236,0.0,14.285714285714285,14.0,3.0
PARAMOUNT,Paramount Insurance PLC.,1.0,,1.5600624024961,0.0,0.0,5.0,0.0
PDL,Pacific Denims Ltd.,,,0.0,,,0.0,0.0
PENINSULA,The Peninsula Chittagong PLC,0.05,,0.213675213675214,0.0,,1.0,0.0
PEOPLESINS,Peoples Insurance PLC,1.05,,1.62538699690403,0.0,0.0,6.0,0.0
PF1STMF,Phoenix Finance 1st Mutual Fund Units,,,,,,,
PHARMAID,Pharma Aids Limited.,3.0,,0.487567040468064,0.0,20.0,5.0,2.0
PHENIXINS,Phoenix Insurance PLC,1.2,,2.23048327137546,0.0,19.999999999999996,6.0,1.0
PHOENIXFIN,Phoenix Finance and Investments Ltd.,,0.0,0.0,,,0.0,0.0
PHPMF1,PHP First Mutual Fund Units 2010-,,,,,,,
PIONEERINS,Pioneer Insurance PLC,2.267573,,3.19826939351199,0.0,-4.761838761838756,12.0,0.0
PLFSL,Peoples Leasing and Financial Services Ltd.,,0.0,0.0,,,0.0,0.0
POPULAR1MF,Popular Life First Mutual Fund Units 2010-,,,,,,,
POPULARLIF,Popular Life Insurance Co. Ltd.,,,3.17460317460317,,,10.0,0.0
POWERGRID,Power Grid Co. of Bangladesh Ltd.,0.0,0.0,0.0,0.0,,0.0,0.0
PRAGATIINS,Pragati Insurance PLC,2.621359,,3.28491102756892,0.0,44.44994349168778,6.0,2.0
PRAGATILIF,Pragati Life Insurance PLC,1.363636,,0.871890025575448,0.0,-0.0002933325511053488,8.0,0.0
PREMIERBAN,The Premier Bank PLC,0.0,0.0,0.0,0.0,,0.0,0.0
PREMIERCEM,Premier Cement Mills PLC,1.0,,1.94174757281553,0.0,-53.48837209302325,13.0,0.0
PREMIERLEA,Premier Leasing & Finance Limited,,0.0,0.0,,,0.0,0.0
PRIME1ICBA,Prime Bank 1st ICB AMCL Mutual Fund Units,,,,,,,
PRIMEBANK,Prime Bank PLC,2.38095204081631,,8.01667353810205,0.0,46.42855592805964,17.0,1.0
PRIMEFIN,Prime Finance and Investment Ltd.,,,0.0,,,0.0,0.0
PRIMEINSUR,Prime Islami Insurance PLC,1.0,,1.71821305841924,0.0,0.0,6.0,0.0
PRIMELIFE,Prime Life Insurance Company Limited,0.025,,0.06426735218509,0.0,,1.0,0.0
PRIMETEX,Prime Textile Spining Mills Ltd.,,,0.0,,,0.0,0.0
PROGRESLIF,Progressive Life Insurance Co. Ltd.,,,0.641025641025641,,,0.0,0.0
PROVATIINS,Provati Insurance PLC,1.2,,2.02360876897133,0.0,19.999999999999996,5.0,1.0
PTL,Paramount Textile PLC,1.2,,1.75953079178886,0.0,164.000264000264,11.0,1.0
PUBALIBANK,Pubali Bank PLC,0.7986107,,2.01161385390428,0.0,-2.9687684148497375,17.0,0.0
PURABIGEN,Purabi General Insurance Co. Ltd.,1.0,,3.15457413249211,0.0,0.0,4.0,0.0
QUASEMIND,Quasem Industries Limited.,0.0,0.0,0.0,0.0,-100.0,0.0,0.0
QUEENSOUTH,Queen South Textile Mills Ltd.,0.05,,0.306748466257669,0.0,-75.00000000000001,4.0,0.0
RAHIMAFOOD,Rahima Food Corporation Ltd.,0.2,,0.240963855421687,0.0,-80.0,5.0,0.0
RAHIMTEXT,Rahim Textile Mills Ltd.,1.0,,0.482858522452921,0.0,0.0,2.0,0.0
RAKCERAMIC,RAK Ceramics (Baneladesh) Limited,1.0,,3.32225913621262,0.0,0.0,16.0,0.0
RANFOUNDRY,Rangpur Foundry Limited,2.3,,1.41975308641975,0.0,0.0,9.0,0.0
RDFOOD,Rangpur Dairy and Food Products Limited,0.1,,0.401606425702811,0.0,-50.0,6.0,0.0
RECKITTBEN,Reckitt Benckiser (Bangladesh) PLC,173.0,,5.22895572011486,0.0,-48.048048048048045,3.0,0.0
REGENTTEX,Regent Textile Mills Ltd.,,,0.0,,,0.0,0.0
RELIANCE1,Reliance Insurance Mutual Fund Reliance One Units,,,,,,,
RELIANCINS,Reliance Insurance PLC,3.0,,2.59067357512953,0.0,0.0,15.0,0.0
RENATA,Renata PLC,5.5,,1.18000429092469,0.0,-40.21739130434782,9.0,0.0
RENWICKJA,Renwick Janeswar and Co. (BD) Limited,,,0.0,,,,
REPUBLIC,Republic Insurance PLC,1.025,,2.45803357314149,,79.37487016675232,7.0,1.0
RINGSHINE,Ring Shine Textiles Ltd.,,,0.0,,,0.0,0.0
ROBI,Robi Axiata PLc,1.75,,5.59105431309904,0.0,16.666666666666664,5.0,4.0
RSRMSTEEL,Ratanpur Steel Re-Rolling Mills Ltd,,,0.0,,,0.0,0.0
RUNNERAUTO,Runner Automobiles PLC,1.0,,1.91570881226054,0.0,-9.090909090909099,2.0,0.0
RUPALIBANK,Rupali Bank PLC,0.0,0.0,0.0,0.0,,0.0,0.0
RUPALIINS,Rupali Insurance Company Ltd.,0.47619,,1.54607142857143,0.0,-50.0,7.0,0.0
RUPALILIFE,Rupali Life Insurance PLC,1.2,1.2,1.17647058823529,44.65282429113642,19.999999999999996,8.0,1.0
SAFKOSPINN,Safko Spinning Mills Limited,,,,,,,
SAIFPOWER,SAIF Powertec Ltd.,,,0.0,,,1.0,0.0
SAIHAMCOT,Saiham Cotton Mills Ltd.,0.7,,3.21100917431193,0.0,39.99999999999999,2.0,1.0
SAIHAMTEX,Saiham Textile Mills Ltd.,0.6,,1.91693290734824,0.0,19.999999999999996,2.0,1.0
SALAMCRST,S. Alam Cold Rolled Steels Limited,,,0.0,,,0.0,0.0
SALVO,Salvo Organic Industries PLC,0.25,,0.722543352601156,0.0,0.0,6.0,0.0
SAMATALETH,Samata Leather Complex (Pvt.) Ltd.,0.0,,0.0,,-100.0,0.0,0.0
SAMORITA,Samorita Hospital Ltd.,0.5,,0.431406384814495,0.0,0.0,2.0,0.0
SANDHANINS,Shandhani Life Insurance Co.Ltd,,,4.28571428571429,,,7.0,0.0
SAPORTL,Summit Alliance Port Limited,1.8,,2.89855072463768,0.0,20.000000000000004,9.0,2.0
SBACBANK,SBAC Bank PLC.,0.0,0.0,0.0,0.0,,0.0,0.0
SEAPEARL,Sea Pearl Beach Resort & Spa Ltd.,0.1,,0.268817204301075,0.0,-85.71428571428572,6.0,0.0
SEMLFBSLGF,SEML FBLSL Growth Fund Units,,,,,,,
SEMLIBBLSF,SEML IBBL Shariah Fund Units,,,,,,,
SHAHJABANK,Shahjalal Islami Bank PLC,1.3,,7.38636363636364,0.0,30.000000000000004,7.0,1.0
SHARPIND,Sharp Industries PLC,0.0,0.0,0.0,0.0,-100.0,0.0,0.0
SHASHADNIM,Shasha Denims PLC,0.5,,1.76056338028169,0.0,-50.0,9.0,0.0
SHEPHERD,Shepherd Industries PLC,0.1,,0.636942675159236,0.0,0.0,6.0,0.0
SHURWID,Shurwid Industries Ltd,,,0.0,,,0.0,0.0
SHYAMPSUG,Shyampur Sugar Mills Ltd.,,,,,,,
SICL,"Sikder Insurance Co., Ltd.",,,2.5,,,2.0,1.0
SILCOPHL,Silco Pharmaceuticals Ltd.,0.11,,0.585106382978723,0.0,9.999999999999995,7.0,1.0
SILVAPHL,Silva Pharmaceuticals Ltd.,0.0,0.0,0.0,0.0,-100.0,0.0,0.0
SIMTEX,Simtex Industries PLC,1.0,,3.86100386100386,0.0,0.0,7.0,0.0
SINGERBD,Singer Bangladesh Limited,0.0,0.0,1.34048257372654,0.0,-100.0,0.0,0.0
SINOBANGLA,Sinobangla Industries Ltd.,1.0,,1.86219739292365,0.0,0.0,4.0,0.0
SIPLC,Sena Insurance PLC,,,,,,,
SKTRIMS,SK Trims & Industries Ltd.,,,0.0,,,7.0,0.0
SONALIANSH,Sonali Aansh Industries Limited.,1.5,,0.684931506849315,,50.0,3.0,1.0
SONALILIFE,Sonali Life Insurance PLC,,,1.18203309692671,,,0.0,0.0
SONALIPAPR,Sonali Paper & Board Mills Ltd.,4.0,,1.69491525423729,0.0,0.0,6.0,0.0
SONARBAINS,Sonar Bangla Insurance Ltd.,,,1.15396946564886,,,6.0,0.0
SONARGAON,Sonargaon Textiles Limited.,,,,,,,
SOUTHEASTB,Southeast Bank PLC,0.3,,2.7027027027027,0.0,,1.0,0.0
SPCERAMICS,Shinepukur Ceramics PLC,,,0.0,,,5.0,0.0
SPCL,Shahjibazar Power Co Ltd,2.0,,3.67647058823529,0.0,66.66666666666667,12.0,2.0
SQUARETEXT,Square Textiles PLC,3.2,,6.26223091976517,0.0,0.0,10.0,0.0
SQURPHARMA,Square Pharmaceuticals PLC,12.0,,5.48446069469835,0.0,9.090909090909092,10.0,8.0
SSSTEEL,S.S. Steel Ltd,,,0.0,,,5.0,0.0
STANCERAM,Standard Ceramic Industries Ltd.,,,0.0,,,0.0,0.0
STANDARINS,Standard Insurance PLC,1.2,,2.36686390532544,,19.999999999999996,7.0,1.0
STANDBANKL,Standard Islami Bank PLC,0.0,0.0,0.0,0.0,,0.0,0.0
STYLECRAFT,Stylecraft Limited,0.0,0.0,0.0,0.0,,0.0,0.0
SUMITPOWER,Summit Power Ltd.,1.05,,6.32530120481928,0.0,5.000000000000004,9.0,1.0
SUNLIFEINS,Sunlife Insurance Co. Ltd.,0.0,0.0,0.0168918918918919,0.0,-100.0,0.0,0.0
TAKAFULINS,Takaful Islami Insurance PLC,1.0,,1.86915887850467,,0.0,9.0,0.0
TALLUSPIN,Tallu Spinning Mills Limited,,,0.0,,,0.0,0.0
TAMIJTEX,Tamijuddin Textile Mills PLC,0.991736,,0.757628724216959,0.0,-48.051899072332894,5.0,0.0
TECHNODRUG,Techno Drugs Ltd.,1.0,,2.12314225053079,0.0,-16.666666666666664,2.0,0.0
TILIL,Trust Islami Life Insurance Ltd.,,,,,,,
TITASGAS,Titas Gas Transmission and Distribution PLC,0.2,,1.08108108108108,0.0,-60.0,17.0,0.0
TOSRIFA,Tosrifa Industries PLC,0.4,,1.94174757281553,0.0,14.285714285714299,5.0,1.0
TRUSTB1MF,Trust Bank 1st Mutual Fund Units,,,,,,,
TRUSTBANK,Trust Bank PLC,0.761905,,5.04572847682119,0.0,23.266649948632512,7.0,1.0
TUNGHAI,Tung Hai Knitting & Dyeing Ltd,,,0.0,,,0.0,0.0
UCB,United Commercial Bank PLC,0.0,0.0,0.0,0.0,,0.0,0.0
UNILEVERCL,Unilever Consumer Care Limited,42.0,,2.06753962784287,0.0,-19.230769230769234,18.0,0.0
UNIONCAP,Union Capital Limited,0.0,0.0,0.0,0.0,,0.0,0.0
UNIONINS,Union Insurance PLC,,,,,,,
UNIQUEHRL,Unique Hotel & Resorts PLC,1.6,,3.63636363636364,,0.0,10.0,0.0
UNITEDFIN,United Finance PLC,1.0,,5.43478260869565,0.0,0.0,17.0,0.0
UNITEDINS,United Insurance Company Limited,1.5,,2.31124807395994,0.0,0.0,6.0,0.0
UPGDCL,United Power Generation & Distribution Co. Ltd.,6.5,,5.30179445350734,0.0,8.333333333333332,10.0,1.0
USMANIAGL,Usmania Glass Sheet Factory Limited,0.0,,0.0,,,0.0,0.0
UTTARABANK,Uttara Bank PLC,0.4,,1.8957345971564,0.0,-60.55359090523592,16.0,0.0
UTTARAFIN,Uttara Finance and Investments Limited,,,0.0,,,0.0,0.0
VAMLRBBF,Vanguard AML Rupali Bank Balanced Fund Units,,,,,,,
VFSTDL,VFS Thread Dyeing Ltd.,0.025,,0.165562913907285,,,1.0,0.0
WALTONHIL,Walton Hi-Tech Industries PLC,15.9090909545455,,4.0792540909091,0.0,-50.000012714282306,6.0,0.0
WATACHEM,Wata Chemicals Ltd.,1.0,,0.709219858156028,0.0,-16.666666666666664,7.0,0.0
WMSHIPYARD,Western Marine Shipyard Limited,0.0,,0.0,,,0.0,0.0
YPL,Yeakin Polymer Ltd.,,,0.0,,,0.0,0.0
ZAHEENSPIN,Zaheen Spinning PLC,0.0,0.0,0.0,0.0,,0.0,0.0
ZAHINTEX,Zahintex Industries Ltd.,,,0.0,,,0.0,0.0
ZEALBANGLA,Zeal Bangla Sugar Milla Limited,,0.0,0.0,,,0.0,0.0
