Symbol,Name,Market Capitalization Performance,Market Capitalization Performance % 1Y,P/E,"P/E/Growth, Trading 12M",P/S,P/B,P/CF,P/FCF,P/Cash,EV,EV/Revenue TTM,EV/EBIT TTM,EV/EBITDA TTM
1JANATAMF,First Janata Bank Mutual Fund Units,,,,,,,,,,,,,
1STPRIMFMF,Prime Finance First Mutual Fund 2009 Units,,,,,,,,,,,,,
AAMRANET,aamra networks ltd,1887492139.0,13.978496378852828,,,,,,,,,,,
AAMRATECH,Aamra Technologies Limited,1352385539.0,51.937991944142084,,,,,,,,,,,
ABB1STMF,AB Bank 1st Mutual Fund 2011 Units,,,,,,,,,,,,,
ABBANK,AB Bank PLC,4299335034.0,-27.142858499004266,,-0.009973231651017754,0.6759323839184005,,,,,57243807571.99999,8.999751161483625,,
ACFL,Aman Cotton Fibrous PLC,2288916801.0,26.881719855063764,97.96099290780143,,1.2761637053451083,0.6657516848638794,5.571486224993324,5.598293019007928,2.259434629784609,2703042769.0,1.5070557777100089,54.48919494143462,28.766347301055866
ACI,Advanced Chemical Industries PLC,17176747528.0,4.838711339950646,,,0.1121275106565124,2.2908647425656774,,,2.679430778528956,93382454528.0,0.6082310991914301,8.257213088701171,6.924512463420721
ACIFORMULA,ACI Formulations PLC,7919100288.0,28.34705310902568,22.550346361529083,,1.4198601424438013,2.0709737341957513,,,58.99939903846155,12017722288.000002,2.154725269246473,18.41721806013479,17.085181961321574
ACMELAB,ACME Laboratories Ltd.,17033936836.0,7.979414186793628,6.421501313669305,0.5848251912837052,0.4253667900992541,0.6155591281826176,2.990733427621978,5.404347420672315,6.608914165671254,38200150584.0,0.9539236629977441,5.695872426272784,
ACMEPL,ACME Pesticides Ltd,3186000051.0,55.33332824691358,,,,,,,,,,,
ACTIVEFINE,Active Fine Chemicals Ltd.,1607575070.0,-21.590909689918078,,,,,,,,,,,
ADNTEL,ADN Telecom Ltd.,4137706543.0,-11.139894836023114,27.335141549415155,,2.0181356253165257,1.9151547831064941,10.664341400566057,23.724608576874218,15.052393552169345,4370902060.0,2.131874964476795,18.362778406501956,10.203807970909695
ADVENT,Advent Pharma Ltd.,1434244102.0,1.2820500643030373,30.087094220110846,,3.1294493738291242,0.9088908661251589,35.03812803074446,,1578.4663179573408,1510996810.0,3.296920036546447,14.720490420360031,
AFCAGRO,AFC Agro Biotech Ltd.,818035022.0,-7.499998801166868,,,,,,,,,,,
AFTABAUTO,Aftab Automobiles Ltd.,2986923152.0,-14.364642680372354,,-0.3775662031692876,3.561105751087518,0.623822671510741,21.288844167620102,22.413920127871233,11.729924030802154,25874682281.0,30.848625431321537,308.68317993032446,173.73628570022356
AGNISYSL,Agni Systems PLC,2205708395.0,25.75758044742709,56.16942909760589,,3.193033982518613,1.7410106766766218,17.565674298869105,59.985071415386194,54.137607128099326,2211448701.0,3.201344010545088,19.679199809067732,12.921571754162024
AGRANINS,Agrani Insurance PLC,1102172223.0,15.50387647867952,44.40574662603396,,7.640737021566304,1.6097756519854427,27.51942859813758,28.793406629234116,,1191592769.0,8.260639603382629,,
AIBL1STIMF,AIBL 1st ISLAMIC Mutual Fund 2010- Units,,,,,,,,,,,,,
AIL,Alif Industries Ltd.,1771836836.0,-17.34475837868594,,,,,,,,,,,
AL-HAJTEX,Alhaj Textile Mills Limited,2067075484.9999998,-24.703265785405993,,,,6.770010462078802,,,6.516227887144911,2008475110.9999998,,,
ALARABANK,Al-Arafah Islami Bank PLC,18887744629.0,0.5747148507342894,22.400621520134663,0.3943805466650513,1.1813105429929123,0.7941524671746488,,,,64902158697.99999,1.2509763985839595,,
ALIF,Alif Manufacturing Company Ltd.,1507576661.0,-3.389835254243764,,,,,,,,,,,
ALLTEX,Alltex Industries Limited,1360022400.0,,,,2.0922756806383305,0.8612432308154325,10.49100233862253,,90.36602316602317,4427926400.0,6.811978039756156,26.80216633865548,18.86202586381144
AMANFEED,Aman Feed PLC,5029263481.0,58.606562997345605,259.89085948158254,,0.5517102443111987,1.3520538976236145,40.10806023537551,41.882896281340486,33.32584670811967,10553699516.0,1.1577409496326996,20.13816063786931,18.852535491703453
AMBEEPHA,Ambee Pharmaceuticals PLC,2237472159.0,0.6455526962875755,343.9874929430668,,11.830061974396457,62.89627791563276,,,19.42592043817251,2139861159.0,13.57676348713575,491.0258422557447,
AMCLPRAN,Agricultural Marketing Co. Ltd.,1824800049.0,5.812898807623508,48.476683937823836,,0.4751653220860757,2.4751422280851503,9.960726620102044,28.63842881669967,60.976960928080295,2750052049.0,0.716094567961726,9.706210392352187,8.851885076252074
ANLIMAYARN,Anlima Yarn Dyeing Ltd.,,,,,,,,,,,,,
ANWARGALV,Anwar Galvanizing Ltd.,3347747261.0,67.54385370996184,,-0.6369820784684226,5.091563618340793,20.70994356400824,4563.921382289318,,6.584827062079878,3492984623.0,5.312454170565601,,
AOL,Associated Oxygen Ltd,2041945199.0,13.636366454011801,,,,,,,,,,,
APEXFOODS,Apex Foods Limited,1602944599.0,29.296156333449392,39.34131246762453,0.6214927921159269,0.5659389541443947,1.834460240267254,38.43853261742652,44.0522112530492,3.8420260304194054,1240714599.0,0.43804926572494823,15.021459828510146,12.717397065326287
APEXFOOT,Apex Footwear Ltd.,4213613277.0000005,24.715260109618654,27.284731215560804,,0.21457736744836725,0.6107102435091291,,,42.43372701363474,25521971965.0,1.2997011057350027,13.730933790388892,
APEXSPINN,Apex Spinning and Knitting Mills Ltd.,2938320000.0,,107.53852031070929,,0.5913325190893787,4.915863497326909,65.98399889422062,,13.385475387409487,2839722000.0,0.5714898185948194,19.55473234008981,14.180721020432724
APEXTANRY,Apex Tannery Limited.,1615439976.0,47.175130663384046,,,2.8972544306772376,0.4905729304974611,,,61.924070975645506,4280534221.0,7.677039529451905,314.1024081603601,
APOLOISPAT,Appollo Ispat Complex Ltd.,1284187519.0,-2.9411806114531087,,,,,,,,,,,
ARAMIT,Aramit Limited,1332600037.0,3.3266161148225777,,,,,,,,,,,
ARAMITCEM,Aramit Cement Limited,430276000.0,,,,,,,,,,,,
ARGONDENIM,Argon Denims Ltd.,3194438049.0,30.33708850546138,20.317015500481656,,0.608117300614599,0.9816868850440426,6.929299606822759,7.862496960440597,2.6588561735380036,4873854743.0,0.9278237509777594,27.331424841304496,16.526888930672655
ASIAINS,Asia Insurance PLC,2042831767.0,47.36842105655494,18.211166756342866,0.4176741781748464,3.7470373172540574,1.71638929425583,16.780332847398896,16.8502877342491,,2049783185.0,3.75978773514824,,
ASIAPACINS,Asia Pacific General Insurance PLC,2147144955.0000002,31.343283581037525,19.340675977442185,0.35674910933444426,3.6519798559713608,1.931259994081501,18.170752960717216,24.48789051219775,,2147144955.0000002,3.651979779432932,,
ASIATICLAB,Asiatic Laboratories Ltd,,,,,,,,,,,,,
ATLASBANG,Atlas Bangladesh Limited,2905247404.0,61.93771578390409,,,,0.7176091058615458,,,32.7252910441849,2819970839.0,,,
AZIZPIPES,Aziz Pipes Limited.,,,,,,,,,,,,,
BANGAS,Bangas Limited,1020176832.0,,,,,6.258102217553105,,,128.51576386730187,1045567895.0,,,
BANKASIA,Bank Asia PLC,24629726074.0,2.2838515244377806,6.131530079534705,0.16672522972556364,0.8598496031663577,0.6499663688830273,,,,21332271845.000004,0.3545243376521289,,
BARKAPOWER,Baraka Power Ltd.,2543029092.0,-25.68806728454414,12.638230647709321,0.04189177188972381,2.2409442750534416,0.4766634917473377,,,9.321012008582802,2708674631.0,2.3869128413472422,,
BATASHOE,Bata Shoe Co. (Bangladesh) Ltd.,12451536445.0,-0.5788540726048185,51.283344824300315,2.0842939684806034,1.2857766451370232,4.253740923140356,9.81168403749501,11.308424504437966,16.658763120361264,14099814853.0,1.455982028140424,20.412770241843834,9.550055391725929
BATBC,British American Tobacco Bangladesh Co Ltd,129707998352.0,-15.470777150446837,22.17685812378213,,1.6021074479172441,2.2305464848220646,9.12818221226652,18.59527441429424,9.873917434280992,121669514352.0,1.502818909610918,5.974583848563656,4.4568573734012285
BAYLEASING,Bay Leasing and Investment Ltd.,769250851.0,22.222222172149458,,,,,,,3.0407321143891823,4633060267.0,,,
BBS,Bangladesh Building Systems PLC,2313602181.0,41.66666595629455,,-0.06800881165861769,6.1401375683026895,1.3072737817957523,,,153.21607144725607,3533520406.0,9.377714679125239,106.65888719820025,46.63103636170484
BBSCABLES,BBS Cables PLC,4234195251.0,40.49080179389761,,-0.021500749860469928,2.5652046250599416,0.7887943869391426,,,8.382045403017617,7024198467.0,4.25547357833693,,
BDAUTOCA,Bangladesh Autocars Limited,,,,,,,,,,,,,
BDCOM,BDCOM Online Ltd.,1963661355.0,45.75949505495335,42.20734872285207,,2.36874200769833,2.1342800603676624,11.840157862072191,21.919579165230555,3.8884077973405984,1616909977.0,1.9504597934205736,31.859711280167673,14.506597298482545
BDFINANCE,Bangladesh Finance PLC,2447071472.0,26.36363290745588,,,,,,,1.6607536983404132,5503602661.0,,,
BDLAMPS,Bangladesh Lamps PLC,2334030266.0,42.07692074572146,,,1.143838420271577,4.8822110545469135,28.85904318103574,43.44903143267862,30.571152654725513,3599384118.0,1.7639504461350237,24.242542596889272,17.90222230953812
BDTHAI,Bangladesh Thai Aluminium Ltd.,2095514105.0000002,49.99999996989907,,-0.08460204331455781,32.96084914503622,0.6082040646277639,,,277.38364400313037,4233645698.0,66.59203924483718,,
BDTHAIFOOD,BD Thai Food & Beverage Ltd.,,,,,,,,,,,,,
BDWELDING,Bangladesh Welding Electrodes Ltd.,,,,,,,,,,,,,
BEACHHATCH,Beach Hatchery Ltd,1246170719.0,-26.030369595509356,,,,,,,,,,,
BEACONPHAR,Beacon Pharmaceuticals PLC,24740099648.0,-2.2222222222222223,,,,,,,,,,,
BENGALWTL,Bengal Windsor Thermoplastics PLC,2369228311.0,35.35911318711821,45.24485450674237,14.68665305326249,2.3819728168442857,0.9687334626750796,22.180936688378484,26.111293011822426,11.70632282442079,2239859871.0,2.251908396110028,26.14598204499118,14.149483682097813
BERGERPBL,Berger Paints Bangladesh Ltd.,73374169898.0,-8.271905983157179,,,,,,,,,,,
BESTHLDNG,Best Holdings PLC,15782531761.0,-2.4844755461898327,,,,,,,,,,,
BEXIMCO,Bangladesh Export Import Company Ltd.,22920640571.0,-79.29154415952245,,,,,,,,,,,
BGIC,Bangladesh General Insurance Company PLC,2285352888.0,21.341463905991674,27.78509349486437,3.288101105825532,3.551552887906308,1.914003201193032,92.80644609402916,1897.144370017807,,2610828608.0,4.05735846632051,,
BIFC,Bangladesh Industrial Finance Company Ltd.,422855758.0,-20.967738085491007,,,,,,,23.742977909982745,9743917192.0,,,
BNICL,Bangladesh National Insurance Company Ltd,4911750000.0,188.22116818722264,19.80626189240616,0.5817804735154506,4.39088146256793,3.341670485023771,13.819834871817736,14.474955616278494,,4911750000.0,4.3908814625679256,,
BPML,Bashundhara Paper Mill Ltd.,4883539611.0,-13.09523188108028,,-0.005183322895881156,1.3205528917416027,0.8227705679559064,,,91.71776412380171,34736278326.0,9.393001298739408,,
BPPL,Baraka Patenga Power Ltd.,3546407410.0,37.33333587521087,6.020297001318732,0.003917731447747977,0.3027295389705164,0.6920431188999282,,,4.666992309527442,15327004724.0,1.3083485382494973,4.544149992160921,3.715881108501663
BRACBANK,BRAC Bank PLC,144013638308.0,9.045848969191203,6.357343235988617,0.1053865382528934,1.4896927741242656,1.2757390477802748,,,,199552657268.0,1.2083064621445214,,
BSC,Bangladesh Shipping Corporation,17526277413.0,14.485981306521586,6.14904259725364,,2.8043955248754515,1.0030181491716654,12.619257177671072,,1.7775497982654513,21591850344.0,3.454931791946028,7.769443108207553,6.5877102149558935
BSCPLC,Bangladesh Submarine Cables PLC,29009726602.0,25.856708556073457,11.289803324748304,0.15427203581899074,6.7202759062725015,1.6410928806455378,9.242481523198835,9.455957094966301,4.383190332895168,26268530990.0,5.489519211261227,9.213706116762122,7.89632896872382
BSRMLTD,Bangladesh Steel Re-Rolling Mills Ltd.,29112000961.0,29.253368933976578,4.4933928784307975,0.1879367003280453,0.2692059994660447,0.5521842578015325,2.4830216324139056,2.909817352652537,10.080582512304572,53169548502.0,0.4916721948598011,7.043371537636197,
BSRMSTEEL,BSRM Steels Limited,35151560120.0,53.051644311899196,5.819141816018444,0.15724634202286275,0.26940727842854656,0.9644785329572791,3.7209869631051853,4.441264675763152,4.978468031898219,68828491691.0,0.5275127841895241,6.862640566133611,5.606650918711061
BXPHARMA,Beximco Pharmaceuticals Plc,64820088193.0,39.10195961130335,7.566223799306816,0.2593210259896102,1.2020112259693239,1.089863356988643,6.251238991075459,9.034858875501712,12.507492870202878,66798782193.0,1.238703777999418,5.894670802321909,4.976129154684896
CAPITECGBF,CAPITEC GRAMEEN BDT10 (MUTUAL FUND) Units,,,,,,,,,,,,,
CAPMBDBLMF,CAPM BDBL Mutual Fund 01 Units,,,,,,,,,,,,,
CAPMIBBLMF,CAPM IBBL Islamic Mutual Fund Units,,,,,,,,,,,,,
CENTRALINS,Central Insurance PLC,2402146130.0,0.24096016018627983,23.161401134648415,2.2730667065336174,4.8889591701105015,0.8684170571941425,23.1480304964482,28.103883697107907,,2502163909.0,5.092520267320181,,
CENTRALPHL,Central Pharmaceuticals Ltd.,1245928793.0,3.603600022463706,,,,1.5734543408784922,,,1026.6391253239854,1513166606.0,,,
CITYBANK,City Bank PLC,54406508468.0,46.155368567171685,3.5219614616140063,0.07802943232037146,1.0284734044414856,0.8297784066126955,7.719427912544083,32.659479196487545,,116903394569.0,1.1050784325114549,,
CITYGENINS,City Insurance PLC,8548030901.0,119.75561076169025,28.198596773472765,0.5486732853326789,10.119572353430367,4.79819995262633,28.439967776279037,28.717758766428545,,8548030901.0,10.119571408956247,,
CLICL,Chartered Life Insurance PLC,1781250000.0,8.141957375592723,0.7566585956416465,0.012046037465222006,1.9875633178255347,4.7,47.286604741828285,48.49480383335947,,1802340739.0,2.011096892103282,,
CNATEX,C & A Textiles Ltd,813674403.0,3.124997025213237,,,,,,,,,,,
CONFIDCEM,Confidence Cement PLC,5606496468.0,27.96296012028163,6.151572441723208,2.6425727034177227,1.2972616030419906,0.6760450248095867,20.936658015443534,21.057528068995687,19.705021010601822,11365533101.0,2.629818833295068,39.01312678135999,
CONTININS,Continental Insurance PLC,1542100714.0,36.326536781810994,20.44125311251375,0.5904534900412659,4.178088601223511,1.4889174768542925,31.46259815632661,88.45476040193233,,1542100714.0,4.178088279352906,,
COPPERTECH,Coppertech Industries Ltd,1690415863.0,28.63850042223322,36.72235023041475,,0.8959898761989318,1.7527736784258305,34.04899965626153,41.71547904039117,31.091402463127757,2393107984.0,1.2684454751462566,13.768667390644575,10.847325475292443
CROWNCEMNT,Crown Cement PLC,9860400227.0,39.0,24.349065806257975,,0.28828486409421045,1.042129656986797,3.1733677869146715,9.239076870540273,19.39270912370598,23247469727.0,0.6796776652856347,11.677130234681968,7.212452501063681
CRYSTALINS,Crystal Insurance Company Ltd,3005200134.0,51.447656333775576,,,4.266717515171857,2.4059890511692403,,,,3020286758.0,4.28813736563297,,
CVOPRL,CVO Petrochemical Refinery PLC,5248601925.0,36.498935344439545,27.841073205173466,0.18219743697358973,4.17255209210685,5.438492995158331,19.078621843254982,19.324897409265184,38.822318162620704,5328563970.0,4.236120446039263,21.790364893548894,19.46655652129121
DACCADYE,Dacca Dyeing and Manufacturing Company Limited,1420601169.0,3.0303030303030303,,,,,,,,,,,
DAFODILCOM,Daffodil Computers PLC.,8205576188.999999,202.2099602076202,3370.4453441295545,,15.421151826875043,12.656957677870164,141.25197338489508,166.78420531673356,166.9592459029258,8356782844.999999,15.705322701865986,121.82518972175113,100.9705829900804
DBH,DBH Finance PLC,9007337987.0,15.03956917293784,8.224696469535052,1.2573686000577307,1.0484612464176921,0.8682686781623339,6.741767722769384,7.10929770396963,0.6683405536310028,908829822.0,0.1057885074515615,0.5118904088960524,0.485550683491671
DBH1STMF,DBH First Mutual Fund Units,,,,,,,,,,,,,
DELTALIFE,Delta Life Insurance Company Ltd.,9516375189.0,13.706297978385251,4.7458329271858855,0.08369786504344788,0.6622383047519639,1.7741835567119257,,,,9540013433.0,0.6638832878255538,,
DELTASPINN,Delta Spinners Limited,,,,,,,,,,,,,
DESCO,Dhaka Electric Supply Co. Ltd.,9859730580.0,6.122448973725291,,,1.1737065323373514,1.0200440708197342,1.201213691024927,2.183326219166733,0.4822337608433755,36711494940.0,4.370151763229892,29.14461871174091,9.888955655402436
DESHBANDHU,Deshbandhu Polymer Limited,1215029932.0,26.595745730235873,,,11.596421999364525,1.7243198587601885,98.2904758671701,,91.11897108745981,2554815617.0,24.38353024765214,,
DGIC,Desh General Insurance Company Ltd,1351999969.0,43.64407197599462,,,,3.053443106067017,,,,1428400674.0,,,
DHAKABANK,Dhaka Bank PLC,13000268390.0,-3.1496033426087737,4.862301223546291,0.025960150261533754,0.6601732552574076,0.5201185699808878,,,,51516298267.0,1.1425363280118488,,
DHAKAINS,Dhaka Insurance Limited,1873837531.0,10.904261857996934,27.781061591204633,,6.178491178352547,1.2412016627876914,25.104453295393544,25.877172159366744,,1877137053.0,6.189370595112541,,
DOMINAGE,Dominage Steel Building Systems Ltd,6422759748.0,578.7401436438931,,,64.09925406358845,3.7415424936113904,96.19526047689467,438.05588202862145,787.5674801394607,6474716872.0,64.61778453003551,,
DOREENPWR,Doreen Power Generations & Systems Ltd.,6031259623.0,24.90119103899348,7.726218097447796,0.1202701478901561,0.443614763666318,0.5919228658736558,6.121381621746225,,114.20639791717393,20927616005.0,1.539280406854646,7.653329302852142,5.507626090120343
DSHGARME,Desh Garments Limited.,1543288908.0,,,,,1.1979205636453274,,,74.47599605977608,1767314908.0,,,
DSSL,Dragon Sweater & Spinning Ltd.,2613836516.0,34.28571794277762,,,,,,,,,,,
DULAMIACOT,Dulamia Cotton Spinning Mills Limited,,,,,,,,,,,,,
DUTCHBANGL,Dutch-Bangla Bank PLC,49127753331.0,12.8191483219112,3.7361163109946336,0.01529459210226139,0.8673583807988942,0.7832706471532527,1.3377300998896255,1.40589595427619,,24077984694.0,0.30221611674855736,,
EASTERNINS,Eastern Insurance PLC,2810781360.0,24.731182793016952,,,,1.3303419663741018,,,,2826642839.0,,,
EASTLAND,Eastland Insurance PLC,2432536736.0,41.02564104915525,,,5.126079886408888,1.3021828673622309,,,,2432536736.0,5.126079648284219,,
EASTRNLUB,Eastern Lubricants Blenders PLC,4808333521.0,14.168617219479012,47.78449598411696,0.9300849329741036,5.923706902286804,12.351051238907855,,,10.697121100159622,4360398521.0,5.371920385806614,56.8938103756475,
EBL,Eastern Bank PLC,39448505859.0,-3.3384639268961496,4.280440171931013,0.12705899979530516,1.2344108916145167,0.7815089766074825,3.6358662864648514,4.100493677481837,,125689445537.0,1.694560105549107,,
EBL1STMF,EBL First Mutual Fund Units,,,,,,,,,,,,,
EBLNRBMF,EBL NRB Mutual Fund,,,,,,,,,,,,,
ECABLES,Eastern Cables Ltd.,3706559785.0,23.914961910427866,,,13.480940201306684,0.41716335333065,49.04438227025747,50.2444969393689,101.18142378674015,4230067452.0,15.384962436303725,,
EGEN,eGeneration PLC,1979999971.0,32.8358221212346,35.88484104243417,,4.95060522386513,1.1087455997976434,64.15309475016932,140.1331353590179,88.35605991548726,2074337226.0,5.186477124794699,28.51096127345484,
EHL,Eastern Housing Ltd.,8494408302.0,23.643404460587927,10.319432319298011,,2.6963994917702387,0.9793022036317667,,,1.9911231134175347,4193638974.0,1.3311963316887139,6.200211591194941,5.638957679233342
EIL,Express Insurance Ltd.,2131957121.9999998,-9.455590266831042,20.25862068965517,0.491882547248136,4.803215091800224,1.5826316518633683,29.18512451550575,31.89298104394146,,2131957121.9999998,4.803215202645878,,
EMERALDOIL,Emerald Oil Industries Ltd.,2601252308.0,24.884790018947687,,,,,,,,,,,
ENVOYTEX,Envoy Textiles Ltd.,10718252169.0,33.563214879892136,7.818930041152262,0.4235201561769437,0.6064803391501961,1.0554419058470663,3.5213434027646793,4.944576031789511,67.16549273869732,20484419881.0,1.1590881019835597,7.162080861480112,5.7731604679232715
EPGL,Energypac Power Generation PLC,3651134032.0,18.023246145798577,,-0.018176248057353434,1.474940540087675,0.753637490847271,,,15.867810790035138,18835620374.0,7.608984499299478,398.3835145511475,43.935350599664545
ESQUIRENIT,Esquire Knit Composite PLC,3426354374.0,20.547945573191324,,,0.29574476657369186,0.40079114600491383,,,13.10854803538106,10141804883.0,0.8753869504647064,16.01729750268755,10.596384921808522
ETL,Evince Textiles Ltd.,2451556675.0,63.333331173284826,20.983401190103354,0.15809569705009227,0.7574815937429712,1.046257054427229,3.690598141810507,8.257165557274506,68.87511549843784,5304714721.0,1.6319849620492775,14.52392495887975,9.440092374091492
EXIM1STMF,EXIM Bank 1st Mutual Fund 2013- Units,,,,,,,,,,,,,
FAMILYTEX,Familytex (BD) Ltd.,991649019.0,21.739130888476886,,,,,,,,,,,
FARCHEM,FAR Chemicals Industries Ltd,3016017332.0,12.17390973263712,,,1.1001288611483542,0.6459133676385099,,,11.773581751410394,6159878290.0,2.246890138283705,,
FAREASTFIN,Fareast Finance & Investment Ltd.,344532965.0,-45.94594667612419,,,,,,,,,,,
FAREASTLIF,Fareast Islami Life Insurance Company Limited,1547175025.0,-23.94365960770805,,,,,,,,,,,
FASFIN,FAS Finance & Investment Limited,372693405.0,-24.137931768286833,,,,,,,0.24543126123285633,9188595732.0,,,
FBFIF,First Bangladesh Fixed Income Fund Units,,,,,,,,,,,,,
FEDERALINS,Federal Insurance PLC,2095669449.0,29.245276550575994,,,,,,,,,,,
FEKDIL,Far East Knitting & Dyeing Industries PLC.,4921743851.0,64.41718092453044,,,0.5200855698293612,1.1905547933347647,,,11.25409967016451,5830173004.0,0.6160801827444348,748.9069242932802,28.965523325894598
FINEFOODS,Fine Foods Limited,6087038749.0,87.16763474908568,,,,,,,,,,,
FIRSTFIN,First Finance Ltd.,634806644.0,50.0,,,,,,,,,,,
FORTUNE,Fortune Shoes Ltd.,2986589584.0,27.950309899834956,,-0.10097190768225642,2.0075855960887883,1.2689655972549736,,,18.74309696257787,3526545661.0,2.3705440704161895,27.77092751098223,
FUWANGCER,Fu-Wang Ceramic Industry Ltd.,2139424667.0000002,25.757580487286145,,,2.283602731471498,1.3070458931286015,,,6.896078254645421,9428322503.0,10.063706573181204,44.97688407962449,
FUWANGFOOD,Fu-Wang Foods Limited,1274651711.0,-14.666665389141217,,,,,,,,,,,
GBBPOWER,GBB POWER Ltd.,1659397923.0,10.810806871629845,,,,0.6919610322880796,,,2.067355160651228,965066318.0,,,
GEMINISEA,Gemini Sea Food PLC,1349536653.0,-13.94230915133863,,,,,,,,,,,
GENEXIL,Genex Infosys PLC,4577100754.0,67.7685834581649,17.584726409061844,102.52913916932431,2.5781004578739557,1.6161965563678984,6.451484870059745,,20.918501787014634,8099696198.0,4.562239591889321,12.288023191312643,
GENNEXT,Generation Next Fashions Ltd.,1583918578.0,14.814809291536918,,,,,,,,,,,
GHAIL,Golden Harvest Agro Industries Ltd.,3151229498.0,23.622047614077054,,,3.28388026687332,1.2042589239738883,60.35887482132087,399.72584443666756,11.70991973901387,5565552825.0,5.799834778755399,22.546785097168208,17.192589728990146
GHCL,Global Heavy Chemicals Ltd.,1605599945.0,28.865981872409442,,,19.21418621566902,0.32841082004181765,,,61.41053213819719,2681113194.0,32.084833193076314,,
GLDNJMF,ICB AMCL CMSF GOLDEN JUBILEE MUTUAL FUND,,,,,,,,,,,,,
GLOBALINS,Global Insurance PLC,1865381035.0,40.92409848334762,22.722932976895166,0.721681395372735,3.335128215712164,2.9188862364089356,29.63549439639485,31.49252731970301,,1938752635.0,3.466309711837121,,
GOLDENSON,Golden Son Limited,2575946732.0,42.73505156519459,,-0.032609365601793054,16.750952366014438,1.010758815309265,,,59.31266562162983,7448673702.000001,48.4374867634819,,
GP,Grameenphone Ltd.,335549562134.0,-16.848175543541714,11.729887413816668,,2.149933129443422,5.996083393980742,6.08161806547214,8.755216996443178,29.247216140416707,403785146134.0,2.5871322095552944,7.359292972548007,4.449848125813273
GPHISPAT,GPH Ispat Limited,8709902710.0,3.174605257878463,,,0.19699719527377627,0.35186502069005204,,,2.8373883019963606,75720367460.0,1.7126139488706085,13.45780017537604,9.730347793723801
GQBALLPEN,G.Q. Ball Pen Industries Limited,4761350848.0,183.92939321839484,,,,,,,,4761350848.0,252.4178773544145,,
GRAMEENS2,Grameen Mutual Fund One - Grameen Two Units,,,,,,,,,,,,,
GREENDELMF,Green Delta Mutual Fund 2010 Units,,,,,,,,,,,,,
GREENDELT,Green Delta Insurance PLC,6943042169.0,39.83227648311338,13.27760497667185,,2.3563485798284596,0.9697880494850325,8.538760457199544,,,6943042169.0,2.3563486900599777,,
GSPFINANCE,GSP Finance Company PLC,675394958.0,-13.72548676692589,,,,,,,,,,,
HAKKANIPUL,Hakkani Pulp & Paper Mills PLC,1493400000.0,,731.5689981096408,,1.4534833911506937,3.1824231561990026,77.847384823349,,9.082712550064933,2153803863.0,2.096235531449515,19.572770061803425,13.711173128236926
HAMI,Hami Industries PLC,,,,,,,,,,,,,
HEIDELBCEM,Heidelberg Materials Bangladesh PLC,12300832121.0,-6.482244901805444,,,0.9003138931097899,3.048330862444775,17.84117518590689,17.84117518590689,11.11065184005098,11485022121.0,0.840603886985874,,33.70136894785028
HFL,Hamid Fabrics PLC,1438705547.0,83.52941626090455,,,,,,,,,,,
HRTEX,H.R. Textile Mills Ltd.,601962919.0,-24.028266452379086,,,,,,,,,,,
HWAWELLTEX,Hwa Well Textiles (BD)PLC,2738400085.0,13.98103698324958,14.679448771719592,,1.91792846647485,1.2296891120063582,25.464623350890715,42.783750282600394,1.919761592699534,1309055936.0,0.9168403607443307,11.953847664081465,7.771618549401813
IBNSINA,BN SINA Pharmaceutical Industry PLC,9913602640.0,5.2221883663358915,12.553759395518664,0.5093500048494723,0.7356787728590093,2.281160928131701,11.862056787012317,,26.220532673489945,13213505209.0,0.9805613001903626,11.99874778380578,10.029346469491166
IBP,Indo-Bangla Pharmaceuticals Ltd.,2010349479.0,54.8872187364108,,,8.303816009356636,1.3778273335457154,,,1271.1277681107372,2026914016.0,8.372235967375147,,
ICB,Investment Corporation of Bangladesh,37985939646.0,-0.8385776094881555,,,6.226648459999435,1.4950473994879292,3.167876051559506,3.2629624128408854,2.7874181718607423,85392887493.0,13.997585857399056,,
ICB3RDNRB,ICB AMCL Third NRB Mutual Fund 2010 Units,,,,,,,,,,,,,
ICBAGRANI1,ICB AMCL First Agrani Bank Mutual Fund Units,,,,,,,,,,,,,
ICBAMCL2ND,ICB AMCL Second Mutual Fund Units,,,,,,,,,,,,,
ICBEPMF1S1,ICB Employees Provident Mutual Fund One Scheme One Units,,,,,,,,,,,,,
ICBIBANK,ICB Islamic Bank Limited,1728225840.0,-6.896553151649771,,-0.28973809122232097,7.96250275068959,,,,,8732723552.0,40.234515687474925,,
ICBSONALI1,ICB AMCL Sonali Bank Ltd 1st Mutual Fund 2013- Units,,,,,,,,,,,,,
ICICL,Islami Commercial Insurance PLC.,,,,,,,,,,,,,
IDLC,IDLC Finance PLC.,20898825253.0,23.36207570514591,7.626761157512867,0.4756507645217172,0.923666344922002,0.9195767098888066,4.492861025229434,5.851183832787477,1.869387134257398,37246698672.0,1.6461940339282304,4.962512287353506,4.772421463763693
IFADAUTOS,IFAD Autos PLC,6572220703.0,11.206889606680758,,-13.002939010300452,0.6227975623277253,0.6984937680386015,8.426755405809963,8.482417143186579,2.2216175518768155,33122387853.999996,3.1387476137044996,77.17689527151306,62.76573146783984
IFIC,IFIC Bank PLC,9226016382.0,-27.53623288394271,,-0.002183711775412947,0.32546215941264844,,,,,-19441725450.000004,,,
IFIC1STMF,IFIC Bank 1st Mutual Fund Units,,,,,,,,,,,,,
IFILISLMF1,IFIL Islamic Mutual Fund - 1 Units,540000000.0,16.3265306122449,,,,,,,,,,,
ILFSL,International Leasing and Financial Services Ltd.,465801518.0,-33.333333333333336,,,,,,,,,,,
INDEXAGRO,Index Agro Industries Ltd,3597184143.0,14.853376544950704,15.040045650003055,,0.8758543760111417,0.8821347277915111,6.256918032811088,9.142503351207772,64.04759610387825,5993205390.0,1.459245668504357,8.903564420525731,6.848708684978036
INTECH,Intech Ltd.,814351200.0,,,,,,,,,,,,
INTRACO,Intraco Refueling Station PLC,2207995641.0,-4.020523840743676,,,1.8470137662747141,1.6897940163426157,,,133.58169872740302,2598718685.0,2.1738580448480063,33.535601333000564,
IPDC,IPDC Finance PLC,14648842350.0,81.26314179440801,28.94295302013423,1.1515315707866947,1.270265626926866,2.028595553318547,16.14543845146987,16.821455413995064,1.2933660043895407,20632619056.0,1.7891451243270435,9.159685818529507,8.413614522748285
ISLAMIBANK,Islami Bank Bangladesh PLC,45723732442.0,-27.765235776303513,,-0.006209324919835152,1.7353585571031203,0.7938364979930649,,,,403519390386.00006,3.0932239494092313,,
ISLAMICFIN,Islamic Finance & Investment PLC,1627789488.0,40.90908359881707,,,,4.930226576064822,,,1.196616091420968,395955141.0,,,
ISLAMIINS,Islami Insurance Bangladesh Limited,2605758049.0,50.88607213109623,,,,2.446201999595406,,,,2628190507.0,,,
ISNLTD,Information Services Network Ltd.,,,,,,,,,,,,,
ITC,IT Consultants PLC,5940981296.0,36.66666472054939,14.07304725168756,,3.8193910052355733,1.8866255218014325,14.625252234797875,,13.905981509335344,6947638318.0,4.466559808282084,15.372352150952498,
JAMUNABANK,Jamuna Bank PLC,22825904093.0,22.222230785459715,3.6924839113201005,0.030433268977141447,1.1334077385245407,0.8022799157900803,,,,27886742982.0,0.7644008607442658,,
JAMUNAOIL,JAMUNA OIL PLC,19832258599.0,-3.0351420976916472,3.6998722834525837,,12.131775662814757,0.6395862506234543,,,0.36493581853983414,-34603027089.0,,,
JANATAINS,Janata Insurance PLC,1667801440.0,,30.10641058915131,0.9624696611460174,3.383322874185167,2.184196833793291,29.844222967512195,28.696133025779986,,1667801440.0,3.383320920226711,,
JHRML,JMI Hospital Requisite Manufacturing Ltd,6352412020.0,1.1999969596658038,51.85488829678213,,3.9903787577588163,1.467633603240628,37.460330367123305,,12.219392018083493,7239601253.0,4.547682294874214,25.51657342676814,17.337971926553074
JMISMDL,JMI Syringes & Medical Devices Ltd.,4307024857.0,4.6494991729146715,,,2.5728543116263127,1.7363577147699651,49.80525909790978,56.84283438241922,21.842525225646796,4134340740.13,2.4696993616047433,155.29288514194192,44.96811638418706
JUTESPINN,Jute Spinners Limited,,,,,,,,,,,,,
KARNAPHULI,Karnaphuli Insurance PLC,2571400530.0,,23.11810512654121,1.5504273463719538,4.966360840465454,2.1947692103913465,17.885607550637783,19.91637134757816,,2571400530.0,4.966359401778203,,
KAY&QUE,Kay and Que (Bangladesh) Ltd.,2923794205.0,,27.496988425077255,0.03674125022716294,6.417684758124351,3.7630672510291987,186.5057951736139,,230.6809117842903,3014348617.0,6.616451290672284,25.192973636437564,
KBPPWBIL,Khan Brothers PP Woven Bag Industries Ltd,3658379156.0,-66.96721374058433,55.31103286384977,0.2443541412595551,15.621633454140047,3.136546254905533,38.3319078429376,,52.64461589153488,3592566130.0,15.340604382639256,39.37251212497619,33.14964382666723
KDSALTD,KDS Accessories Ltd.,3624961681.0,27.791565686732635,22.407140532750688,,1.3830945706436355,1.7075516649514393,,,39.55584022298337,4091056659.0,1.5609318586977163,23.499037213377896,15.503842743415298
KEYACOSMET,Keya Cosmetic Ltd.,5952513972.0,18.749991306194477,,,,,,,,,,,
KOHINOOR,Kohinoor Chemical Company (Bangladesh) PLC,22823387247.0,14.911482906657321,32.78823384239319,1.9082185410379604,3.223338623582678,8.548451489376175,44.95526526943212,50.00523615968261,13.00067355787597,21404989696.0,3.0230188832026967,23.52987894390861,
KPCL,Khulna Power Company Ltd.,4689475570.0,-5.405408653829642,13.149022252191502,0.07942546221659189,,0.5966441063801142,9.065812112516374,9.067113274433508,3.396249196662629,3324537286.0,,,
KPPL,Khulna Printing & Packaging Ltd,1080992027.0,-18.279572599355806,,,,,,,,,,,
KTL,Kattali Textile Ltd.,1372401457.0,8.928571636942962,,,,,,,,,,,
LANKABAFIN,LankaBangla Finance PLC,9214140660.0,12.121212120530453,,,,,,,,,,,
LEGACYFOOT,Legacy Footwear Ltd.,3071602630.0,29.761911641760346,313.4523291249456,2.95887641081683,34.06732830163006,6.507115802259596,,,37.597830879938456,2990521620.0,33.168054579727134,438.72513456536376,
LHB,LafargeHolcim Bangladesh PLC,65153053550.0,6.618956793195493,13.109100786546048,0.42431561338945795,2.1886833927766256,3.4727284445242583,17.331504514225653,,22.800101608940878,62412472550.0,2.0966191935548295,10.076046444197365,8.05510144172989
LIBRAINFU,Libra Infusions Ltd.,1374481946.0,-17.940195239404073,,,,,,,,,,,
LINDEBD,Linde Bangladesh Limited,10846068227.0,-22.88235128927269,,,,3.3954182637831436,,,9.738941584082975,9755976007.0,,,
LOVELLO,Taufika Foods and Lovello Ice-cream PLC,6332287697.0,-22.400833254174906,20.82798459563543,0.25171944742141766,4.012435135304507,4.825016932166507,11.423161636262323,25.047483254818648,50.35404346195573,8374224510.0,5.3063024467622775,17.409237883124195,
LRBDL,Lub-rref (Bangladesh) Ltd,2251268570.0,10.416666925651315,,-0.003935634640586575,6.005133821876637,0.5180978463853002,,,9.09806252014919,6112216626.0,16.303997059836256,,
LRGLOBMF1,LR Global Bangladesh Mutual Fund One Units,,,,,,,,,,,,,
MAGURAPLEX,Magura Multiplex PLC,2685026384.6,,36.650505382529374,,2.3698567344506767,1.1779264506421745,26.623770112184822,69.5404881278338,33.16637720655548,5193523823.6,4.583905573323462,19.84251159846506,18.579118145764223
MAKSONSPIN,Maksons Spinning Mills PLC,1548511436.0,3.0769201887896163,,,,,,,,,,,
MALEKSPIN,Malek Spinning Mills PLC,9563840597.0,79.1164624881584,8.76110562685094,,0.4190212110981483,0.7747760359433725,3.416557752715094,24.334802319185123,9.878399220904647,17137900474.0,0.7508640684385142,8.765585549681052,6.638364765186586
MARICO,Marico Bangladesh Limited.,85872153076.0,-0.7387653869116099,13.807050016100414,6.736994495163281,4.104796979632597,18.748112718041156,20.936282185078735,22.86871363653057,49.510970766636014,84263220194.0,4.027888107453323,11.874029879300462,11.456961661871544
MATINSPINN,Matin Spinning PLC,6453837561.0,24.042551555588933,16.129800819594017,5.075477383943914,0.7449225849007862,0.9917915696544595,17.623965683591727,60.38469934516262,14.51961662546705,11772808131.0,1.3588550974606912,11.527863284970516,8.064539652880747
MBL1STMF,MBL 1st Mutual Fund 2010- Units,,,,,,,,,,,,,
MEGCONMILK,Meghna Condensed Milk Industries Ltd.,,,,,,,,,,,,,
MEGHNACEM,Meghna Cement Mills PLC,944497023.0,-25.34884071092594,,-0.006000113816888766,4.940954633294384,,,,24.966334583420604,16046131647.0,83.94225133844837,,
MEGHNAINS,Meghna Insurance PLC,,,,,,,,,,,,,
MEGHNALIFE,Meghna Life Insurance PLC,2412857085.0,12.01478776062779,7.315809918425482,,0.6802522363958828,5.630580129134615,,,,2415854843.0,0.6810974396774069,,
MEGHNAPET,Meghna Pet Industries Ltd.,,,,,,,,,,,,,
MERCANBANK,Mercantile Bank PLC,7967342074.0,-16.48352102575146,,,0.7034548175959503,0.2934956405563024,,,,18247531172.0,0.4057854549535757,,
MERCINS,Mercantile Islami Insurance PLC,1840171896.0,56.985292415208264,27.915035615735096,,5.3421156634200875,1.9585366534506714,230.86282548839424,,,1850800582.0,5.372971367192603,,
METROSPIN,Metro Spinning Ltd.,604643084.0,-11.60714485341359,,,,,,,,,,,
MHSML,Mozaffar Hossain Spinning Mills Ltd.,2161258244.0,49.99999390668364,25.483832191369157,59.18720198741841,0.7478624007044634,1.0495231353018493,,,8.509038823125108,6318713991.0,2.186471105952468,10.940024915437347,8.196434731958226
MIDASFIN,MIDAS Financing PLC,834576538.0,-20.000000018532354,,,,,,,0.7658818263376803,2538045682.0,,,
MIDLANDBNK,Midland Bank PLC,,,14.751426242868785,,2.742602899638912,1.173025089127224,0.8896762105666643,0.9649138623079546,,,,,
MIRACLEIND,Miracle Industries Limited,1042455760.0,,,-0.7395961097417834,2.125116424267159,3.2976055345934525,,,461.53868856448884,1867224756.0,3.8064685517109624,,
MIRAKHTER,Mir Akhter Hossain Ltd,4565164324.0,54.77940181267621,28.1133318690973,,5.047315821380112,0.743716611433442,536.8711723786647,,15.41237836777138,25862008163.0,28.59343264472898,143.05131400350896,
MITHUNKNIT,Mithun Knitting & Dyeing (CEPZ) Ltd.,,,,,,,,,,,,,
MJLBD,MJL Bangladesh PLC,29394590713.0,-0.21163698131499886,10.021240673165948,,0.747386450793504,1.6795676938805315,3.7039033977588876,,10.079498657931177,60218509625.0,1.5311151161233318,13.446529661225192,9.467646459055747
MLDYEING,M.L. Dyeing & Textile Ind. PLC,3509754958.0,84.53608220901998,,,4.7220362057678,1.1651099277142989,301.51556514582984,58.81400263085812,123.89191522648262,3827208898.0,5.149140103607072,,
MONNOAGML,Monno Agro & General Machinery Ltd.,1504447390.0,-1.727068517765324,,,15.35198378937235,3.062796544659549,,,581.2044461345685,1573651822.0,16.05817207813803,10543.730800670017,253.7746972252773
MONNOCERA,Monno Ceramic Industries Limited.,3387643660.0,8.54503654507228,,,9.333361501486523,1.1137318522819903,,,96.62022690791721,4682495888.0,12.900833485769477,58.08830432368407,29.5847110880625
MONNOFABR,Monno Fabrics Ltd.,2576000000.0,,,,1.4772361165957717,0.870424853977369,9.375169536467604,15.449370925201823,168.89092324424212,6933313468.0,3.9759864373484075,17.920661115071187,15.176405353025359
MONOSPOOL,Monospool Bangladesh PLC,,,32.17026205298972,4.987832760657688,2.328374139611798,2.65603932181347,56.965600219775936,,37.8777009061309,,,,
MPETROLEUM,Meghna Petroleum PLC,22876885042.0,2.9693471532890903,3.469116641237439,0.6023162684758409,0.09251075368220774,0.7032834470941528,1.9173242787962197,1.980258187106044,0.393803404879922,-41145968839.0,,,
MTB,Mutual Trust Bank PLC,16351247131.0,11.999993450963638,4.95485575864347,2.0565356857832824,0.7541249745405204,0.5368440014840754,5.232052028378371,7.107371724825808,,81364982578.0,1.6790969325271317,,
NAHEEACP,Nahee Aluminum Composite Panel PLC,2283229221.0,81.7307722941326,,,7.045126904502939,2.8138809245513605,,,92.36246107498654,2389209590.0,7.372139293513497,,
NATLIFEINS,National Life Insurance PLC,10949868746.0,3.7037005914759065,1.1601954182619354,0.028887404462718293,0.3526658532112576,21.392367796226047,1.1190480841420856,1.143769363729303,,10974158699.0,0.35344819519718057,,
NAVANACNG,Navana CNG Limited,1631939915.0,4.090907391314402,1611.9402985074628,,0.3784284436813093,0.7893499155285959,,,6.567059014744295,14786299905.0,3.428776112335931,25.10835404526758,18.57573124660553
NAVANAPHAR,Navana Pharmaceuticals PLC,,,11.96630117874327,0.2836540582596762,0.6879120763197469,1.3630254193034963,4.342711988572744,6.0933973739797125,23.16713731741945,,,,
NBL,National Bank PLC,11591061900.0,2.702700089167889,,-0.0023892628796356643,0.6700844649675979,,,,,112965840463.0,6.530605376317606,,
NCCBANK,National Credit and Commerce Bank PLC,17669051697.0,38.372868309819864,2.9239203616427814,0.024781458501296965,0.875847333671224,0.5760558592271073,4.428745476306768,4.789476073628024,,37779139976.99999,0.90366776186378,,
NCCBLMF1,NCCBL Mutual Fund-1 2012- Dividend Units,,,,,,,,,,,,,
NEWLINE,New Line Clothings Ltd.,502608943.0,-7.042253604484698,,,,,,,,,,,
NFML,National Feed Mill Ltd,1755192898.0,99.05660015111464,1107.7844311377246,,14.919426408632475,1.6844857947768193,,,179.4707864822953,2411397724.0,20.49727472435521,125.22161889885466,83.67321833373063
NHFIL,National Housing Finance PLC,3784788781.0,33.203126094298135,35.916359163591636,,1.952480039812297,1.6699302746920923,14.500175448612906,14.55913389500724,0.8885731456795114,3323915543.0000005,1.714726696260097,9.844782116611446,9.538194849611216
NITOLINS,Nitol Insurance PLC,1954694358.0,26.909096488314994,22.388059701492537,2.7685242764259406,4.498124332857498,1.4400607443804903,142.4216537705286,6.571462584587085,,1954694358.0,4.498124406495601,,
NORTHERN,Northern Jute Manufacturing Co. Ltd.,243545389.0,15.384618881382902,,,,,,,,,,,
NORTHRNINS,Northern Islami Insurance PLC,1796182988.0,30.735289856449427,26.107956399712812,,5.199930165955836,1.5165940028565048,,,,1796182988.0,5.459926877444962,,
NPOLYMER,National Polymer Industries PLC,2444953950.0,,,,,1.1397882436270232,,,7.986858641001835,7559594342.0,,,
NRBBANK,NRB Bank PLC,4557875178.0,-38.39285524691797,,,,0.5200144380479269,,,,-1558636509.999999,,,
NRBCBANK,NRBC Bank PLC,8120765612.0,15.492956597868695,46.80038204393505,,0.8082689546165525,0.5783331612103687,1.2235239994096927,1.2494797466253296,,8007294960.419999,0.33248734577841993,,
NTC,National Tea Company Limited,4914699909.0,178.19327147036466,,,,,,,,,,,
NTLTUBES,National Tubes Limited,2287792420.0,-14.199034425376174,,,,0.4918434852573408,,,481.68582917571547,2628951601.0,,,
NURANI,Nurani Dyeing & Sweater Ltd.,490500000.0,,,,,,,,,,,,
OAL,Olympic Accessories Ltd,1169736056.0,-10.526312133382088,,,,,,,,,,,
OIMEX,Oimex Electrode Ltd.,1154739504.0,-31.428574536906957,,,0.4457497600613172,4.620220776372542,,,3.375209241631388,6296510053.000001,2.4305635588043812,13.790863629307086,
OLYMPIC,Olympic Industries PLC.,29510978918.0,-3.89369773385152,15.674344182912966,6.020357254416901,1.022669466036968,2.2303320363755326,11.728111478896203,73.0485502384373,4.712875359531968,24145719848.0,0.8367424863836934,11.399027878150672,9.142526323036238
ONEBANKPLC,One Bank PLC,8739739372.0,-1.2345725581289242,38.42504743833017,,0.7951549113952742,0.352309782076827,3.972231551561234,5.064139822512084,,12765421784.999998,0.3737620153889476,,
ORIONINFU,Orion Infusion Ltd.,4829335077.0,-15.05471546005005,133.81492948056416,,7.457829087197899,14.3969385224818,71.23405320086347,72.02275861755385,264.5175427468406,5106999001.0,7.886618992078993,69.10926303826952,56.209605196511326
ORIONPHARM,Orion Pharma Ltd.,6505199821.0,-6.666667874101208,,-0.015855375764268393,1.730445048102956,0.3217830007774277,9.381694380191865,24.29123388823043,19.2181781710041,34643224348.0,9.215427046565248,,78.24118166975217
PADMALIFE,Padma Islami Life Insurance Ltd.,676512004.0,-16.509433284694886,,,2.8654458527975106,,,,,2216512004.0,9.388296334045371,,
PADMAOIL,Padma Oil PLC,19469730738.0,4.672897045747966,3.292401078539456,0.4167908271335703,6.0306782237161585,0.6547394468828509,,,0.4067491315456787,-28237638262.0,,,
PARAMOUNT,Paramount Insurance PLC.,2565959329.0,53.056225302255875,31.21773757435721,15.624132530258098,5.604699295900778,2.1263927872756656,13.087073177484692,15.904345135068583,,2570644208.0,5.614932191642225,,
PDL,Pacific Denims Ltd.,1093775266.0,-7.6923077178421835,,,,,,,,,,,
PENINSULA,The Peninsula Chittagong PLC,2681869586.0,129.99999305925155,61.29032258064516,,7.306182885008663,0.8212644085977738,14.646569938061578,,24.697781954358046,5073909431.0,13.822785842769319,98.13473809316584,
PEOPLESINS,Peoples Insurance PLC,2933700048.0,70.14084940320534,11.232565567661569,0.14943452790607162,3.749001208802107,1.5483458138648618,10.114126046110462,13.617739764204295,,2933700048.0,3.7490012701417252,,
PF1STMF,Phoenix Finance 1st Mutual Fund Units,,,,,,,,,,,,,
PHARMAID,Pharma Aids Limited.,1890720000.0,,24.27822313302393,0.526331116989979,3.8142460633940174,3.9072609479938527,27.674949765029886,165.89055875193824,48.14354187079722,1851564094.0,3.735254853527349,17.804209648345616,16.312963471680213
PHENIXINS,Phoenix Insurance PLC,2057421600.0000002,,22.61120083809856,0.35738689257821704,3.969610056200564,1.4789199658763486,45.76165383842106,57.597570668668084,,2104636738.0000002,4.060710239704002,,
PHOENIXFIN,Phoenix Finance and Investments Ltd.,630321919.0,13.888889144735035,,,,,,,1.2062486514623298,3897410401.0,,,
PHPMF1,PHP First Mutual Fund Units 2010-,1043005024.9999999,17.647058823529413,,,,,,,,,,,
PIONEERINS,Pioneer Insurance PLC,7167866327.0,63.57639483340191,13.273242436343581,0.5357859167916257,3.1408424491310902,1.4762582563655706,16.05682051328652,16.619875931642028,,7167866327.0,3.142212837371109,,
PLFSL,Peoples Leasing and Financial Services Ltd.,570881165.0,-4.761900432360204,,,,,,,,3911608003.0,,,
POPULAR1MF,Popular Life First Mutual Fund Units 2010-,,,,,,,,,,,,,
POPULARLIF,Popular Life Insurance Co. Ltd.,3710301395.0,22.37903755667765,,,,1.2095136233833215,,,,3766320780.0,,,
POWERGRID,Power Grid Co. of Bangladesh Ltd.,35455711168.0,25.227960038502363,9.159306509649985,,1.085087888481791,18.459741751980182,1.867449252785214,,0.9265035746663225,682244296496.0,20.879429490978985,66.5990774982776,28.14736839071352
PRAGATIINS,Pragati Insurance PLC,6415950356.0,56.02368026306968,13.155703580349709,0.7453438410973795,3.8216299210134346,1.3756291108891143,18.94529372540876,18.95061949158425,,6466263614.0,3.85159888782105,,
PRAGATILIF,Pragati Life Insurance PLC,5695750965.0,77.78946926858248,3.0771421339071003,0.021786836976063477,0.717283332816681,13.849589541245697,3.593731856996433,4.332704631549089,,5695750965.0,0.7172834186646366,,
PREMIERBAN,The Premier Bank PLC,7153900919.0,-20.83333388978321,,-0.0010863247161974812,0.25095682032179834,0.5554268071960331,,,,55889542875.00001,1.9605894475555985,,
PREMIERCEM,Premier Cement Mills PLC,5145959771.0,5.919660216293114,19.1813403920666,5.785862333195701,0.22876155329229855,0.7633790577032122,8.715125184801977,,2.9409506736925652,29446439808.0,1.309029473491097,9.49339367644775,7.255764277592514
PREMIERLEA,Premier Leasing & Finance Limited,305831453.0,0.0,,,,,,,0.1389733997678101,6770110877.0,,,
PRIME1ICBA,Prime Bank 1st ICB AMCL Mutual Fund Units,,,,,,,,,,,,,
PRIMEBANK,Prime Bank PLC,36436741039.0,16.03261110823908,3.8903394255874675,0.3167913579291745,1.3087511077969392,0.763484924375281,2.073811207666555,2.329057379966485,,98064224296.0,1.646337414856175,,
PRIMEFIN,Prime Finance and Investment Ltd.,846041041.0,-11.363636142199079,,,,,,,,,,,
PRIMEINSUR,Prime Islami Insurance PLC,2289139709.0,25.81521794370932,26.193168966297215,1.2842803448818538,3.8468570298980667,2.7272611656380166,,,,2289139709.0,3.8468567290918907,,
PRIMELIFE,Prime Life Insurance Company Limited,1199445065.0,10.869565439980652,2.811683129169016,,0.29946848168092344,7.717088326497144,,,,1466987458.0,0.36626647525132394,,
PRIMETEX,Prime Textile Spining Mills Ltd.,645580000.0,,,,,,,,,,,,
PROGRESLIF,Progressive Life Insurance Co. Ltd.,644091840.0,,,,,,,,,,,,
PROVATIINS,Provati Insurance PLC,2313922453.0,59.94396990265797,27.79788620240336,2.2958236350518564,2.6178838179521806,2.4444461419764876,48.12886023026639,43.3029847028691,,2346779022.0,2.655056546370883,,
PTL,Paramount Textile PLC,11929185106.0,31.69734052993037,10.697943183770361,,1.1034757933533308,1.4653566164594845,11.638626823545449,,15.570520127665175,36255554164.0,3.3537184401603044,17.95142302030544,
PUBALIBANK,Pubali Bank PLC,62625046763.0,62.881031835210464,5.244276302915662,0.1789715767130999,1.108383020149963,0.8220475609726173,3.4865764344219206,4.143945452821795,,96960779562.0,0.8325301975998421,,
PURABIGEN,Purabi General Insurance Co. Ltd.,1866150000.0,,24.644549763033176,,7.258062195738451,2.0134592003469343,18.332479727171787,19.132784668921815,,1871178000.0,7.277616902169949,,
QUASEMIND,Quasem Industries Limited.,3775162167.0,45.38758774725695,35.97362490610133,0.1606127850174577,2.429808009846701,1.5801709444326106,37.07234014760552,48.55052832321009,192.4077581340947,4813795356.0,3.4081340943993395,32.31442151772804,
QUEENSOUTH,Queen South Textile Mills Ltd.,2548444172.0,44.18605374629241,231.52022315202234,,0.6433474054294248,1.034397454136001,5.421371323796717,5.659263200440484,73.05066673287754,4659791343.0,1.1763509943878554,17.127287626274377,12.737839835704031
RAHIMAFOOD,Rahima Food Corporation Ltd.,1684016641.0,-35.33724273877083,704.6979865771812,,33.67811269743752,9.20486411319353,60.96076470160276,60.96077576165736,44.496075856151556,1646260125.0,32.923028263213496,763.1821079226739,167.80063266947377
RAHIMTEXT,Rahim Textile Mills Ltd.,1982749502.0,39.173237879186885,81.7553586069574,0.7151744864160229,2.140746747545276,7.587583322100522,9.399838885336054,8.594888620721045,60.565683793219215,2937421256.0,3.1714923240740163,20.59592754133915,13.84091365012653
RAKCERAMIC,RAK Ceramics (Baneladesh) Limited,12496686935.0,43.63636536546197,,,1.5593062947897145,1.9900312700246898,73.91863651594376,,45.46960935579425,14575710959.0,1.8187219974598474,34.01010004968382,
RANFOUNDRY,Rangpur Foundry Limited,1627000000.0,,42.36401673640167,,1.0585295750713757,4.508051881555112,39.09527641941133,39.09527736289323,140.69828035435123,1732365000.0,1.1270802626419938,18.276595336145704,17.27179489020115
RDFOOD,Rangpur Dairy and Food Products Limited,1956329346.0,21.27659573658187,,,1.5215818109462658,1.4170204897706675,45.04216372322533,,53.79081748021461,2476375862.0,1.983842183332179,23.643674983184127,
RECKITTBEN,Reckitt Benckiser (Bangladesh) PLC,15613289223.0,-2.2928689241211457,20.201909159200426,7.637808961802446,2.8300118755717936,15.688106889705466,19.25640690269327,22.258955682911722,10.23691611801169,14248275223.0,2.5825939368003397,13.774160758423433,11.593195172422503
REGENTTEX,Regent Textile Mills Ltd.,823117688.0,89.18918695144306,,,,,,,,,,,
RELIANCE1,Reliance Insurance Mutual Fund Reliance One Units,,,,,,,,,,,,,
RELIANCINS,Reliance Insurance PLC,11683396609.0,99.30191705312106,11.854396179784693,,4.619698781716807,1.3367755697887775,21.600684953921363,26.960951620361058,,11683396609.0,4.619698719756497,,
RENATA,Renata PLC,53804126531.0,-6.297669169039617,19.6304122260543,,1.1974126251140118,1.4602016159397897,11.177406756630639,49.64016201810546,51.552609856551186,71769460531.0,1.5972247197984393,15.368757396430697,10.841637007496866
RENWICKJA,Renwick Janeswar and Co. (BD) Limited,1579000000.0,31.933024064624394,,,,,,,,,,,
REPUBLIC,Republic Insurance PLC,2199107071.0,30.357142844318773,,,,2.0151063832939777,,,,2231446045.0,,,
RINGSHINE,Ring Shine Textiles Ltd.,2301439839.0,60.00000642264585,,,,,,,,,,,
ROBI,Robi Axiata PLc,164471097514.0,17.689521935699325,15.621880614893191,0.7676271025371872,1.5907664337423724,2.4976061283115225,4.529899942410334,12.69078506898188,86.07255565933082,228373172514.0,2.2088280895310692,11.298677964396077,4.219033318002747
RSRMSTEEL,Ratanpur Steel Re-Rolling Mills Ltd,789274897.0,-28.70370672504748,,,,,,,,,,,
RUNNERAUTO,Runner Automobiles PLC,5608872826.0,61.15108080555681,38.88722704157942,,0.47491370312809644,0.785516288133417,8.658530307311604,13.540828081552343,3.0955206083681244,17081198399.0,1.44629691295286,7.841722898005624,7.258393838722275
RUPALIBANK,Rupali Bank PLC,8636397974.0,-21.77777607857342,,-0.0004823475123355583,2.1055591459654166,0.7937328990692814,,,,-16207044938.0,,,
RUPALIINS,Rupali Insurance Company Ltd.,2292295817.0,31.221714191572396,30.147723846849562,2.6657975269295746,4.205587791095485,1.2347183031348674,18.91681847525051,44.21522420465602,,2292295817.0,4.205587842649487,,
RUPALILIFE,Rupali Life Insurance Co. Ltd.,2578223121.0,9.210531969217364,31.629083872888295,,1.120648226526454,2.8837734141197013,16.620926030799225,17.143819832550054,,2580538352.0,1.1216546709789783,,
SAFKOSPINN,Safko Spinning Mills Limited,,,,,,,,,,,,,
SAIFPOWER,SAIF Powertec Ltd.,3793386536.0,38.35616602343649,,,,,,,,,,,
SAIHAMCOT,Saiham Cotton Mills Ltd.,3317682591.0,68.34532555315988,24.64360702840093,,0.6012708963802323,0.5806136487428022,4.958535428059393,6.36170664605977,46.18364952648946,6143101498.0,1.1133277956094978,14.123379552323625,8.802298999857271
SAIHAMTEX,Saiham Textile Mills Ltd.,2843662226.0,45.51724408455893,51.002405773857255,3.677483216710784,0.8500012625242388,0.7268983476091901,,,123.80395548454892,4870025771.0,1.4557030076092288,19.745675308455617,12.984030902256599
SALAMCRST,S. Alam Cold Rolled Steels Limited,1268987170.0,-29.556646685426596,,,,,,,,,,,
SALVO,Salvo Organic Industries PLC,2210775085.0,63.67521309831029,56.539398862713234,6.855010981737213,0.7450807221315837,2.1047487486421947,6.151672185875209,16.41375849941179,28.93376771623197,3019391887.0,1.0176027529862206,13.844681037986131,8.859127369795065
SAMATALETH,Samata Leather Complex (Pvt.) Ltd.,1051587432.9999999,43.093917591842086,,,,,,,,,,,
SAMORITA,Samorita Hospital Ltd.,2393738623.0,52.86624381213292,226.6260162601626,,5.611521467880841,2.2911672932272893,50.9237666211639,112.27864093791557,55.17022277576033,2353610623.0,5.517451714070242,142.02015903579272,56.7376669295095
SANDHANINS,Shandhani Life Insurance Co.Ltd,3093501486.0,33.81642387898403,,,,1.821974956243527,,,,3104204338.0,,,
SAPORTL,Summit Alliance Port Limited,14543641926.0,132.75861302074372,29.050909603723028,,2.361127513349157,1.7730374369108521,25.48971917151506,107.93028558961714,32.73994938199885,17901863471.0,2.906327332886573,14.733577021357126,13.400365115950198
SBACBANK,SBAC Bank PLC.,,,583.3333333333334,,1.4941627399553026,0.5011264606941461,,,,,,,
SEAPEARL,Sea Pearl Beach Resort & Spa Ltd.,4552275092.0,-22.580647726312133,,,5.718785622752535,2.730276497223609,18.0944125244755,21.094259547570584,26.745596781275452,10552174335.0,13.256146185319714,47.34813046402061,26.302114715406198
SEMLFBSLGF,SEML FBLSL Growth Fund Units,,,,,,,,,,,,,
SEMLIBBLSF,SEML IBBL Shariah Fund Units,,,,,,,,,,,,,
SHAHJABANK,Shahjalal Islami Bank PLC,19476946716.0,-3.8461578780025936,4.854638260097648,0.03087272336680206,0.8044336574575982,0.719218378125569,,,,42460006508.0,1.0928807090018562,,
SHARPIND,Sharp Industries PLC,10317370972.0,108.57142854990751,,,2.956056693974106,4.05078498155694,32.11433943707416,69.10214153293077,24.321461312079354,12887780577.0,3.692511148256428,,
SHASHADNIM,Shasha Denims PLC,3949005310.0,58.469951982546334,42.82494365138994,,0.36597192272291024,0.6829974144354021,2.167786704480283,5.324567607758248,14.153760369342855,7698895571.0,0.7134909356878806,10.241207684226415,7.545365048418889
SHEPHERD,Shepherd Industries PLC,2433934145.0,-6.98925331345117,,,2.2599661829918416,1.3090298360007904,9.588808157215466,9.588808307370664,71.77567618627985,3810190942.0,3.537853414436344,,142.2125348281946
SHURWID,Shurwid Industries Ltd,361416849.0,-12.857144369049646,,,,,,,,,,,
SHYAMPSUG,Shyampur Sugar Mills Ltd.,,,,,,,,,,,,,
SICL,"Sikder Insurance Co., Ltd.",,,,,,2.572534281815538,,,,,,,
SILCOPHL,Silco Pharmaceuticals Ltd.,1941190964.0,42.384102332318015,57.30745906610066,,4.74951867468997,0.8122680845687114,26.804482124404945,113.9743568889937,68.59319762691133,1913876164.0,4.682687613032811,28.563252505341406,
SILVAPHL,Silva Pharmaceuticals Ltd.,2047500000.0,62.26415229958123,,-0.7719140949367309,6.2115000947469845,1.030123662279379,,,22.156634161655564,1956307475.0,5.93484936083846,,
SIMTEX,Simtex Industries PLC,2101318073.0,76.87499520573242,23.28070644902328,1.5117042854230867,0.9543539028054442,1.165835394762585,7.981866131938664,9.891948414949406,13.213702875731574,2560914831.0,1.1630885928701968,17.054578537447664,10.997019373690975
SINGERBD,Singer Bangladesh Limited,7457772939.0,-25.7731966082292,,-0.08176577439022506,0.3422405875789231,,,,5.803514673534767,30470644898.0,1.3983118576053255,55.550222879841265,18.91397197494088
SINOBANGLA,Sinobangla Industries Ltd.,1611688680.0,,37.4633737965676,3.230750206482184,0.5716640866195515,2.640214049085365,346.47101818734836,,34.383208284899084,1826645680.0,0.6479069440196151,10.63427677141045,7.472774535470021
SIPLC,Sena Insurance PLC,,,,,,,,,,,,,
SKTRIMS,SK Trims & Industries Ltd.,1194269989.0,50.000000059031876,,,,,,,,,,,
SONALIANSH,Sonali Aansh Industries Limited.,2351846340.0,17.760615768220127,,,,,,,,,,,
SONALILIFE,Sonali Life Insurance PLC,3994749928.0,48.16112211912648,,,,,,,,,,,
SONALIPAPR,Sonali Paper & Board Mills Ltd.,7752002511.0,59.43457611801585,32.70132970602115,,2.8166177964212764,1.5380136123343993,39.52570240906116,55.77537051463198,6.830868927470755,8227306274.0,2.9893148978322412,25.767880641431287,21.379657354566117
SONARBAINS,Sonar Bangla Insurance Ltd.,1631288321.0,51.19045233368564,,,,1.8791181775474586,,,,1703870212.0,,,
SONARGAON,Sonargaon Textiles Limited.,,,,,,,,,,,,,
SOUTHEASTB,Southeast Bank PLC,15380058167.0,30.12048006605914,3.891311640389131,0.005685456849669812,0.7575061514905108,0.42705087501251704,0.6842111149851143,0.6907577428987656,,36732493173.0,0.6835671103243477,,
SPCERAMICS,Shinepukur Ceramics PLC,3189163380.0,11.111107016848246,,,,,,,,,,,
SPCL,Shahjibazar Power Co Ltd,10208749883.0,32.48259975277722,10.81892126668246,0.008569753987949407,0.7466445443683906,1.316730356689759,7.277619253587135,7.007040656876631,18.420471540369668,12218070901.0,0.8936016540661668,9.572565944395764,6.950476741742359
SQUARETEXT,Square Textiles PLC,10079576843.0,-3.0534393867555316,13.911909355215608,,0.4258888570719801,0.9446205153126308,4.8081374326259265,6.117298654422971,10.87129279590288,23770299892.0,1.0043581841172968,10.989971489497862,7.386904498082673
SQURPHARMA,Square Pharmaceuticals PLC,193866828539.0,-0.5922565157949755,7.506298092577676,0.7467260488626871,2.32101582190967,1.3222810761411707,6.81599217262169,9.629374662336211,3.191927453292499,133411413583.0,1.5972303892655724,6.156539378434165,5.586597590081822
SSSTEEL,S.S. Steel Ltd,2234705678.0,27.58620436923895,,,,,,,,,,,
STANCERAM,Standard Ceramic Industries Ltd.,459352203.0,5.83941608478375,,,,,,,,,,,
STANDARINS,Standard Insurance PLC,2151840691.0,13.793103433628863,,,,2.0681384918933974,,,,2181776665.0,,,
STANDBANKL,Standard Islami Bank PLC,5356043182.0,-22.388060341538424,11.62509082102204,,1.0667386246320938,0.2750204116711787,,,,23086537091.999996,1.0555484041444991,,
STYLECRAFT,Stylecraft Limited,810869443.0,-14.428569293502582,,,5.725718134113433,12.73639606026661,,,17.94170402779596,2254543034.0,15.919799087143875,126.89083341681872,65.73410381737435
SUMITPOWER,Summit Power Ltd.,17940336099.0,18.620694921490703,42.31061565746136,,0.5372432054788944,0.4102509679589081,2.7953280912356666,3.311052693209706,4.57821605395248,64581330984.99999,1.9339592161899237,11.25363939998274,
SUNLIFEINS,Sunlife Insurance Co. Ltd.,2113456651.9999998,25.231907406666284,,,12.211934968403208,4.113686330729374,,,,2228250015.0,12.875231018161012,,
TAKAFULINS,Takaful Islami Insurance PLC,2248592253.0,47.29345586216776,,,,2.8307334012066,,,,2365333421.0,,,
TALLUSPIN,Tallu Spinning Mills Limited,741483612.0,56.60377132941402,,,,0.6758434811639165,,,1258.7744587914142,2284888136.0,,,
TAMIJTEX,Tamijuddin Textile Mills PLC,4312489923.0,24.948700313550685,20.752765178642477,8.773188601657104,1.168673563899072,1.3229575853102198,,,31.175788560522815,11151579923.0,3.0220529980244213,14.524662858375073,
TECHNODRUG,Techno Drugs Ltd.,,,30.58562671188209,,1.893755030416305,1.494582060362632,16.134007550625288,,160.9799383187803,,,,
TILIL,Trust Islami Life Insurance Ltd.,,,,,,,,,,,,,
TITASGAS,Titas Gas Transmission and Distribution PLC,18696291676.0,2.9702893655862708,,,0.051056152998748355,0.22456207409353965,,,0.6131351026943245,-7115652281.0,,,
TOSRIFA,Tosrifa Industries PLC,1442372164.0,22.335022557066523,38.22487413760955,,0.3320608760049788,0.6534018650957824,12.704994440986473,30.615976250510194,3.3916718577417924,3206210223.0,0.752891684313745,14.850737515880933,9.357324755161192
TRUSTB1MF,Trust Bank 1st Mutual Fund Units,,,,,,,,,,,,,
TRUSTBANK,Trust Bank PLC,15110008648.0,-16.032338080659503,4.914399511772075,,0.7063347228168482,0.509018781462268,2.4746002174894604,2.9103711280696904,,31355695585.0,0.5397828281464193,,
TUNGHAI,Tung Hai Knitting & Dyeing Ltd,586591667.0,11.538469125415457,,,,,,,,,,,
UCB,United Commercial Bank PLC,21627743046.0,-4.807692482599796,35.13411409142426,,0.4424370877105572,0.35984709980649515,,,,52058827235.0,0.5956957057762379,,
UNILEVERCL,Unilever Consumer Care Limited,39188543830.0,-16.318027466507747,63.887332103297794,,11.454187351640247,23.977565006249932,44.89309624275399,47.45074228846184,14.988618954340293,36670064830.0,10.718076171569585,72.95347623594947,66.4657138118663
UNIONCAP,Union Capital Limited,828354452.0,1.9999981781711231,,,3.5069366224405014,,,,0.4268474972283388,9286516247.0,39.31556601528369,,
UNIONINS,Union Insurance PLC,2415272839.0,40.00000421238367,,,,,,,,,,,
UNIQUEHRL,Unique Hotel & Resorts PLC,12806399734.0,16.70951090952132,,,,0.4589357301374083,,,5.839053105510387,19366699464.0,,,
UNITEDFIN,United Finance PLC,3499043327.0,34.35114406341616,15.904401650618983,5.106842222523557,1.106949278882756,1.0372943774159147,15.013653410759414,18.766532320720618,1.104548019138157,7173024684.0,2.357433706655914,8.53852386345532,7.815534372003708
UNITEDINS,United Insurance Company Limited,2856899864.0,36.89839217142903,16.715960705608957,0.49451005450241337,4.850155095801065,1.8210916941244908,9.153217381986616,11.716607222273337,,2856899864.0,4.850154864914039,,
UPGDCL,United Power Generation & Distribution Co. Ltd.,71534394915.0,-3.7376116906118018,7.720200463087207,,2.2006944031614224,1.5071446821124834,10.647663936267588,11.015221377189233,58.586614601796676,79161860810.0,2.4353468120981994,6.986088790550636,5.356244806066762
USMANIAGL,Usmania Glass Sheet Factory Limited,1081216890.0,,,,,,,,,,,,
UTTARABANK,Uttara Bank PLC,25469559814.0,26.179236612901075,3.743324995121259,0.07726670885177613,1.2250847692928892,0.767235063005998,2.1706505929834155,2.290225377024211,,11581469525.0,0.32208166229588625,,
UTTARAFIN,Uttara Finance and Investments Limited,1735555859.0,-12.578616667184743,,,,,,,,,,,
VAMLRBBF,Vanguard AML Rupali Bank Balanced Fund Units,,,,,,,,,,,,,
VFSTDL,VFS Thread Dyeing Ltd.,1636490856.0,138.35615306363448,,,,0.7518139353872432,,,369.55746245915793,1853051456.0,,,
WALTONHIL,Walton Hi-Tech Industries PLC,129323146419.0,-2.4002734817831963,12.891826668081043,,1.8387993200104829,1.060247118003514,5.677239545381427,6.89927627393036,50.387289315225104,152097041885.0,2.162613278663856,12.493660422963432,9.857912728481404
WATACHEM,Wata Chemicals Ltd.,2087024727.9999998,15.190905583300022,152.3454157782516,0.803352887189026,2.153719131973049,2.3460882385293687,6.470078436950104,6.669953473330368,11.068255681274351,3258950883.0,3.363096351834557,16.16456420665142,13.721521762855184
WMSHIPYARD,Western Marine Shipyard Limited,2304996950.0,18.390809381841155,,,,,,,,,,,
YPL,Yeakin Polymer Ltd.,1621374084.0,68.02721818707131,,,,,,,,,,,
ZAHEENSPIN,Zaheen Spinning PLC,671587389.0,-18.571431346820766,11.945052757316345,,2872.0689514784003,2.0697077572646743,,,1273.6159926899086,701469772.0,2999.862175731502,,
ZAHINTEX,Zahintex Industries Ltd.,744639857.0,106.81818592119703,,,,,,,,,,,
ZEALBANGLA,Zeal Bangla Sugar Milla Limited,1116600000.0,,,,,,,,37.18510224915204,5955701000.0,,,
