Symbol,Name,Market Capitalization Performance,Market Capitalization Performance % 1Y,P/E,"P/E/Growth, Trading 12M",P/S,P/B,P/CF,P/FCF,P/Cash,EV,EV/Revenue TTM,EV/EBIT TTM,EV/EBITDA TTM
1JANATAMF,FIRST JANATA BANK MUTUAL FUND,,,,,,,,,,,,,
1STPRIMFMF,PRIME FINANCE FIRST MUTUAL FUND,,,,,,,,,,,,,
AAMRANET,AAMRA NETWORKS LTD,1655042220.0,,22.24431465142289,,1.756790336546436,0.48666391343581183,25.957018398779276,,83.56767538429628,2077708834.0,2.2054412186814907,13.716188102886354,6.781470068408446
AAMRATECH,AAMRA TECHNOLOGIES LTD,802371760.0,,,,2.8790693751268193,0.6147623314304744,2.5488744199751405,2.5488744199751405,72.2528847099007,1285467139.0,4.612508633694053,,22.849596908941983
ABB1STMF,AB BANK 1ST MUTUAL FUND,,,,,,,,,,,,,
ABBANK,AB BANK PLC,5822015961.0,-38.888890845550975,,,2.541592594781864,,,,,15528314661.0,6.778863274037863,,
ACFL,AMAN COTTON FIBROUS LTD,1845249970.0,-6.5989903224710655,,,0.7602254838804022,0.5484995853462374,3.133566382397135,3.1359153385338367,1.4279604691919356,2021311879.0,0.8327613095059325,12.35662930519448,
ACI,ADVANCED CHEMICAL INDUSTRIES PLC,17062819854.000002,23.728527092828564,,-0.20173149873408885,0.12834482520515494,2.9805766253345136,,,2.002705878772938,87181617854.00002,0.6540955484329111,10.3724296245108,8.516490614837881
ACIFORMULA,ACI FORMULATIONS PLC,6492149712.0,-5.124649734848689,16.685266636031425,0.2860944905856575,1.2965395273839793,2.0174420765921552,14.72640592543916,17.979379378210464,31.497659190355254,10154837712.0,2.028010518515048,13.165508911383391,
ACMELAB,THE ACME LABORATORIES LTD,17076256529.999998,-6.096136451165968,7.334425132512723,,0.4914546262158411,0.6809172650373588,7.396437030659045,,11.270712717086864,40650998133.0,1.169935593641314,6.519264409252493,
ACMEPL,ACME PESTICIDES LTD,,,,,,,,,,,,,
ACTIVEFINE,ACTIVE FINE CHEMICALS LTD,2183423010.0,-32.62411532060057,,,,,,,,,,,
ADNTEL,ADN TELECOM LTD,4764830290.0,,28.29158033527971,,2.6337141118498693,2.31589341216211,10.868715818772214,53.69655373669763,22.255771280896447,5031412662.0,2.7810664163750776,16.43327514604198,10.372770981878208
ADVENT,ADVENT PHARMA LTD,1369050690.0,,28.314520757604743,,2.8583933516263555,0.9111645359986948,15.75521598490661,106.8467258431722,382.0387363570902,1439964510.0,3.00645081865262,15.014154943433299,9.010381717334731
AFCAGRO,AFC AGRO BIOTECH LTD,910208005.0,-43.262412895574705,,,,,,,,,,,
AFTABAUTO,AFTAB AUTOMOBILES LTD,3715183748.0,-9.405947788849499,,,5.058572641428942,0.740758052144359,376.7551903988372,,11.638037473156295,23549154132.0,32.06439101381287,441.76873920863716,175.23417023863286
AGNISYSL,AGNI SYSTEMS PLC,1857438700.0,-21.60494312937736,19.403655978423732,0.7584708046093616,2.4380988544079183,1.5035839287196722,18.391446279450513,67.04025446113232,89.35391355898967,1893175036.0,2.485007093743965,14.106875791761825,9.572912789776327
AGRANINS,AGRANI INSURANCE CO LTD,889661909.0,-19.77507637843809,16.06064499550302,,3.0671574808809634,1.2977433281717756,,,,991840841.0,3.624590614085541,,
AIBL1STIMF,AIBL 1ST ISLAMIC MUTUAL FUND,,,,,,,,,,,,,
AIL,ALIF INDUSTRIES LTD,2297546564.7999997,,17.816877980260973,0.8619791391452172,2.484974593091992,2.016421704897102,,,229.05391149910977,2287303458.7999997,2.4738957788080636,16.257530166973314,15.411751190175789
AL-HAJTEX,AL-HAJ TEXTILE MILLS LTD,,,,,,,,,,,,,
ALARABANK,AL-ARAFAH ISLAMI BANK PLC,19924266785.0,-32.17054063048573,35.657370517928285,,0.39161807137584587,0.8344980564120686,0.7430783099740239,0.7815120868852241,,66455840372.0,1.3062115918764565,,
ALIF,ALIF MANUFACTURING COMPANY LTD,1455591186.0,-45.71428752431771,20.452099031216363,,1.0727783954155812,0.37382025279430636,3.746548731411396,3.822172106866877,65.61287655071658,1437515011.0,1.0594560590648008,15.165152973388626,9.169328791091958
ALLTEX,ALLTEX INDUSTRIES LTD,604454400.0,,,,,0.5460944136564054,,,35.01444708335747,3989429400.0,,,
AMANFEED,AMAN FEED LTD,3156386641.0,-20.38834729164507,54.436822305819874,,0.28157081272116163,0.8645174621984469,19.466825107871774,19.664010597260408,23.529548409399876,8424683033.0,0.7515381095770928,16.446242994076126,
AMBEEPHA,AMBEE PHARMACEUTICALS PLC,2374560094.0,3.1074824253850593,198.1761036239821,,8.412674630489596,73.71468705135052,,,14.38006176705613,2236417094.0,9.507908505097562,154.8507930814823,95.40918658360164
AMCLPRAN,AGRICULTURAL MARKETING COMPANY LTD (PRAN),1957600000.0,,45.204860980473306,7.266229278326224,0.550930604080908,2.5941605801592384,,,107.53482127873804,2924208000.0,0.8229646914069391,12.026768102196238,10.711412080543797
ANLIMAYARN,ANLIMAYARN DYEING LTD.,,,,,,,,,,,,,
ANWARGALV,ANWAR GALVANIZING LTD,2550808292.0,-41.99262105480304,,,4.48773086626787,42.15447316897751,,,283.9123988812838,2964649407.0,5.215816829547447,,
AOL,ASSOCIATED OXYGEN LTD,1525969726.0,-35.68281986231607,,,,,,,,,,,
APEXFOODS,APEX FOODS LTD,1452971469.0,-3.827013071850069,56.810418916238795,,0.6991449281503543,2.2112132355779237,,,3.7021218295333487,1116551469.0,0.5373030701242411,25.056775587365234,18.256514839090915
APEXFOOT,APEX FOOTWEAR LTD,3587860054.0,2.2378940032221997,19.603311161902806,0.8539918590816847,0.19889071247548457,0.5294657761992556,1.1849514495632214,1.539047099259033,43.37048767817289,22777589403.999996,1.2626609815386436,16.188748060067518,
APEXSPINN,APEX SPINNING & KNITTING MILLS LTD,1302840000.0,,42.13860110580278,,0.24324153654881042,3.3058763109536735,8.9073018755321,21.975648821533337,3.9387739864108116,979105000.0,0.18279988689526197,7.087898468743766,5.069579900644818
APEXTANRY,APEX TANNERY LTD ,1220723958.0,-13.141020938029941,,-0.01755069408922421,1.9539588791155893,2.5042875502633053,,,20.529189146658968,3465398399.0,5.546909843174217,,
APOLOISPAT,APPOLLO ISPAT COMPLEX LTD,1284187519.0,-42.105262071881555,,,,,,,,,,,
ARAMIT,ARAMIT LTD,1344000000.0,1.7017479245921312,58.99419729206963,0.17286853610035366,4.62107442435312,1.7125931748950687,25.06218802678314,51.32438013229194,24.776130101610338,1290819782.0,4.438224911494992,,
ARAMITCEM,ARAMIT CEMENT LTD,430276000.0,,,,5.893560766151402,,,,3.6714129896408076,7150508585.999999,97.94168594222842,,
ARGONDENIM,ARGON DENIMS LTD,2472217167.0,-6.914889834080096,11.204306459689533,0.11409915455978854,0.4238151720179349,0.7624490032363617,,,2.6695802400189366,4374699568.0,0.7499600196286056,18.382236808379144,11.926097737743321
ASIAINS,ASIA INSURANCE LTD,1200281296.0,-31.182796092555712,,,,1.0953137044333028,,,,1212549229.0,,,
ASIAPACINS,ASIA PACIFIC GENERAL INSURANCE CO LTD,1397549950.0,-26.279067974200867,19.986675549633578,,3.479182785110629,1.2851763476144986,112.44273771817234,,,1397549950.0,3.479182660636269,,
ASIATICLAB,ASIATIC LABORATORIES LTD,,,,,,,,,,,,,
ATLASBANG,ATLAS BANGLADESH LTD,2073757005.9999998,-20.833333723307263,,,,0.5459876055546778,,,11.205717345040455,1892061407.9999998,,,
AZIZPIPES,AZIZ PIPES LTD,,,,,,,,,,,,,
BANGAS,BANGAS LTD,901232448.0,,,,,,,,,,,,
BANKASIA,BANK ASIA PLC,23854455079.0,-4.075823992528839,8.417881352177574,0.19124351179359567,0.42118951089615403,0.7198373925216471,1.9640490481016792,1.9961277312123702,,14213713652.999996,0.25096642380837525,,
BARKAPOWER,BARAKA POWER LTD,2519482436.0,-25.874124190234415,47.19894133215703,,1.1034489845870232,0.4742943541684489,1.836788232227981,,7.105064039630192,2600988511.0,1.1391458557737792,19.208041144824985,9.874776240036864
BATASHOE,BATA SHOE CO (BANGLADESH) LTD,11857824098.0,-8.788449581245725,60.77351921238636,,1.315013200651753,3.7936272028245144,9.756785671666215,11.169389299517173,17.54448716517888,13268173340.0,1.4714186254270312,20.941362457419416,9.873252210510286
BATBC,BRITISH AMERICAN TOBACCO BANGLADESH CO LTD,158004003296.0,-30.17509945655823,9.449532905380721,,1.6098935767055886,2.9630108444969565,11.619538008274013,16.996735007583112,11.286648980368382,168809575296.0,1.719990955643073,5.048539501070496,4.549292924105606
BAYLEASING,BAY LEASING & INVESTMENT LTD,621317989.0,-67.66917196014528,,,,,,,1.0465601202195725,4507381328.000001,,,
BBS,BANGLADESH BUILDING SYSTEMS LTD,1710762199.0,-32.692309347012326,,,2.1779099289176496,0.9411119017232902,10.43880844983748,10.46638355099524,77.2083656915569,2785935816.0,3.5466748607182583,39.96208271222851,24.122889088176212
BBSCABLES,BBS CABLES PLC,3387356201.0,-45.486110333266126,,-0.02128409443161164,1.3186091693510413,0.5292403658530171,,,4.6416772536507,5818581648.0,2.265021597253027,49.36635855228663,
BDAUTOCA,BANGLADESH AUTOCARS LTD,,,,,,,,,,,,,
BDCOM,BDCOM ONLINE LTD,1414603436.0,-16.143338804475675,29.24689251767,2.6660976720535117,1.7799239275754553,1.6071604354601199,16.829420927352736,,3.2266303770540388,1130708516.0,1.4227133037626187,14.453550929624635,8.13909297772956
BDFINANCE,BANGLADESH FINANCE PLC,1976480804.0,-50.471699907750875,,,,,,,1.2143394105313727,5398041296.0,,,
BDLAMPS,BANGLADESH LAMPS PLC,1632873764.0,22.67566664376505,,,0.8727225227098606,3.729764333145263,,,31.328464642743988,2942750607.0,1.572812825477052,41.86779790438394,24.01975391827384
BDTHAI,BANGLADESH THAI ALUMINIUM,1571635640.0,-32.41758418512592,,-0.06735688288406302,6.35144938725944,0.4378466063150296,,,383.61533279390176,3498796335.0,14.13968237393796,,45.944753241040154
BDTHAIFOOD,BD THAI FOOD & BEVERAGE LTD,,,,,,,,,,,,,
BDWELDING,BANGLADESH WELDING ELECTRODES LTD,,,,,,,,,,,,,
BEACHHATCH,BEACH HATCHERY LTD,1974827700.0,,14.003632741548016,0.13052690588285595,6.354678768255909,3.2378944744450195,80.45612977229459,,40.58462975754618,1950353635.0,6.275921969463052,11.125812086932855,10.941814100981027
BEACONPHAR,BEACON PHARMACEUTICALS PLC,26565000000.0,-20.058999524856997,,,,,,,,,,,
BENGALWTL,BENGAL WINDSOR THERMOPLASTICS PLC,1774634325.0,-8.181814691763899,35.864592863677956,3.5961338866290418,1.9573628026176053,0.7505201947370155,20.717925929616793,21.513932348085337,8.194341245620953,1626879280.0,1.7943938126192711,21.92202778846786,13.130339630499192
BERGERPBL,BERGER PAINTS BANGLADESH LTD,76305801179.0,-11.50268502857279,21.522517278708786,4.096760171909185,2.6549668206573105,5.078598712599531,35.29763799717773,89.24450302110104,11.788118522163114,71133629179.0,2.5680637252735843,16.701151782785754,13.971714109866713
BESTHLDNG,BEST HOLDINGS PLC,16523992680.0,,32.61289077576225,,7.044639890275996,0.3158384379864309,14.086157383852616,,21.856088348279325,33429096668.0,13.466243786074479,40.54806584926689,25.003497568491877
BEXIMCO,BEXIMCO LTD,103850264528.0,0.2697930570783546,,,5.859075372702888,1.3333525484654274,,,50.305773788850026,189221172528.0,10.675571346757222,126.08474724775867,
BGIC,BANGLADESH GENERAL INSURANCE COMPANY PLC,1647831308.0,-21.772152854651114,,,,1.5914593421272334,,,,1883869412.0,,,
BIFC,BANGLADESH INDUSTRIAL FINANCE CO LTD,583943711.0,-34.83145576247126,,,,,,,29.104874013955488,4406889494.0,,,
BNICL,BANGLADESH NATIONAL INSURANCE COMPANY LTD,1765575068.0,-10.39823161164948,8.916308288113841,,1.7588004138722402,1.3420457861287367,5.2740144723074485,5.308008210131332,,1765575068.0,1.758800481611319,,
BPML,BASHUNDHARA PAPER MILLS LTD,5526567751.0,-45.033112709528446,,,0.7125436408590597,0.4962148758979966,,,53.065236007817326,31746029809.0,4.093034299789266,182.9762495310467,31.695772991344924
BPPL,BARAKA PATENGA POWER LTD,2404637153.0,-11.949683405403418,,,,0.5215797132865219,,,3.2687139899745885,14595069032.0,,,
BRACBANK,BRAC BANK LTD,136776620254.99998,59.413901995952514,9.616871704745169,0.2123679360975457,1.0841657876442599,1.605497373227909,4.771598591384995,6.136057630070736,,213966388816.0,1.6960137298812668,,
BSC,BANGLADESH SHIPPING CO LTD BSC,18014389106.0,11.619044714829782,6.1173868714587885,0.17622812882141342,3.153720610791451,1.2245300789669595,4.455000067817707,,1.0698711842234079,15811797710.000002,2.768120222104309,5.687119836693984,4.894596860559466
BSCPLC,BANGLADESH SUBMARINE CABLES PLC,28168051782.0,26.372545262684962,19.175577172173824,,8.709112690303396,1.8477432630485242,13.248291936885819,,5.602743573386283,26889575965.0,7.5803440850977735,16.193626533130477,12.288195777562198
BSRMLTD,BANGLADESH STEEL RE-ROLLING MILLS LTD,25737993785.0,-9.979208707149507,4.943582990896088,,0.286816759230452,0.5427824423901247,3.1790182456029132,3.7997195726019273,30.195256574421226,53966454090.0,0.6013865342993451,6.8893746725680405,
BSRMSTEEL,BSRM STEELS LTD,24361724097.0,0.9374976152500664,5.6312227555676175,,0.26160955477836584,0.7741389103668392,2.5820380086130204,,5.935015450838912,64736517914.0,0.6951762945732333,9.247681582162807,7.557994213067029
BXPHARMA,BEXIMCO PHARMACEUTICALS LTD ,51481335990.0,25.275940299342857,8.685577868276926,0.277201395766918,1.1109137508526903,1.110870936284592,8.320040753342848,13.472935658378145,23.218317056590376,59250451990.0,1.2785632262578552,6.725055196164663,5.472977301279223
CAPITECGBF,CAPITEC GRAMEEN BANK GROWTH FUND,,,,,,,,,,,,,
CAPMBDBLMF,CAPM BDBL MUTUAL FUND 01,,,,,,,,,,,,,
CAPMIBBLMF,CAPM IBBL ISLAMIC MUTUAL FUND,,,,,,,,,,,,,
CENTRALINS,CENTRAL INSURANCE CO LTD,2072648174.0,-24.744380186902657,21.94015277698007,,4.153606155999273,0.7560202067180907,27.572846397074223,29.61528513941983,,2191469753.0,4.391725865052628,,
CENTRALPHL,CENTRAL PHARMACEUTICALS LTD,1257908924.0,-46.39175351547981,,,,,,,,,,,
CITYBANK,CITY BANK PLC,35900843744.0,8.336780885773562,3.473186996387885,0.04853353789596114,0.3674294689924499,0.7021586322399226,2.3868630718871513,2.7664453899174517,,60265768898.0,0.6938931322144145,,
CITYGENINS,CITY INSURANCE PLC,3899101819.0,-37.61904580308894,18.20916538658474,,4.888958816485178,2.6158742651760933,20.13396846271776,20.271206655697945,,3899101819.0,4.888958365845081,,
CLICL,CHARTERED LIFE INSURANCE PLC,1657500029.0,-0.8791242197802198,1.2734110076148841,0.0942693947338098,0.7739320193270679,4.4799999999999995,12.431425059022445,12.578522173388938,,1695282533.0,0.7915737158941765,,
CNATEX,C & A TEXTILES LTD,741879559.0,-56.756756663662124,,,,,,,,,,,
CONFIDCEM,CONFIDENCE CEMENT LTD,4976843853.0,-22.01086588799685,5.795791665848052,0.08020467921484183,1.2111497470470456,0.707112969206908,,,22.297707414862604,10924331574.0,2.658512556402535,25.153528397123935,15.923628221211839
CONTININS,CONTINENTAL INSURANCE PLC,1026610979.0,-26.85185932905817,18.24134705332086,,2.787761514188023,1.0375058359703273,,,,1026610979.0,2.7877613594045667,,
COPPERTECH,COPPERTECH INDUSTRIES LTD,1330056000.0,,24.858892758496456,,0.7232662044813545,1.4730349216018082,,,22.163899515693764,2050889619.0,1.1152456366832235,11.687433839352563,9.15721502360599
CROWNCEMNT,CROWN CEMENT PLC,7350750000.0,-22.031247611531988,11.525870692006913,,0.2361727623504083,0.8671194957366625,4.550878594200826,64.36186568754599,6.8681988888490375,21285347123.0,0.6838784107235626,8.343971428622277,5.652791878602627
CRYSTALINS,CRYSTAL INSURANCE COMPANY LTD,1936000000.0,-45.84382975396823,,,,,,,,,,,
CVOPRL,CVO PETROCHEMICAL REFINERY PLC,4218186992.0,1.117322730298822,60.93976710443097,,3.9063386705287013,13.796553893736215,19.784576212927472,20.52181137540506,104.136137574853,4348643685.0,4.02715071420693,45.01703867341546,34.06232753505695
DACCADYE,THE DACCA DYEING & MANUFACTURING CO LTD,1455462682.0,21.641788830615763,,,,,,,,,,,
DAFODILCOM,DAFFODIL COMPUTERS PLC.,2730200976.0,-33.05389038433742,613.2075471698113,,5.286235973065078,4.463788375226813,55.12890690779787,56.81417412662237,64.30099728551576,2937617904.0,5.687838722130109,37.357491233899886,31.8313467288712
DBH,DBH FINANCE PLC,7708982697.0,-3.6240589148257336,7.593527611020555,0.5787322632322143,0.856390052111374,0.8140122621784333,3.9552820475611905,4.154172870233523,0.4216084508969393,5031968658.999999,0.5590008299922051,2.7591956134701694,2.6312377942056044
DBH1STMF,DBH FIRST MUTUAL FUND,,,,,,,,,,,,,
DELTALIFE,DELTA LIFE INSURANCE CO LTD,9083250189.0,-27.335296217454147,6.974666945399951,,0.6851136181257446,4.5907852807165135,,,,9107410020.0,0.6869359128678485,,
DELTASPINN,DELTA SPINNERS LTD,,,,,,,,,,,,,
DESCO,DHAKA ELECTRIC SUPPLY CO LTD,9740459946.0,-12.28070174648942,,,1.120826254356379,1.212035270705443,1.05171396540508,1.1106265023895034,0.6666763604310382,39545354519.0,4.550449432751306,26.848752592473502,9.905374456455746
DESHBANDHU,DESHBANDHU POLYMER LTD,1227303009.0,-34.96732228841768,,,,1.204924325908416,,,72.6290378410527,2447494587.0,,,
DGIC,DESH GENERAL INSURANCE COMPANY LTD,875999985.0,-22.916661901403227,,,,,,,,,,,
DHAKABANK,DHAKA BANK PLC,12788882117.0,-12.999992791804306,14.045590605572183,,0.3114184433215043,0.5432594856668554,,,,37939844641.0,0.9238625046515079,,
DHAKAINS,DHAKA INSURANCE LTD,1436474969.0,-28.20512630064632,6.07881975274913,0.057527284243715844,5.2778500404915345,0.9984862835751531,13.998378600767957,14.04243371906403,,1441662245.0,5.296908848499531,,
DOMINAGE,DOMINAGE STEEL BUILDING SYSTEMS LTD,1518479997.0,-5.223879297542084,119.04761904761904,,6.909411575202769,0.8998877752858304,42.95280768564368,,79.38500308819293,1573969279.0,7.161899765117864,78.16491027248006,
DOREENPWR,DOREEN POWER GENERATIONS AND SYSTEMS LTD,4582308329.0,-11.764704721466435,9.945888270711073,,0.2967047951539941,0.49923546201468477,4.035810199005148,5.256823500017365,24.664152120590717,17514542291.0,1.1340679110142,5.294379241570979,4.094209986168853
DSHGARME,DESH GARMENTS LTD ,953987934.0,,219.3886167877048,,1.2408096769300438,7.3846720585952985,,,25.944756275001208,1165667934.0,1.5161322554918493,25.582663751548345,20.868624376627356
DSSL,DRAGON SWEATER AND SPINNING LTD,2192249968.0,-9.322036989526689,37.243299686738595,,5.143936079712145,0.5796781107044334,121.84802882554463,121.84806173847934,41.582696567454185,2138008944.0,5.016663722106994,42.65733205242161,14.133977808293292
DULAMIACOT,DULAMIA COTTON SPINNING MILLS LTD,,,,,,,,,,,,,
DUTCHBANGL,DUTCH-BANGLA BANK PLC,41181465847.0,-11.796300693189293,11.207296336373473,,0.5934947146543553,0.8138905483732574,1.8687977293023925,2.2417029211423896,,12909576341.0,0.18604886134230428,,
EASTERNINS,EASTERN INSURANCE CO LTD,,,,,,,,,,,,,
EASTLAND,EASTLAND INSURANCE PLC,1535014980.0,,17.57066462948816,1.2001543667805223,3.771511176634152,0.8528630473445598,19.395062963535572,,,1535014980.0,3.7715120309285735,,
EASTRNLUB,EASTERN LUBRICANTS BLENDERS PLC,4137814005.9999995,,61.813147261227186,,5.31033833249326,13.407343576958104,44.84621273468147,44.84621273468147,7.124591505468432,3569037005.9999995,4.622847439844671,136.8915697299785,
EBL,EASTERN BANK PLC,40374076651.0,6.249988840102971,5.9493495069216165,,0.6287909212759852,0.9274211737110379,2.8864825253910893,3.009942297438255,,116696019279.0,1.8174383120196516,,
EBL1STMF,EBL FIRST MUTUAL FUND,,,,,,,,,,,,,
EBLNRBMF,EBL NRB MUTUAL FUND,,,,,,,,,,,,,
ECABLES,EASTERN CABLES LTD,3263039913.0,-13.428573623299352,,,,0.3874557309199074,,,156.243407684028,3829017513.0,,,
EGEN,EGENERATION PLC,1560000000.0,,,,,0.9176050937852719,,,33.0973843763854,1651719835.0,,,
EHL,EASTERN HOUSING LTD,8149031546.0,6.900878557676389,,,,1.0180812599855757,,,1.7125696559640133,3307755484.999999,,,
EIL,EXPRESS INSURANCE LTD,2151516312.0,-28.91304183775962,28.464809511411953,13.406562303860545,5.632477378051941,1.6670410732491747,15.432409910264884,17.754055056016995,,2151516312.0,5.632477378051945,,
EMERALDOIL,EMERALD OIL INDUSTRIES LTD,1889330693.0,-48.894351724342094,,,,,,,,,,,
ENVOYTEX,ENVOY TEXTILES LTD,7497744424.0,12.686563130439817,6.813432194898514,0.043270119830470403,0.43628921258681685,0.8507211380790108,12.17272760675477,81.34313181312761,19.775262358966664,18953713284.0,1.1029051606237854,6.905322538745369,5.510179214094745
EPGL,ENERGYPAC POWER GENERATION PLC,3270803600.0,,,,1.0675672156316902,0.46318201194955727,,,16.14724685909895,16634139520.000002,5.429259598775715,163.00355510182445,34.10677780098385
ESQUIRENIT,ESQUIRE KNIT COMPOSITE PLC,3102608000.0,,9.241417279484054,,0.28553569072979434,0.36066875046234664,,,7.388154915205348,9866219955.0,0.9079978577257506,9.271338083054415,6.384450286754175
ETL,EVINCE TEXTILES LTD,1628272693.0,-27.99999998075998,32.43440233236152,,0.4796006752701209,0.7042047352625378,4.526927212556071,50.83060140202704,83.49758614337235,4743787081.0,1.3912391834029956,32.39069548484574,13.25094810682967
EXIM1STMF,EXIM BANK 1ST MUTUAL FUND,,,,,,,,,,,,,
EXIMBANK,EXPORT IMPORT BANK OF BANGLADESH PLC,8106321151.0,-43.56436045757604,,,0.1474987035140568,0.2518741728223188,0.2571722010942199,,,154714404863.0,2.815108577172269,,
FAMILYTEX,FAMILYTEX (BD) LTD,779152831.0,-43.902438881615545,,,,,,,,,,,
FARCHEM,FAR CHEMICALS INDUSTRIES LTD,3215043732.0,-2.2222222428659135,67.82285537318054,,0.8795625540968723,0.6686861599369053,,,14.754529387050837,5254163721.0,1.43741910597423,20.699224819669436,
FAREASTFIN,FAREAST FINANCE & INVESTMENT LTD,508596289.0,-39.21568699627987,,,2.336745633006188,,,,0.6989440907028736,6754450207.0,31.03331917829248,,
FAREASTLIF,FAREAST ISLAMI LIFE INSURANCE CO LTD,2047951378.0,-29.581154241058357,,,,,,,,,,,
FASFIN,FAS FINANCE & INVESTMENT LTD,387601127.0,-40.42553044212561,,,,,,,,,,,
FBFIF,FIRST BANGLADESH FIXED INCOME FUND,,,,,,,,,,,,,
FEDERALINS,FEDERAL INSURANCE PLC,1427895960.0,,,,,1.5137833361826603,,,,1435003745.0,,,
FEKDIL,FAR EAST KNITTING & DYEING INDUSTRIES PLC.,3784273994.0,-13.300487457207097,,,,0.838415139598489,,,6.872352294124078,4090236924.0,,,
FINEFOODS,FINE FOODS LTD,,,,,,,,,,,,,
FIRSTFIN,FIRST FINANCE LTD,,,,,,,,,,,,,
FIRSTSBANK,FIRST SECURITY ISLAMI BANK PLC,4590929679.0,-52.5000005913018,,,0.13755539123909924,1.5468292091522124,,,,204151970917.99997,6.11688839357497,,
FORTUNE,FORTUNE SHOES LTD.,2594066349.0,-50.63694208769709,,,1.6795715946491327,1.2047453825395156,,,13.962283287599229,2941230946.0,1.9043490770995821,,
FUWANGCER,FU-WANG CERAMIC INDUSTRY LTD,1730617401.0,-34.183676680711166,83.82449246889325,,1.594549248773108,1.0686267061501973,,,5.782138377596136,7853510473.0,7.236035323643127,41.24497028669772,
FUWANGFOOD,FU-WANG FOODS LTD,1607165500.0,,,,,6.267966369118379,,,637.7401612078246,1761117134.0,,,
GBBPOWER,GBB POWER LTD,722805255.0,-34.54545626161011,39.731393396754335,0.5332234185881578,,0.34999058476032546,4.8804800478083745,5.881105301378038,1.0583045587251325,39821151.0,,,
GEMINISEA,GEMINI SEA FOOD PLC,2051295782.0000002,-35.81665261086083,,,5.2035733498146115,14.73292312890252,102.57442149553549,103.05643396726657,72.80187725641356,2784823272.0,7.064331330402773,,
GENEXIL,GENEX INFOSYS PLC,2782395504.0,-54.52793894405454,10.843208125543303,,1.3436425523841762,1.0993455878669356,7.063961190775989,,69.97955003784608,6432974675.0,3.106538433528652,8.369731889747312,
GENNEXT,GENERATION NEXT FASHIONS LTD,1286933778.0,-61.19403017838778,,,,,,,,,,,
GHAIL,GOLDEN HARVEST AGRO INDUSTRIES LTD,2892224176.0,-15.43623688058521,,-0.05658432836093144,3.468698349010861,1.0877015346988785,,,12.71046625785302,4910650843.0,5.889435174006391,41.118200187611464,24.652742823940294
GHCL,GLOBAL HEAVY CHEMICALS LTD ,1389599945.0,-46.005507472567686,,,2.5797205542214763,0.2697105718055795,,,56.59807727744414,2014836095.0,3.740439038326737,,
GIB,GLOBAL ISLAMI BANK PLC,2863575095.2,,,,0.26675072168407016,,0.1820486658924515,0.18860619607171686,,30551542169.2,2.84596899025141,,
GLDNJMF,ICB AMCL CMSF GOLDEN JUBILEE MUTUAL FUND,,,,,,,,,,,,,
GLOBALINS,GLOBAL INSURANCE COMPANY LTD,1086787181.0,-12.861736137067268,17.071320182094084,1.1692126790761086,1.5174223526095059,1.856844190140845,174.9467242995602,204.82489126429,,1157484187.0,1.6161326706139174,,
GOLDENSON,GOLDEN SON LTD,1906200647.0,-41.05263257742382,,-0.017062986801051727,3.139744831475117,0.6723715270647712,,,56.7947916727808,6420761515.0,10.57577789250898,163.70243637842393,62.272418782198756
GP,GRAMEENPHONE LTD,411571438400.0,-10.970464134968358,13.986013986013985,,2.6337896658857898,7.235431695508363,6.8107240449215745,9.253299120472462,44.752480775107,468438372400.0,2.9977010169366793,8.441625264673462,5.138015799201205
GPHISPAT,GPH ISPAT LTD,9097009128.0,-36.241609106402244,17.758669034489202,,0.16052460629038132,0.3600468515703064,19.02685859330178,,2.8914484025922014,68954284165.0,1.2167580960640538,10.878770068780177,8.305381718710278
GQBALLPEN,GQ BALL PEN INDUSTRIES LTD,2557004976.0,,,,,2.4324208833193994,,,10.629331426528424,2312031976.0,,,
GRAMEENS2,GRAMEEN MUTUAL FUND ONE - GRAMEEN TWO,,,,,,,,,,,,,
GREENDELMF,GREEN DELTA MUTUAL FUND,,,,,,,,,,,,,
GREENDELT,GREEN DELTA INSURANCE PLC,4728882846.0,-17.345131401194536,8.99337624778431,,1.825303491981854,0.7096774383530301,11.886517017607952,,,4728882846.0,1.825303526412203,,
GSPFINANCE,GSP FINANCE COMPANY (BANGLADESH) LTD,793589044.0,-62.90322544361615,,,,,,,,,,,
HAKKANIPUL,HAKKANI PULP & PAPER MILLS PLC,1537100000.0,,278.7899621863183,,1.4331116528739136,3.3166519237194594,208.7601497751446,,12.124905744575598,2158815772.0,2.012766924247734,23.83664193325811,15.78851741141586
HAMI,HAMI INDUSTRIES PLC,,,,,,,,,,,,,
HEIDELBCEM,HEIDELBERG MATERIALS BANGLADESH PLC,14086346018.0,-14.008993134888824,53.307326274274445,,0.991101794993265,3.3464932464617596,30.515813015068503,30.515813015068503,6.870043474689875,13384674018.0,0.9417330616723181,30.351216500035147,15.007629037357965
HFL,HAMID FABRICS PLC,746669941.0,-45.39473489846846,,,,,,,,,,,
HRTEX,H.R.TEXTILE MILLS LTD,788980500.0,,,,,12.415125686217856,,,7.133536028806022,4685769073.0,,,
HWAWELLTEX,HWA WELL TEXTILES (BD)PLC,2688000000.0,-7.526881720430108,14.069264069264069,,1.637211783163771,1.3164406560496291,,,1.993027678508128,1263433733.0,0.7695344475127182,22.459055767151636,11.78260465268963
IBNSINA,THE IBN SINA PHARMACEUTICAL INDUSTRY PLC,9623037285.0,1.049872818180918,15.270605195856744,,0.8152046160832229,2.5688421456883153,13.185244045874756,,23.21405315713268,11122473099.0,0.9422276255685038,12.281534979712644,10.052430203587216
IBP,INDO-BANGLA PHARMACEUTICALS LTD,1510665000.0,,,-0.21293282533915334,16.58284500223765,0.9899678297672162,153.88053651181892,153.88058247516602,295.9169333124252,1525442153.0,16.74503085401282,,
ICB,INVESTMENT CORPORATION OF BANGLADESH I.C.B.,45617817402.0,-29.741375577787263,218.27201322860685,,3.8618068831387498,1.1200082473334576,1.7953521560601478,,3.644477204885371,82900520758.0,7.017998497397717,121.75950747487055,97.32430602805356
ICB3RDNRB,ICB AMCL THIRD NRB MUTUAL FUND,,,,,,,,,,,,,
ICBAGRANI1,ICB AMCL FIRST AGRANI BANK MUTUAL FUND,,,,,,,,,,,,,
ICBAMCL2ND,ICB AMCL SECOND MUTUAL FUND,,,,,,,,,,,,,
ICBEPMF1S1,ICB EMPLOYEES PROVIDENT MUTUAL FUND ONE,,,,,,,,,,,,,
ICBIBANK,ICB ISLAMIC BANK LTD,1927636648.0,-27.499997609832146,,-0.03308834897482151,6.381219422139735,,,,,8286229534.0,27.43060954462371,,
ICBSONALI1,ICB AMCL SONALI BANK LTD 1ST MUTUAL FUND,,,,,,,,,,,,,
ICICL,ISLAMI COMMERCIAL INSURANCE PLC.,,,,,,,,,,,,,
IDLC,IDLC FINANCE PLC,16804610840.000002,1.919314001226247,7.281009633335823,0.13977812180023436,0.8663699579112631,0.8293628473089834,7.3888530719790735,7.940003592086228,1.2998181489756258,30131238447.0,1.5534307460149446,4.736890715768456,4.550044020206294
IFADAUTOS,IFAD AUTOS PLC,6223490830.0,-20.764315569546408,,-2.419534762453149,0.7252191343040927,0.6518706754871767,,,2.3321174314162936,33356799247.0,3.88704508488151,50.4049407852846,43.517207236771036
IFIC,IFIC BANK PLC,11916936987.0,-40.18691393069974,,,0.3060674069000393,0.5026347790839075,,,,-15966799026.999996,,,
IFIC1STMF,IFIC BANK 1ST MUTUAL FUND,,,,,,,,,,,,,
IFILISLMF1,IFIL ISLAMIC MUTUAL FUND - 1,440000000.0,-16.363636363636363,,,,,,,,,,,
ILFSL,INTERNATIONAL LEASING & FINANCIAL SERVICES LTD,576706647.0,-45.09803909955403,,-0.0002446716741751386,,,,,0.17785917905405468,12592311071.0,,,
INDEXAGRO,INDEX AGRO INDUSTRIES LTD,3733038101.0,9.62343348904065,14.000430230890576,0.859142402791381,0.8450874444464611,0.9348775771229112,,,31.955787777568123,6507092741.0,1.4730795604178812,10.588145684624918,8.661153024886211
INTECH,INTECH LTD,667141560.0,,,,,,,,,,,,
INTRACO,INTRACO REFUELING STATION LTD,2249129200.0,,19.77575704069921,0.3975028841025385,1.4835730328983345,1.710285304602576,,,114.07633320576467,2635576834.0,1.8775540537574695,18.985947523520853,
IPDC,IPDC FINANCE PLC,7487050295.0,-25.537852256695782,18.950728106922003,1.0883078994614017,0.719282742163887,1.1313914685937638,2.1043616739115745,2.1213768093892447,1.1481970612122971,18411927586.0,1.7688383658134323,10.442456236892964,9.414744893311735
ISLAMIBANK,ISLAMI BANK BANGLADESH PLC,71805578329.0,2.2421525436691256,,,,,,,,,,,
ISLAMICFIN,ISLAMIC FINANCE & INVESTMENT PLC,1080515374.0,-39.0977423941292,,-0.004167413798505992,1.407239109385471,,,,0.8699723288341638,41561319.00000012,0.05412853509882003,,
ISLAMIINS,ISLAMI INSURANCE BANGLADESH LTD,1568394611.0,-15.673286058382905,11.038476976890877,0.6846774840234041,2.7705586494831094,1.6405751302446205,12.876051217810568,13.22826561535702,,1591827069.0,2.811951786371696,,
ISNLTD,INFORMATION SERVICES NETWORK LTD,,,,,,,,,,,,,
ITC,IT CONSULTANTS PLC,5105128963.0,-8.986178313727523,10.922847399829497,0.3759140719368679,3.458273993174151,1.8104230914608082,8.64308875706577,,11.867004289286939,5788187373.0,3.92098589429665,9.868834970595302,
JAMUNABANK,JAMUNA BANK PLC,19350355876.0,8.097498768288622,7.139773519742304,,0.548381907157146,0.8747080407638357,,,,5464004895.0,0.1548478773372972,,
JAMUNAOIL,JAMUNA OIL COMPANY LTD,20870249153.0,-2.2176317346378074,3.7981183230738185,0.10330231713679584,12.585221031465945,0.7434680504480422,1.1922225834532283,1.2440327622041363,0.2899388589292919,-51530244308.0,,,
JANATAINS,JANATA INSURANCE PLC,1168431596.11076,,21.333795854652678,,2.707489477937815,1.679503030956791,30.648496676126825,32.712024662254905,,1168431596.11076,2.707488780997889,,
JHRML,JMI HOSPITAL REQUISITE MANUFACTURING LTD,6577941300.0,,25.20542886160096,,3.700186713661499,1.6133045026560429,68.07282103150838,,11.546337419067767,7213854337.0,4.0578969550939625,18.526713219462028,13.59345777986313
JMISMDL,JMI SYRINGES & MEDICAL DEVICES LTD,4757864853.0,-6.18686122467925,65.91184795794582,,2.4752359927366814,1.8727914991351267,53.658853071336075,60.064670513614914,28.201708922760233,4647269169.17,2.417699619263052,26.839974802783527,19.364839909385967
JUTESPINN,JUTE SPINNERS LTD ,,,,,,,,,,,,,
KARNAPHULI,KARNAPHULI INSURANCE PLC,1364233440.0,,14.08450704225352,1.3631726758162228,2.512493220515881,1.265869476282133,16.30133147322721,20.612774813957675,,1364233440.0,2.512492492680754,,
KAY&QUE,KAY & QUE (BANGLADESH) LTD,2321692600.0,,179.21820364281612,,9.843343333977876,3.5086787178303,83.08574718165245,,472.2258236780163,2423365756.0,10.479898547059637,135.8145263181492,
KBPPWBIL,KHAN BROTHERS PP WOVEN BAG INDUSTRIES LTD,11965744400.0,10.24390244567196,566.06463878327,,115.14087192192,9.955513649335213,1208.8077146685982,1208.8077146685982,189.2345296935291,11920764529.0,114.70804555280122,433.7012473568478,223.40895570695497
KDSALTD,KDS ACCESSORIES LTD,3161564461.0,-2.3943728807047657,19.18302866170165,0.9510810834523892,1.0876865200913066,1.5696296966552115,11.536712703853732,12.09397717995864,27.386032665175755,3338689222.0,1.1486234712824817,14.074127187994895,10.112425939045382
KEYACOSMET,KEYA COSMETICS LTD,5180891489.0,-32.352944470490364,,,,,,,,,,,
KOHINOOR,KOHINOOR CHEMICALS COMPANY (BANGLADESH) LTD.,19380620179.0,0.7645216886393972,32.7590633826191,0.8217850278808291,3.2703787370095494,8.636997290350553,16.96055538561004,17.500363857733323,12.527327224162267,18165397625.0,3.0653162059715995,22.159771572583875,
KPCL,KHULNA POWER CO LTD,4172838364.0,-60.902257637293495,31.503150315031505,20.273203790967425,2.837775844340124,0.55643938149378,14.140095028914159,19.135882960993847,15.628215525956,4362483883.0,2.966745955299586,,43.222831914925656
KPPL,KHULNA PRINTING & PACKAGING LTD,1241680016.0,0.0,,,,,,,,,,,
KTL,KATTALI TEXTILE LTD,1418921000.0,,,,,,,,,,,,
LANKABAFIN,LANKABANGLA FINANCE PLC,9106372524.0,-24.215245755106732,,,,,,,,,,,
LEGACYFOOT,LEGACY FOOTWEAR LTD,3050064000.0,,645.8519179304193,,69.84823307176377,6.6610605806899175,314.83800500915953,,28.267684197623346,2941535127.62,67.36289027660867,,
LHB,LAFARGEHOLCIM BANGLADESH PLC ,65733740318.0,-13.559326417827249,17.76083317835224,,2.3388533607712745,3.5099196577552685,9.1864999717006,11.70480872294702,7.923850401784557,57449553318.0,2.0440952059065665,10.728468350865661,
LIBRAINFU,LIBRA INFUSIONS LTD,,,,,,,,,,,,,
LINDEBD,LINDE BANGLADESH LTD,14433016970.0,-12.125700626629408,,,,4.1433152689148995,,,9.269843753205983,12902614750.0,,,
LOVELLO,TAUFIKA FOODS AND LOVELLO ICE-CREAM PLC,8162550000.0,,38.963376226041575,0.31090853519918543,5.6788549072986365,6.85797187756382,30.27594670794855,177.3797213436951,71.85515193661941,9427782310.0,7.20717965634744,24.110019900943584,
LRBDL,LUB-RREF (BANGLADESH) LTD,2004353400.0,,,,3.225636430390399,0.37395349781410825,7.305437796590614,,9.162550470868279,5547769972.0,8.928101794416715,,43.119087858240206
LRGLOBMF1,LR GLOBAL BANGLADESH MUTUAL FUND ONE,,,,,,,,,,,,,
MAGURAPLEX,MAGURA MULTIPLEX PLC,,,,,,,,,,,,,
MAKSONSPIN,MAKSONS SPINNING MILLS PLC,1500864976.0,-46.511625571708855,,,,0.8607344673292583,,,19.760660753337206,8521158875.0,,,
MALEKSPIN,MALEK SPINNING MILLS PLC,5749920329.0,-6.769233115017776,4.277450367996524,0.14779922729070896,0.25085029625203625,0.5339792165117901,,,7.886663850328626,13927721737.0,0.6076211710497519,5.690878546846154,4.65074491459116
MARICO,MARICO BANGLADESH LTD,91264951538.0,22.03906041033248,15.573781858250852,0.5476392672789756,5.59586305608731,12.210848058870338,19.96830118373379,20.72662672466778,29.74558906191241,88347549862.0,5.416984180329877,13.223880353179151,12.661001003031313
MATINSPINN,MATIN SPINNING MILLS PLC,5030483741.0,9.643602530436572,12.771916270310728,0.11078874037881911,0.5602077649396564,0.9385804653549368,,,8.713318713483021,9849669704.0,1.0968848027886955,9.772430465808647,6.832398207240676
MBL1STMF,MBL 1ST MUTUAL FUND,,,,,,,,,,,,,
MEGCONMILK,MEGHNA CONDENSED MILK INDUSTRIES LTD,,,,,,,,,,,,,
MEGHNACEM,MEGHNA CEMENT MILLS PLC,1326718243.0,-42.24966038195207,,,1.6991234915408568,,,,30.208345822731992,15076532546.000002,19.308463139633677,469.7314202642256,95.46072639019746
MEGHNAINS,MEGHNA INSURANCE COMPANY LTD,,,,,,,,,,,,,
MEGHNALIFE,MEGHNA LIFE INSURANCE PLC,2463743219.0,-29.246488692235438,,,,,,,,,,,
MEGHNAPET,MEGHNA PET INDUSTRIES LTD,,,,,,,,,,,,,
MERCANBANK,MERCANTILE BANK PLC,10291150663.0,-26.01625821144805,22.565320665083135,,0.25136156759805933,0.3797619652002125,0.4611784956500625,0.4657305154181213,,7578942175.000004,0.18511580335983546,,
MERCINS,MERCANTILE INSURANCE COMPANY PLC,1038598187.9999999,-24.45820372650459,12.964023533086895,0.14848194359816771,2.1918337550309914,1.2708250716944385,11.724275964754092,12.314688154172408,,1043791828.9999999,2.202794321128993,,
METROSPIN,METRO SPINNING LTD,660171810.0,,,-0.03258696932014215,200.69621743371965,2.278899688689758,,,182.98553894125922,1423542869.0,432.7658052044031,,
MHSML,MOZAFFAR HOSSAIN SPINNING MILLS LTD,1525000042.0,-16.666668361302037,18.83375588554871,,0.5275163805784452,0.7931766470491032,,,6.680490970789396,5397491476.0,1.8670591907080913,10.810464401860617,7.668858297930195
MIDASFIN,MIDAS FINANCING PLC,1007247513.0,-39.166665067285976,,,2.0230257687855078,4.879999457777838,4.5792379742024245,4.583207974687526,0.8686576955817071,2230840704.0000005,4.480575043074738,,
MIDLANDBNK,MIDLAND BANK PLC,12452451354.0,,20.248270248270245,,1.1140308757606592,1.3675387532307242,,,,17048678739.0,1.5252221750274055,,
MIRACLEIND,MIRACLE INDUSTRIES LTD,972019560.0,,,,4.242525112787502,1.5447678061686276,,,517.1953773712717,1764714613.0,7.702371368844485,,
MIRAKHTER,MIR AKHTER HOSSAIN LTD,3345384400.0,,14.291506182850192,,1.7015675144869222,0.5532672787136889,2.275605785700474,3.064253167395545,12.497420803059363,23475542194.000004,11.940442423340986,60.756081145992404,
MITHUNKNIT,MITHUN KNITTING AND DYEING LTD,,,,,,,,,,,,,
MJLBD,MJL BANGLADESH PLC,30788297776.0,14.941172877256559,9.798180895499083,2.218325315227784,0.7417236213251736,1.974487031612442,12.875276604883858,,13.740507353575286,51734220118.0,1.2463337307011844,8.363875687358952,6.899472278369346
MLDYEING,M.L. DYEING LTD,2138392800.0,,40.95860566448802,0.13682579337339193,2.3099236246819417,0.6991654642012407,,,85.26985310810402,2500775393.0,2.7013736314378733,34.592483627266745,10.754945388268617
MONNOAGML,MONNO AGRO & GENERAL MACHINERY LTD,1655816159.0,-10.39778378367078,189.71315529179034,,14.918577900724314,3.4368331392424527,428.4762875130382,,614.9211271392335,1702816876.0,15.342043505704728,107.14607638329575,81.40099709018699
MONNOCERA,MONNO CERAMIC INDUSTRIES LTD,3191477046.0,-6.929637282855196,106.63841807909604,,10.235863654859692,1.1163808559166335,,,136.60831016407633,4219436722.0,13.532786240930513,,71.09871996794402
MONNOFABR,MONNO FABRICS LTD,1610000000.0,,154.09482758620692,,0.9775007225824993,0.5621873569960482,71.60733004765491,98.65476770386654,177.46681845322533,5594732202.0,3.396804205037623,17.370821044842646,14.328356188176715
MONOSPOOL,MONOSPOOL BANGLADESH PLC,3969833989.2,,31.282669883393645,,2.2255304973935384,2.6080450255396217,,,45.03913838848329,8203463936.199999,4.598948040292085,19.16403944686127,18.352044147738148
MPETROLEUM,MEGHNA PETROLEUM LTD,22757848312.0,-2.984389304152515,3.6693035800925498,0.08702479458436269,0.15736964988885235,0.826874049290785,1.973673955924717,2.0853272156035927,0.37776809466942335,-37507065786.0,,,
MTB,MUTUAL TRUST BANK PLC,14058612915.0,-4.765099382719379,4.429976172097862,0.417527885243298,0.2726552396757702,0.48427891236826326,1.3116759223561754,1.4031565671381498,,45660747839.0,0.9741079704114658,,
NAHEEACP,NAHEE ALUMINUM COMPOSITE PANEL PLC,1387712060.0,,77.72020725388602,,4.4918523356476605,1.0767679119060278,2589.4280241127726,,55.27503090817892,1494937544.0,4.838930799430818,46.77143313032536,26.31386561026604
NATLIFEINS,NATIONAL LIFE INSURANCE PLC,11470773791.0,-2.499997172658651,,,,,,,,,,,
NAVANACNG,NAVANA CNG LTD,1601718835.0,-16.603772130241897,199.80970504281638,18.767187179343665,0.37077991072774863,0.7519184662581959,,,7.244941874300233,13574319583.0,3.1423025744319384,26.13611911605313,15.542159132688706
NAVANAPHAR,NAVANA PHARMACEUTICALS LTD,6026049605.4,,14.337646490581387,,0.7114346688118313,1.2445811620283582,4.127881478270215,16.75857639995957,28.042213267388888,10751730205.4,1.269347898720778,8.016431566087824,6.558343003187463
NBL,NATIONAL BANK LTD,12235009954.0,-54.32098921585708,,,0.5847893903803844,,,,,95588213722.99998,4.568772036839566,,
NCCBANK,NATIONAL CREDIT AND COMMERCE BANK PLC,13991331429.0,-3.8461538472195946,5.138787731650076,0.05773116061200007,0.3714657919286149,0.5457408152250515,,,,21489132304.0,0.5705302483999366,,
NCCBLMF1,NCCBL MUTUAL FUND-1,,,,,,,,,,,,,
NEWLINE,NEW LINE CLOTHINGS LTD,526168714.0,-85.531914486074,,,,,,,,,,,
NFML,NATIONAL FEED MILL LTD,952285529.0,-26.950355261289015,,,,,,,,,,,
NHFIL,NATIONAL HOUSING FINANCE PLC,2785342571.0,-30.83573640264717,,,1.3750707864546152,1.3371178479142591,7.805588072427999,7.8406184457654575,2.2567461348375186,2913498115.0,1.4383387529636906,7.065290394414423,6.831536830647886
NITOLINS,NITOL INSURANCE CO LTD,1097668556.0,-15.550468706587884,13.463251087013463,0.23232885875067882,1.756835332862972,0.8020129589066659,110.60238798784475,,,1116100736.0,1.8756531544810078,,
NORTHERN,NORTHERN JUTE MANUFACTURING CO LTD,,,,,,,,,,,,,
NORTHRNINS,NORTHERN ISLAMI INSURANCE PLC,1220064993.0,-35.77777859330609,,,,1.1512806327092582,,,,1220064993.0,,,
NPOLYMER,NATIONAL POLYMER INDUSTRIES PLC,2196809370.0,,23.181276088252837,,0.39125454733047055,1.0267899739076491,4.581369251716624,15.547609392931479,15.48319711714933,7576115762.0,1.349316460101483,13.882536155473966,
NRBBANK,NRB BANK PLC,6215284424.0,,,,0.5611035958943936,0.812053316102668,1.327569000652357,1.367027392179287,,1943686579.999999,0.17547217294526476,,
NRBCBANK,NRBC BANK PLC,5800546753.0,-40.98360720049726,,,0.28454710651179876,0.4259107291111783,,,,14443324466.43,0.7085204845277693,,
NTC,NATIONAL TEA CO LTD,1877926111.0,-5.390675907790134,,,,,,,,,,,
NTLTUBES,NATIONAL TUBES LTD,2872798834.0,13.722824267876504,44.8268647348049,0.06871204701683307,5.444815064751522,0.6271272566336453,28.335039307251463,31.06525918819494,1056.9892906919456,3250588798.0,6.160840494679632,28.195119276711946,
NURANI,NURANI DYEING & SWEATER LTD ,343350000.0,,,,,,,,,,,,
OAL,OLYMPIC ACCESSORIES LTD,1186688736.0,-47.4074081197907,,,53.90255152188809,0.7074980644874379,,,76.53550343542312,1504691138.0,68.34705656014556,,
OIMEX,OIMEX ELECTRODE LTD,1673641384.0,-12.355208096043672,,,,,,,,,,,
OLYMPIC,OLYMPIC INDUSTRIES PLC.,33249835238.0,9.660226123876681,17.968598146988317,1.6839361221230258,1.189837328622031,2.761285384984416,7.820746479533757,10.314436413659084,5.610989123938086,27751054697.0,0.9930647492657373,15.00421491415266,11.784256785001459
ONEBANKPLC,ONE BANK PLC,8526575194.999999,-24.299060501606917,8.532778355879293,,0.24718000914278096,0.35671374418056323,52.71288955722762,,,7393381267.999999,0.21432943812077843,,
ORIONINFU,ORION INFUSIONS LTD,9363472020.0,,242.4930857368629,,13.870048774123292,31.2464799981163,4052.554214024845,5844.929960065719,360.9070807362912,9652981387.0,14.298925164772545,114.80862065376934,91.4560689504105
ORIONPHARM,ORION PHARMA LTD,7371000000.0,-49.99999999654247,,,1.1903341047286704,0.36106973075075033,7.0552743383705545,,23.419015804454045,32272236619.000004,5.211605465129445,57.44176764957547,26.538668270739997
PADMALIFE,PADMA ISLAMI LIFE INSURANCE LIMITED,758160021.0,-17.283946456688287,,,,,,,,,,,
PADMAOIL,PADMA OIL PLC,19695666363.0,-7.582066079618081,3.6168406117996064,0.07246779894345957,0.22760790046460247,0.7833075948829336,2.264919365061311,2.4941472709705725,0.36787233121254354,-34034118637.0,,,
PARAMOUNT,PARAMOUNT INSURANCE PLC.,1561534779.0,-27.25563868893961,17.384830968646,2.239367967093701,3.765135743039638,1.4013423235738254,10.672519196595815,14.845139751652747,,1561534779.0,3.7651359470251795,,
PDL,PACIFIC DENIMS LTD,1130852358.0,-45.8333333426982,,,,,,,,,,,
PENINSULA,THE PENINSULA CHITTAGONG PLC,1269734671.0,-43.08510509142063,,-0.08120761371834073,3.308318144155875,0.38387619526311123,11.542698880566126,,11.033972111310534,3348009860.0,8.723303571409495,116.6376360115202,47.631307733050924
PEOPLESINS,PEOPLES INSURANCE CO LTD,1510740000.0,,10.14691235059761,0.4564306150270882,1.917246603919875,0.8981473369380449,5.679260387233461,7.683579295413758,,1510740000.0,1.9172466039198728,,
PF1STMF,PHOENIX FINANCE 1ST MUTUAL FUND,,,,,,,,,,,,,
PHARMAID,PHARMA AIDS LTD ,2063880000.0,,38.90753289802347,8.280943305203488,4.951557861112138,4.9771928782535015,,,48.035902455469916,2026086768.0,4.860886225645703,27.255450224343374,25.063178127239787
PHENIXINS,PHOENIX INSURANCE CO LTD,1020642480.0,,18.347973930291868,,2.218942249041025,0.7772861967776534,,,,1028271755.0,2.235530334103631,,
PHOENIXFIN,PHOENIX FINANCE AND INVESTMENTS LTD,580559669.0,-58.62068984394157,,,,,,,1.2413667621023836,3988099420.0000005,,,
PHPMF1,PHP FIRST MUTUAL FUND,930247725.0,-19.51219512195122,,,,,,,,,,,
PIONEERINS,PIONEER INSURANCE CO LTD,4088099370.0,-22.7777763582978,9.64906334033851,,2.210517456517665,0.9703700791499286,11.506413704917712,11.862727421316968,,4088099370.0,2.2105174640877454,,
PLFSL,PEOPLE'S LEASING & FINANCIAL SERVICES LTD,542337100.0,-53.4883741109108,,,,,,,0.4624323502273793,4132427535.0,,,
POPULAR1MF,POPULAR LIFE FIRST MUTUAL FUND,,,,,,,,,,,,,
POPULARLIF,POPULAR LIFE INSURANCE CO LTD,2719276199.0,-22.53756201010827,,,,0.8600608938268087,,,,2776416326.0,,,
POWERGRID,POWER GRID COMPANY OF BANGLADESH LTD,30064251919.0,-21.83098490798566,,-0.018370330671525277,0.9880747621635015,17.226528854435834,1.6436324267429847,,1.5490600513731483,596610524940.0,19.607866567696266,47.448665294341225,25.382158959768237
PRAGATIINS,PRAGATI INSURANCE LTD,4052843740.0,,9.796089172943772,0.7825170440943939,2.5218615663279733,0.9618518355961754,35.04962831655593,43.62034596334915,,4052843740.0,2.521862014095518,,
PRAGATILIF,PRAGATI LIFE INSURANCE PLC,4396868619.0,-27.642276022809906,,,,10.745649347128978,,,,4396868619.0,,,
PREMIERBAN,PREMIER BANK LTD,8757361064.0,-33.02751884465221,,,,,,,,,,,
PREMIERCEM,PREMIER CEMENT MILLS PLC,4935059777.0,-27.4691392114083,18.613861386138616,,0.20265477672090682,0.7356214185410405,6.8811817749341495,,5.65228920558273,28110927209.0,1.1543555046863765,11.404219633449232,8.449989605743404
PREMIERLEA,PREMIER LEASING & FINANCE LTD,372316552.0,-45.0980391809897,,,,,,,,,,,
PRIME1ICBA,PRIME BANK 1ST ICB AMCL MUTUAL FUND,,,,,,,,,,,,,
PRIMEBANK,PRIME BANK PLC,32148359845.0,23.089527526773484,3.9660927004343147,0.08552073831057777,0.6166134490099872,0.8046791526048511,2.0647523420660794,2.2136873061172087,,109670292661.0,2.103503269431029,,
PRIMEFIN,PRIME FINANCE & INVESTMENT LTD,1091665894.0,-48.717949939323596,,,,,,,,,,,
PRIMEINSUR,PRIME INSURANCE CO LTD,1418449250.0,,18.062827225130892,,1.898551709313226,1.540516934969645,,,,1418449250.0,1.8985518022030414,,
PRIMELIFE,PRIME ISLAMI LIFE INSURANCE LTD,1242173435.0,-0.24155141498675758,,,0.3164355664500232,12.382073677901802,,,,1481959537.0,0.377519531709399,,
PRIMETEX,PRIME TEXTILE SPINNING MILLS LTD,523340000.00000006,,,,,,,,,,,,
PROGRESLIF,PROGRESSIVE LIFE INSURANCE CO LTD,793880640.0,,,,,,,,,,,,
PROVATIINS,PROVATI INSURANCE CO LTD,1273866698.0,-18.18181815253086,17.840271216584227,,1.4201012742515444,1.4527305904331582,15.047053629521418,,,1351347281.0,1.5064763149663964,,
PTL,PARAMOUNT TEXTILE PLC ,8257288705.000001,-10.398615621052642,8.37176303653778,,0.6869251368461768,1.2184147907295155,5.532892219328634,,12.369523330902924,31971476725.0,2.659712225368295,14.616708168900866,10.36533781727662
PUBALIBANK,PUBALI BANK PLC,37741609619.0,22.537167417956233,4.256753909048763,0.444370868587432,0.38286014205493163,0.6859477602107739,1.6312784169990955,1.853985713972665,,6933599306.999989,0.07033612851058295,,
PURABIGEN,PURABI GENERAL INSURANCE CO LTD,1040737500.0,,,,,1.2250989879982301,,,,1048363562.0,,,
QUASEMIND,QUASEM INDUSTRIES LTD,2981786500.0,,103.65106591521685,,2.07902951362685,1.4698523892919688,63.03428889756529,222.53918134547857,192.4300286174309,4089739538.0,2.8515403128659256,68.57855172325904,
QUEENSOUTH,QUEEN SOUTH TEXTILE MILLS LTD,1938032700.0,,,,,0.8190965802405142,,,56.18368712951917,4056372549.0,,,
RAHIMAFOOD,RAHIMA FOOD CORPORATION LTD,3168031299.0,28.734754470592577,315.21519498888665,,31.65222513367161,16.965852958257475,1034.4852144695183,1040.718088300044,156.92834743427736,3148149415.0,31.453578784293153,267.8323298605262,189.6852636367471
RAHIMTEXT,RAHIM TEXTILE MILLS LTD ,1957207792.0,,170.44788614483048,,1.5528431397119424,8.038851818217712,4.882371386309214,,62.36367870142055,3205289266.0,2.5430666530980983,23.344005297919097,15.597504809364354
RAKCERAMIC,RAK CERAMICS (BANGLADESH) LTD,9286921539.0,-27.392737443831287,,,1.4104341364938597,1.3981916297893624,22.464519454131427,66.13360753815306,25.878159764467338,10766966221.0,1.635213329852313,181.925964855247,18.038344143166498
RANFOUNDRY,RANGPUR FOUNDRY LTD,1587000000.0,,41.943286500952084,15.525366868120923,1.0582241727977997,4.736554577894529,,,83.84342369219691,1711271000.0,1.1410890601183767,19.26753960732645,18.023840363764823
RDFOOD,RANGPUR DAIRY & FOOD PRODUCTS LTD,1776347106.0,-30.63062791254036,27.97534376481745,,1.4254664926461336,1.3531512656837972,22.710349190618967,,29.891590528346264,2213319926.0,1.8294081474150776,16.13965812934347,
RECKITTBEN,RECKITT BENCKISER (BANGLADESH) PLC,15926085140.0,-29.344460335433922,21.063552362683517,,2.840997734277156,8.770940650168392,,,6.39222539936128,13594344140.0,2.425046764520214,12.866903702967827,
REGENTTEX,REGENT TEXTILE MILLS LTD,437281278.0,-45.00000084880533,,,,,,,,,,,
RELIANCE1,RELIANCE INSURANCE MUTUAL FUND,,,,,,,,,,,,,
RELIANCINS,RELIANCE INSURANCE LTD,6099343048.0,-15.351502746088808,6.095276666835417,0.1953598177692514,2.7229226254918313,0.8478955640554817,4.4992725438001635,4.735885666111749,,6099343048.0,2.7229226263846904,,
RENATA,RENATA PLC,56694476106.0,-34.02722474058771,20.360330982757915,0.8892047219644603,1.3695952417271564,1.6512724765209386,12.114405732336898,,55.752442121857946,74669578106.0,1.8038360133828593,16.27751056655544,11.865954785343014
RENWICKJA,RENWICK JAJNESWAR & CO (BD) LTD,1374400000.0,,,,,,,,,,,,
REPUBLIC,REPUBLIC INSURANCE COMPANY LTD,1542657212.0,-22.01591638219178,14.578947368421053,,2.600551064476593,1.4705531031590349,44.291667244860115,57.126869186433424,,1557112161.0,2.6249187819368136,,
RINGSHINE,RING SHINE TEXTILES LTD,1500939000.0,,,,0.49079905497619425,,,,3.8854995299170345,7861679821.0,2.5707271881458276,,
ROBI,ROBI AXIATA PLC,141947989156.0,-22.318842791456213,16.707734839834124,0.18948953637762392,1.4594716727999604,2.258379766866969,3.138959806873222,5.741551088414096,37.22567972903638,189441823156.0,1.9477907763411748,8.665423424997604,3.765140251734489
RSRMSTEEL,RATANPUR STEEL RE-ROLLING MILLS LTD,991653071.0,-33.97435931628268,,,,,,,,,,,
RUNNERAUTO,RUNNER AUTOMOBILES PLC,3235888069.0,-3.703704870125594,9.443114934350946,,0.32157780160226984,0.4426909972873048,2.897182798857036,5.126644548294827,1.4825696124692387,14863080638.0,1.4770711177355011,7.107040320364494,6.484319600715714
RUPALIBANK,RUPALI BANK PLC,10880884741.0,-22.105260479093666,,,0.19239423171088105,0.6450001548568653,0.9496582997632843,0.9890993547396355,,-22576130433.0,,,
RUPALIINS,RUPALI INSURANCE CO LTD,1609973671.0,-21.93308439885643,,,,0.8611032256762029,,,,1609973671.0,,,
RUPALILIFE,RUPALI LIFE INSURANCE COMPANY LTD,2569218758.0,-39.66244381089384,,,,,,,,,,,
SAFKOSPINN,SAFKO SPINNINGS MILLS LTD,,,,,,,,,,,,,
SAIFPOWER,SAIF POWERTEC LTD,2541568907.0,-66.98564487211422,,,,,,,,,,,
SAIHAMCOT,SAIHAM COTTON MILLS LTD,2350645173.0,-4.402514627603922,17.01168272186924,4.669885855438617,0.41322706002716353,0.43544044538737414,,,11.750978910812085,5821247975.0,1.0233349512148078,10.482814849573963,7.052991510806253
SAIHAMTEX,SAIHAM TEXTILE MILLS LTD ,1340324904.0,-15.730333433964287,28.26404084609774,,0.37723763216195644,0.3548488492709687,1.8565724109290236,1.9339284119331255,36.7938500125305,2729210844.0,0.7681428283896038,7.700957000659032,5.598040972402026
SALAMCRST,S. ALAM COLD ROLLED STEELS LTD,1800191080.0,-0.5208353171449309,,,,,,,,,,,
SALVOCHEM,SALVO CHEMICAL INDUSTRY LTD,1651579010.0,-41.08351956156361,329.14572864321605,,0.6621185123139469,1.6037088521668128,4.7341358205198425,23.44775271030787,13.394248198692347,2504419461.0,1.0040225419189284,26.433482964288793,11.683215011611049
SAMATALETH,SAMATA LEATHER COMPLEX LTD,1017902903.0,70.13487575477828,,,,,,,,,,,
SAMORITA,SAMORITA HOSPITAL LTD,1486821150.0,4.870631233572505,134.5073061071562,,3.8042482874576464,1.4751504941137796,56.51247710245644,249.2685676294153,41.46831283545712,1456254150.0,3.7260381059276773,138.493419382081,40.862203362293855
SANDHANINS,SANDHANI LIFE INSURANCE CO LTD,2413369888.0,-7.594941299180248,,,,1.3070810969215554,,,,2423836796.0,,,
SAPORTL,SUMMIT ALLIANCE PORT LTD,5637437429.0,-1.2448180067086854,9.089893081995307,0.11454667130403486,0.8227878987380455,0.7062435110259373,8.345105864193295,9.411249702782044,10.9594686895131,8712907034.0,1.2716547962725024,6.545843786598197,5.932513620925616
SBACBANK,SBAC BANK PLC,6593533200.0,,,,0.5433599577201819,0.5977678473796627,5.017429413982995,,,3177960448.0,0.26188940015676077,,
SEAPEARL,SEA PEARL BEACH RESORT & SPA LTD,6762000000.0,,,,10.54978415292959,3.377186502109234,17.19677077400618,,83.82923308338907,12339176726.0,19.25105753980366,143.7441742854803,
SEMLFBSLGF,SEML FBLSL GROWTH FUND,,,,,,,,,,,,,
SEMLIBBLSF,SEML IBBL SHARIAH FUND,,,,,,,,,,,,,
SEMLLECMF,SEML LECTURE EQUITY MANAGEMENT FUND,,,,,,,,,,,,,
SHAHJABANK,SHAHJALAL ISLAMI BANK PLC,20701212363.0,-3.125001863389093,13.273388995932349,,0.6347577441414817,0.8328829347212328,0.69596654703532,0.7025958137593887,,26157170358.999996,0.8020528937485196,,
SHARPIND,SMART INDUSTRIES PLC,5280066205.0,16.55629095974204,29.92898207642881,0.01878882438170714,1.2443266504041208,1.6921428168537425,72.54982825158336,,11.170966156999608,7952322512.0,1.8740836816819297,15.398687872774198,
SHASHADNIM,SHASHA DENIMS PLC,2609164223.0,-17.256635201750008,8.742559523809526,0.07023269195284754,0.22368806125191695,0.45233235071348216,4.887083809459846,,10.0029069931615,7018991964.0,0.6017500252125534,6.471477705217463,5.078987583456693
SHEPHERD,SHEPHERD INDUSTRIES PLC,2680408398.0,22.068970768216687,131.1228334589299,,1.0743872936778074,1.2583919919983624,46.35201335938057,,87.47940607144417,4290404286.0,1.719721313266803,19.271317665596438,14.566193055371373
SHURWID,SHURWID INDUSTRIES LTD,390100725.0,-41.379310640187136,,,,,,,,,,,
SHYAMPSUG,SHYAMPUR SUGAR MILLS LTD,,,,,,,,,,,,,
SIBL,SOCIAL ISLAMI BANK PLC,8260423723.0,-30.35713997191992,,,0.26420492437742715,0.4921462861410882,,,,113623305367.99998,3.815885212315068,,
SICL,SIKDER INSURANCE COMPANY LIMITED,816000000.0,,,,,1.948661288613764,,,,911281561.0,,,
SILCOPHL,SILCO PHARMACEUTICALS LTD,1577866400.0,,,,,0.6692841180617184,,,64.66987505007116,1559293120.0,,,
SILVAPHL,SILVA PHARMACEUTICALS LTD,1597049974.0,-34.14633877227268,,-0.03729262140426052,3.6995806094913863,0.77945164319721,279.78348599710597,,11.20060218291306,1487400191.0,3.445575846202301,,
SIMTEX,SIMTEX INDUSTRIES PLC,1384959960.0,,18.24742268041237,8.698169577109228,0.7321819678582092,0.7949246977265154,18.65497993339818,61.07009535224455,10.98626812794207,1972957288.0,1.0430367203222064,10.313884964393063,7.085657607435152
SINGERBD,SINGER BANGLADESH LTD,10648263906.0,-25.938805463527448,,,0.5262513703240537,5.015435718910398,90.43827664396862,,13.73952365691714,31028681668.999996,1.533478849720917,36.06514321439904,19.978563416386518
SINOBANGLA,SINOBANGLA INDUSTRIES LTD,1348123050.0,,36.08928988099868,,0.4900513176644244,1.7946294167609105,56.625837465902656,95.11947722749765,19.521546516310913,1503024050.0,0.546357014587878,8.30059198896895,6.232260525385668
SIPLC,SENA INSURANCE PLC,,,,,,,,,,,,,
SKTRIMS,SK TRIMS & INDUSTRIES LTD,796179939.0,-53.271027221176816,,,,,,,,,,,
SONALIANSH,SONALI AANSH INDUSTRIES LTD,2312793600.0,,,,,,,,,,,,
SONALILIFE,SONALI LIFE INSURANCE COMPANY LTD,,,,,,,,,,,,,
SONALIPAPR,SONALI PAPER & BOARD MILLS LTD,6259585530.0,,,,2.1837181418314655,1.195155000662447,,,9.75877496712201,6722375144.0,2.345166791349526,,
SONARBAINS,SONAR BANGLA INSURANCE LTD,1084722636.0,-15.210352485373194,,,,,,,,,,,
SONARGAON,SONARGAON TEXTILES LTD,,,,,,,,,,,,,
SOUTHEASTB,SOUTHEAST BANK PLC,12705265442.0,-22.49999840922253,23.919941420551623,,0.2663431591458092,0.40275368447701,1.055634993358727,1.0727248218181027,,8556665586.000003,0.1793751819326945,,
SPCERAMICS,SHINEPUKUR CERAMICS LTD,2807051596.0,-27.306271272922174,,,1.4916749757230852,,23.954067470049804,24.803702575688728,39.40700165533469,3670605596.0,1.950570649956331,,
SPCL,SHAHJIBAZAR POWER CO LTD,7689222982.0,-36.33587669909563,115.19871106337271,,0.7130191135597177,1.1127841782322294,,,54.645291715060736,10328979790.0,0.957802876036534,19.89549459296645,
SQUARETEXT,SQUARE TEXTILES PLC,10336005043.0,2.6415123086690095,8.242937267843667,0.5424258390335307,0.435352734617357,1.0368307601812312,,,14.304977934460082,25012716971.0,1.0535361529180771,8.970048789398014,6.603276145097612
SQURPHARMA,SQUARE PHARMACEUTICALS PLC,199362821964.0,-2.521740457238327,8.516287683064355,0.5258200649116332,2.6280313519489176,1.5096128845793981,10.468950674925866,14.729186043203216,3.9619316299127276,149824427518.0,1.975008523709302,8.191996908146752,7.305212757665962
SSSTEEL,S.S. STEEL LTD,1952082000.0,,306.0109289617486,,0.07434834952701726,0.2555108208832644,,,2.0912797932421228,22252130492.0,0.915311259726658,6.417162836103565,
STANCERAM,STANDARD CERAMIC INDUSTRIES LTD,630559440.0,,,,,,,,435.0782555780933,848314440.0,,,
STANDARINS,STANDARD INSURANCE LTD,1926698376.0,13.730578363756388,18.682644696875126,,4.528325137587389,2.055666910538658,45.55345632190453,45.72309313082382,,1962985721.0,4.613611473125037,,
STANDBANKL,STANDARD BANK PLC,7476143098.0,-11.538462478394141,8.733624454148472,,0.30578333446423456,0.39143088712054225,0.5089378881427152,,,35079361597.0,1.4706581430715882,,
STYLECRAFT,STYLECRAFT LTD ,1173261406.0,31.00649183338993,,,11.39360191046686,14.420705096580773,,,23.761391527593286,2592159371.0,25.172593755300415,,3066.773189863234
SUMITPOWER,SUMMIT POWER LTD,16552096558.000002,-29.12621305476799,,,0.3494907464124824,0.35015741808490214,3.755646070988855,5.398600472541435,2.996223250813643,56298941616.0,1.1887290706738551,8.071796110236146,
SUNLIFEINS,SUNLIFE INSURANCE COMPANY LTD,1841675472.0,-9.548611350732747,,,,,,,,,,,
TAKAFULINS,TAKAFUL ISLAMI INSURANCE PLC,1409628811.0,-13.010209641462579,22.88021534320323,,1.9472731105909282,1.7417649098918415,13.03944114329812,13.629860763281576,,1409628811.0,1.9472729341850852,,
TALLUSPIN,TALLU SPINNING MILLS LTD ,536012399.99999994,,,,,,,,,,,,
TAMIJTEX,TAMIJUDDIN TEXTILE MILLS PLC,4142929440.0,,20.319604271263753,14.424365451012589,1.0070029277887915,1.3652953078024437,10.276498212269662,19.363073108346825,20.723592552363055,8489612440.0,2.0635335673456923,10.50886603812444,
TECHNODRUG,TECHNO DRUGS LTD.,4157943300.0,,,,,1.0558877734524499,,,9.46894367389815,6323503139.0,,,
TILIL,TRUST ISLAMI LIFE INSURANCE LTD,,,,,,,,,,,,,
TITASGAS,TITAS GAS TRANSMISSION AND DISTRIBUTION PLC,21861802196.0,-17.64706253743394,,-0.004071385958983567,0.06128581975403299,0.2656989170271107,1.4328364543784164,1.528413263552278,0.6420013346757564,-9393320199.0,,,
TOSRIFA,TOSRIFA INDUSTRIES LTD,1324486052.0,-28.467150874436598,29.671332927571516,3.0485339371523135,0.2425129983233825,0.6242397080478904,5.232290441564344,9.185462231034313,2.5246714915344715,3101973626.0,0.5793298236309129,14.454597922276006,8.970710456521948
TRUSTB1MF,TRUST BANK 1ST MUTUAL FUND,,,,,,,,,,,,,
TRUSTBANK,TRUST BANK PLC,17754722581.0,-34.4481566769846,5.282017252820172,,0.33108220254104714,0.6845521687231898,1.4944429536019739,1.5250269145437894,,21946027326.0,0.4092398121951596,,
TUNGHAI,TUNG HAI KNITTING & DYEING LTD,277297869.0,-43.75000124527634,,,,,,,,,,,
UCB,UNITED COMMERCIAL BANK LTD,15813833420.0,-18.897635073890005,,,0.20342729810883106,0.39623268181544485,0.8294090960463087,,,32609052301.999992,0.41947900406293437,,
UNILEVERCL,UNILEVER CONSUMER CARE LTD,47700084848.0,-23.55295566530299,,,,,,,,,,,
UNIONBANK,UNION BANK PLC,2901585058.0,-63.636363356095046,,,,,,,,,,,
UNIONCAP,UNION CAPITAL LTD,759324900.0,-52.17391104438871,,,,,,,0.4217202182947074,9423385496.0,,,
UNIONINS,UNION INSURANCE CO. LTD,,,,,,,,,,,,,
UNIQUEHRL,UNIQUE HOTEL & RESORTS PLC,11452160212.0,-28.18181817990927,6.821843611806245,5.554711475071291,4.205180172236933,0.44985069026084556,13.745764583472193,22.23878816035519,4.654577183365232,18628767757.0,6.840397340322096,27.42627711405952,19.47105787715287
UNITEDFIN,UNITED FINANCE PLC,2338932610.0,-10.489510344200653,11.350536490201296,,0.8158840743386876,0.7523516867959928,3.5277958278768002,3.781930456746507,0.8167835966162449,6093429670.0,2.125555933693497,8.200235371743696,7.402055583124537
UNITEDINS,UNITED INSURANCE CO LTD,1735500000.0,-0.7444149916692836,17.06982329730657,0.8131250441504447,4.148468453452705,1.2933903205008215,11.69691701007992,12.006205725802962,,1735500000.0,4.148468453452706,,
UPGDCL,UNITED POWER GENERATION AND DISTRIBUTION COMPANY LTD ,79534186732.0,-6.945382899214132,6.946343597877809,0.1227622601690433,2.029384714257219,1.9254942607314947,21.041508033154287,25.221911097020218,58.726054232760625,86371151998.0,2.2038357757427764,6.929008784009578,5.194083837486855
USMANIAGL,USMANIA GLASS SHEET FACTORY LTD,591970600.0,,,,,0.5326422965966571,,,244.18147397695668,1221804600.0,,,
UTTARABANK,UTTARA BANK PLC,20569700569.0,2.153053249501153,4.5227927719460626,0.24701251315163206,0.7159196256980892,0.7701571622108597,1.7132182305251644,1.7636006218483444,,5794224222.0,0.20166549919547386,,
UTTARAFIN,UTTARA FINANCE & INVESTMENTS LTD,1985370796.0,-32.34042714407482,,,,,,,,,,,
VAMLBDMF1,VANGUARD AML BD FINANCE MUTUAL FUND ONE,,,,,,,,,,,,,
VAMLRBBF,VANGUARD AML RUPALI BANK BALANCED FUND,,,,,,,,,,,,,
VFSTDL,VFS THREAD DYEING LTD,749618000.0,,,,,,,,,,,,
WALTONHIL,WALTON HI-TECH INDUSTRIES PLC ,136226880321.0,-32.156330493106616,10.61372790175847,,1.7411341146327954,1.1950054059327924,26.618291460793486,121.8598500264935,49.82765308203695,172418512925.0,2.2037188697601326,9.736419656789218,8.372115747198942
WATACHEM,WATA CHEMICALS LTD ,2125563400.0,-7.517237170362119,449.5412844036697,,2.916115893153818,2.408787255909558,5.190675057281695,7.481653080021941,30.731263811034374,3589406439.0,4.924400306930046,18.64109903140101,15.48514099114906
WMSHIPYARD,WESTERN MARINE SHIPYARD LTD,1952191302.0,-17.924533065107628,,,,,,,,,,,
YPL,YEAKIN POLYMER LTD,1230770384.0,-22.56410056010435,,,,,,,,,,,
ZAHEENSPIN,ZAHEEN SPINNING PLC,751267225.0,-18.07228876385135,,,,,,,,,,,
ZAHINTEX,ZAHINTEX INDUSTRIES LTD,335497056.0,-34.32835480600534,,,,,,,,,,,
ZEALBANGLA,ZEAL BANGLA SUGAR MILLS LTD,504600000.0,,,,,,,,,,,,
