Symbol,Name,Gross Margin TTM,Operating Margin TTM,Pretax Margin TTM,Net Margin TTM,FCF Margin TTM,ROA TTM,ROE TTM,ROIC TTM,RAD Ratio TTM,SGAA Ratio TTM
1JANATAMF,First Janata Bank Mutual Fund Units,,,,,,,,,,
1STPRIMFMF,Prime Finance First Mutual Fund 2009 Units,,,,,,,,,,
AAMRANET,aamra networks ltd,49.2909432073755,16.0791122167178,9.13582886061205,7.94232137087444,-58.55093542865599,1.91092277288664,2.51944989752722,2.33002917528554,,14.69899612992727
AAMRATECH,Aamra Technologies Limited,11.8288362401355,-8.26567427103932,-33.7498747405469,-32.0878580236492,115.6873110834749,-3.15806869395257,-6.45816085289323,-5.32029995674391,,20.09451051117479
ABB1STMF,AB Bank 1st Mutual Fund 2011 Units,,,,,,,,,,
ABBANK,AB Bank PLC,,-1555.76572433739,-1593.38331798824,-1605.5976443704,-194.51722635252642,-8.69419726658532,-496.235446113495,-128.125392958889,,
ACFL,Aman Cotton Fibrous Ltd.,10.0643709956206,6.73938898730797,-0.554123114453029,-0.786787173681754,24.3750114075022,-0.347055349752565,-0.562271501284885,-0.484885552647533,,1.7621710777882074
ACI,Advanced Chemical Industries PLC,24.3278995342152,6.30609772359637,0.273808029867927,-1.17367295914908,-3.6026147009831706,-1.54932112712923,-23.1014553570255,-9.75743124270865,,18.021801810618836
ACIFORMULA,ACI Formulations PLC,32.6408512285913,15.4039660956716,11.2623467535598,8.62452693489697,8.003762186389885,5.46910614068803,12.6904757762741,12.6077728181272,,16.98400207942401
ACMELAB,ACME Laboratories Ltd.,41.5740241305788,17.9458220965908,9.84891290802796,6.91654617423139,-4.044023256160789,4.25956725076485,9.59204136325143,7.69094397314803,,23.62820203398798
ACMEPL,ACME Pesticides Ltd,,,,,,,,,,
ACTIVEFINE,Active Fine Chemicals Ltd.,,,,,,,,,,
ADNTEL,ADN Telecom Ltd.,35.5106946951556,16.9233851372283,14.2346584510477,9.48601497228115,4.997981755874357,5.2516873898525,8.39087764136865,7.54570286673204,,18.587309557927362
ADVENT,Advent Pharma Ltd.,36.1912558149976,20.0241100749404,12.1571480341819,10.1649738890932,2.693426664830654,2.5591664869283,3.2638664752604,3.24768701808855,,15.873007385680873
AFCAGRO,AFC Agro Biotech Ltd.,,,,,,,,,,
AFTABAUTO,Aftab Automobiles Ltd.,23.3272757733322,7.25818401358655,-31.1242201343434,-14.7717661945757,-5.826363580124846,-0.412847845721034,-2.10682031390557,-0.700493443220882,,16.06909175974563
AGNISYSL,Agni Systems PLC,29.4691404082516,17.6155731173848,16.3829754943751,12.7126469624707,3.679386877608135,6.6849888076247,7.9462915008917,7.7305742973021,,11.853567290866799
AGRANINS,Agrani Insuarnce Co. Ltd.,,32.308424903954,27.9772565756221,20.3664044178571,,,,,,
AIBL1STIMF,AIBL 1st ISLAMIC Mutual Fund 2010- Units,,,,,,,,,,
AIL,Alif Industries Ltd.,16.7170667865178,15.2169230118903,16.027233678208,14.2388766681516,-4.089251712639722,9.65112996710941,11.8611339794515,11.8611339794515,,1.5001437746275246
AL-HAJTEX,Alhaj Textile Mills Limited,,,,,,,,,,
ALARABANK,Al-Arafah Islami Bank PLC,,4.91852523137458,4.47058048916486,1.13641712184944,51.848232141091344,0.0906479704215668,2.35995366182387,0.513358860306218,,
ALIF,Alif Manufacturing Company Ltd.,9.079299235366,6.98612202893234,5.85371344311433,5.33961663493084,28.568445427007678,1.60650488063575,1.84160211807517,1.84121214075525,,2.222404953657322
ALLTEX,Alltex Industries Limited,,,,,,,,,,
AMANFEED,Aman Feed Ltd.,11.1463807631467,4.56966435421959,1.01390242940797,0.527948016957976,1.461617046053933,0.613671084794191,1.58983278007445,0.977119999145204,,6.317435354910117
AMBEEPHA,Ambee Pharmaceuticals PLC,51.0583057956552,6.14004635745941,5.74685670241674,4.28519529883008,-32.42521908984673,1.55976091733465,43.336788700905,43.1531071390346,,44.91825943819574
AMCLPRAN,Agricultural Marketing Co. Ltd.,19.006338826964,6.84277511463257,1.59686734644509,1.19682173583023,-7.0032156133021735,2.52253056239432,5.80954979815712,5.51680323695253,,12.163563712331433
ANLIMAYARN,Anlima Yarn Dyeing Ltd.,,,,,,,,,,
ANWARGALV,Anwar Galvanizing Ltd.,-6.64419387175946,-14.7536728693746,-20.836982601058,-20.8152120395739,-18.87177259624508,-13.419972375153,-41.9649120335357,-31.9375776239549,,8.109478997615108
AOL,Associated Oxygen Ltd,,,,,,,,,,
APEXFOODS,Apex Foods Limited,9.3110554050851,2.14434238033978,3.44872590244436,1.2451817089968,-1.1792216903549861,2.26303224088329,3.83223387617519,3.83223387617519,,7.166713024745311
APEXFOOT,Apex Footwear Ltd.,27.0458842535898,7.79962094379283,1.78706412206332,1.01813148702467,12.968281678796162,0.712358451896632,3.69874773283939,1.65162200122523,,19.24626330979693
APEXSPINN,Apex Spinning and Knitting Mills Ltd.,6.76295210740179,2.57904213815549,1.81061104968263,0.584305213704279,1.1204278270841261,1.63856602799556,7.85348831373494,7.85348831373494,,4.183909969246291
APEXTANRY,Apex Tannery Limited.,-0.209967777583437,-6.97371676533674,-44.0766722679587,-44.6488521131047,-50.78669380516584,-8.87057968701688,-43.6666300718227,-43.6666300718227,,6.763748987753313
APOLOISPAT,Appollo Ispat Complex Ltd.,,,,,,,,,,
ARAMIT,Aramit Limited,11.3822822223351,-13.8899938723659,9.75096077518221,7.67911168426187,8.826805716721543,2.02764317743622,2.77165178863243,2.77165178863243,,25.272276094700985
ARAMITCEM,Aramit Cement Limited,-301.919615017658,-521.814147953693,-383.203375101647,-384.838138426165,-320.84755144572466,-4.35521154439965,,-6.41387281697446,,128.52825922090315
ARGONDENIM,Argon Denims Ltd.,8.28848580573219,4.07980823004568,5.54059567904791,3.80392258567165,-1.6508405060876772,3.39077492459887,6.89326666975643,6.73787518817749,,4.208677575686499
ASIAINS,Asia Insurance PLC,,25.600140394062,25.8087419930251,16.0394205421051,30.58656725031983,3.41840584321304,7.04688462420268,6.98065565535878,,
ASIAPACINS,Asia Pacific General Insurance Company Limited,,24.4913947229101,24.4913947229101,17.4077509391173,-4.870666698130465,4.29520214974508,6.64366146032357,6.64366146032357,,
ASIATICLAB,Asiatic Laboratories Ltd,,,,,,,,,,
ATLASBANG,Atlas Bangladesh Limited,,,,,,,,,,
AZIZPIPES,Aziz Pipes Limited.,,,,,,,,,,
BANGAS,Bangas Limited,,,,,,,,,,
BANKASIA,Bank Asia PLC,,11.1692843315943,11.2045976114219,5.11109543920308,21.55409912465079,0.524613933432108,8.94026061453193,4.30306941772427,,
BARKAPOWER,Baraka Power Ltd.,9.78632671758864,5.93056759717097,4.97013971720673,2.33783228516232,,0.718681351449855,1.00212830889634,0.972136956862889,,3.8557591204176718
BATASHOE,Bata Shoe Co. (Bangladesh) Ltd.,43.0603368504284,7.02637480789252,4.63879480525488,2.17427586240076,11.830413832166485,2.36475084653565,5.79441463798595,3.91822140394039,,36.03396204253585
BATBC,British American Tobacco Bangladesh Co Ltd,42.6439425955828,34.0690798849522,32.8424504902501,16.8678738158233,9.377905185741456,14.4675370946799,31.4832865575956,29.5199273180241,,8.574862710630647
BAYLEASING,Bay Leasing and Investment Ltd.,,,,,,,,,,
BBS,Bangladesh Building Systems PLC,17.9465531130158,8.8751005268698,-1.54874612581771,-3.17539944588409,21.204974160847197,-0.650092039512916,-1.17675180979744,-0.878010537404869,,9.071452586145943
BBSCABLES,BBS Cables PLC,18.1721124632743,4.58818860072104,-14.0598041588635,-14.7199576579063,-5.365284981682087,-3.6373507942664,-5.69477755669704,-5.32067907268034,,11.501981739573099
BDAUTOCA,Bangladesh Autocars Limited,,,,,,,,,,
BDCOM,BDCOM Online Ltd.,46.9468596726783,9.84334740954125,13.8043357494913,6.18895430847637,-0.6116035736361386,3.81784519678777,5.55920989198049,5.30329673118036,,37.10351226313702
BDFINANCE,Bangladesh Finance PLC,,,,,,,,,,
BDLAMPS,Bangladesh Lamps PLC,20.189106509117,3.75661708181088,-2.87487955364187,-3.46620692072305,-19.92960359014909,-2.85070685512331,-12.176275273213,-10.6261288243377,,16.43248942730611
BDTHAI,Bangladesh Thai Aluminium Ltd.,13.5360390482602,-1.70468501254253,-87.9096803281516,-85.730830908143,-73.8457971051415,-3.44070522680545,-6.00732227208932,-4.88134488127034,,15.240724060802702
BDTHAIFOOD,BD Thai Food & Beverage Ltd.,,,,,,,,,,
BDWELDING,Bangladesh Welding Electrodes Ltd.,,,,,,,,,,
BEACHHATCH,Beach Hatchery Ltd,58.4715769080585,56.4086641085198,55.4035695244848,45.4736948375209,,21.1138560406713,25.9886848075189,24.9460027781155,,2.0629127995387218
BEACONPHAR,Beacon Pharmaceuticals PLC,,,,,,,,,,
BENGALWTL,Bengal Windsor Thermoplastics PLC,23.0995304853479,8.18534561399202,6.53807166600378,5.51344849940453,9.191912331911418,1.92711972582379,2.10333605336726,2.10207437559317,,9.09452521765577
BERGERPBL,Berger Paints Bangladesh Ltd.,31.335410929162,15.3765665905782,15.7476550691273,12.3579983395985,2.9802965588618697,13.6752246700097,24.5011832828917,23.3478978528361,,15.958844338583859
BESTHLDNG,Best Holdings PLC,55.8043862031866,33.2105699841117,22.2278257668804,25.2562792824772,-32.13297509944037,0.787064607179815,1.10688782015922,0.865301581717808,,22.59381621907489
BEXIMCO,Bangladesh Export Import Company Ltd.,16.0041363618666,8.46698079876865,-21.7841978590514,-22.3120850377371,-9.97249355774574,-2.18733407517362,-4.87321375099742,-2.63631158392947,,7.537155563097965
BGIC,Bangladesh General Insurance Company PLC,,,,,,4.40209230919694,7.21221810025375,7.06864430334857,,
BIFC,Bangladesh Industrial Finance Company Ltd.,,,,,,,,,,
BNICL,Bangladesh National Insurance Company Ltd,,25.1000317483116,25.0946481447052,19.5733159377633,32.324295442261906,7.05025314764253,14.823991079842,14.823991079842,,
BPML,Bashundhara Paper Mill Ltd.,7.84266898911741,2.23692113301279,-31.4280041818714,-25.3446057441242,-46.03191246987969,-4.83740177107362,-15.4473810716236,-6.57923867972222,,5.605747856104626
BPPL,Baraka Patenga Power Ltd.,,,,,,,,,,
BRACBANK,BRAC Bank PLC,,22.4139960802737,22.2852503319134,11.22439867176,17.59161181825724,1.34050327580788,18.2103451878456,7.14132814860442,,
BSC,Bangladesh Shipping Corporation,58.4414436689263,48.6734990225027,66.9776340732772,52.6446994575865,,8.3050104399478,20.3513058274119,9.99071968762672,,9.474643063342803
BSCPLC,Bangladesh Submarine Cables PLC,70.117001493189,46.8106637591575,55.9950545641687,43.2576183395832,,6.87765972326621,10.3657172905623,8.20346794364191,,23.30633773403143
BSRMLTD,Bangladesh Steel Re-Rolling Mills Ltd.,12.16535486723,8.7291889729435,6.65650184804251,5.86237953384701,7.627177748985487,5.51801003837169,11.3813770350288,11.2390154987602,,2.9743773474171578
BSRMSTEEL,BSRM Steels Limited,10.1584392471899,7.51730353384459,6.20798561721787,4.76039522320551,-13.711076736793078,4.6802042362541,14.3772346069478,9.51142003778192,,2.6411357133452893
BXPHARMA,Beximco Pharmaceuticals Limited,42.2474608557867,19.0119365477087,17.7257788430805,13.7102540836031,8.838569831513254,8.79814257058456,13.4065207035346,12.8844169706537,,23.23552430807792
CAPITECGBF,CAPITEC GRAMEEN BDT10 (MUTUAL FUND) Units,,,,,,,,,,
CAPMBDBLMF,CAPM BDBL Mutual Fund 01 Units,,,,,,,,,,
CAPMIBBLMF,CAPM IBBL Islamic Mutual Fund Units,,,,,,,,,,
CENTRALINS,Central Insurance Company Limited,,25.684445694492,25.6844454940911,18.543334544777,13.737514122479308,2.4261143657168,3.45430259830519,3.32877965036413,,
CENTRALPHL,Central Pharmaceuticals Ltd.,,,,,,,,,,
CITYBANK,City Bank PLC,,22.2095346747336,20.2271678140663,12.2732157863834,14.069539699783132,1.53078647884239,24.7844324962557,9.64718979835786,,
CITYGENINS,City Insurance PLC,,38.5486423842275,38.4199255567801,25.9931753677744,26.886150667050977,9.06391436755614,13.6103690147137,13.6103690147137,,
CLICL,Chartered Life Insurance PLC,,62.5794918125722,62.0052830014429,61.6012336156076,6.236327869281604,115.033083272122,351.810554133333,319.402273808686,,
CNATEX,C & A Textiles Ltd,,,,,,,,,,
CONFIDCEM,Confidence Cement PLC,14.3463403584029,10.5691437511024,-2.79802144061998,21.3677809890886,-5.350542149653329,6.0150761841216,12.9177717648516,12.1466158441551,,3.7771966073004917
CONTININS,Continental Insurance PLC,,18.3770169092456,18.3770171807955,15.2172432269922,-11.4548801630351,3.67161589526153,5.7653246547483,5.7653246547483,,
COPPERTECH,Coppertech Industries Ltd,12.3807522297952,9.54226267299241,3.77806877751337,2.96686161896026,-0.7285360373211965,2.94669186625663,6.04460504835652,5.06739934009709,,2.838489556802822
CROWNCEMNT,Crown Cement PLC,13.0938154487754,8.1960780399296,4.39812547487159,2.09873111335713,0.3758408182636313,2.34253176723137,7.67586488505158,4.84503937596893,,4.993033631716038
CRYSTALINS,Crystal Insurance Company Ltd,,,,,,,,,,
CVOPRL,CVO Petrochemical Refinery PLC,11.6574500563247,8.94583695337772,6.91873554223915,6.91228536846743,20.526283597800226,9.16728224671421,24.3593486360548,24.1808004307363,,2.7116131029469543
DACCADYE,Dacca Dyeing and Manufacturing Company Limited,,,,,,,,,,
DAFODILCOM,Daffodil Computers PLC.,34.1455559864091,15.2254312809954,1.58952263586471,0.921905017513696,9.950808936779346,0.316401972350323,0.716839497735808,0.716839497735808,,18.458595303540537
DBH,DBH Finance PLC,28.0145356833585,18.7980773375971,19.1740560168536,11.3371750653589,20.723677012669032,1.35982963576076,11.1482125251275,4.3330791949345,,
DBH1STMF,DBH First Mutual Fund Units,,,,,,,,,,
DELTALIFE,Delta Life Insurance Company Ltd.,,11.3923424051575,11.3923424051575,9.82289409253546,-10.074070091578928,2.81657742373323,75.721837369715,75.1936997033962,,
DELTASPINN,Delta Spinners Limited,,,,,,,,,,
DESCO,Dhaka Electric Supply Co. Ltd.,21.8240362380814,16.9484575154825,-32.5280297134557,-36.0508289530565,104.21367220858693,-3.62617547234647,-19.7822009264148,-6.85209568530331,,4.81657493332442
DESHBANDHU,Deshbandhu Polymer Limited,,,,,,,,,,
DGIC,Desh General Insurance Company Ltd,,,,,,,,,,
DHAKABANK,Dhaka Bank PLC,,6.82751814371421,6.13287986446699,2.23565094366156,-2.9590545229943808,0.212100939779022,3.95233490941073,1.25341396287505,,
DHAKAINS,Dhaka Insurance Limited,,51.9182440076786,51.9182440076786,86.3384984096953,37.375037331380874,9.06961982075008,16.6751889367999,16.6077517761663,,
DOMINAGE,Dominage Steel Building Systems Ltd,18.2755446835734,9.16255236160746,5.37478170340056,6.08056247946715,-41.395118892586694,0.680318854532686,0.758656810007058,0.75549389236291,,9.112992321965985
DOREENPWR,Doreen Power Generations & Systems Ltd.,22.9489658139275,21.4202243281702,3.23739972888673,3.07749693451588,5.822656304900171,1.96158340478305,5.01673159873684,3.15411760072258,,1.4260338563327786
DSHGARME,Desh Garments Limited.,9.09256821872046,5.92640496789584,1.59736516253101,0.638300263609156,-12.351342033702366,1.0657858103075,3.37651486483697,1.68846654051264,,3.166163250824625
DSSL,Dragon Sweater & Spinning Ltd.,24.4797821847871,11.7603787691972,16.5657650010025,14.2115556957567,4.343375492177411,1.45201232044832,1.56601903268212,1.56601903268212,,12.71940341558989
DULAMIACOT,Dulamia Cotton Spinning Mills Limited,,,,,,,,,,
DUTCHBANGL,Dutch-Bangla Bank PLC,,4.63067529439985,4.50475252027688,5.40746455557751,27.034507100416793,0.546108399982098,7.4672298875697,4.23134400664062,,
EASTERNINS,Eastern Insurance Co. Ltd.,,,,,,,,,,
EASTLAND,Eastland Insurance PLC,,23.4839025243334,23.4839025243334,21.5810996619798,,2.88085115025656,4.93680749336687,4.93680749336687,,
EASTRNLUB,Eastern Lubricants Blenders PLC,6.32128003232979,3.37701397461022,10.423383153529,8.35173688512168,11.704011305069795,8.77811101596503,23.1623075016434,23.1623075016434,,2.4641114549319143
EBL,Eastern Bank PLC,,18.3699869904328,18.3699869935476,10.736208878126,21.22074832659592,1.11038487064417,15.9680325281488,4.84474452774057,,
EBL1STMF,EBL First Mutual Fund Units,,,,,,,,,,
EBLNRBMF,EBL NRB Mutual Fund,,,,,,,,,,
ECABLES,Eastern Cables Ltd.,,,,,,,,,,
EGEN,eGeneration PLC,,,,,,,,,,
EHL,Eastern Housing Ltd.,,,,,,,,,,
EIL,Express Insurance Ltd.,,8.60763013136888,31.1294881338398,19.6675233630785,31.532746371770276,3.250090349001,5.91861428502497,5.91861428502497,,
EMERALDOIL,Emerald Oil Industries Ltd.,,,,,,,,,,
ENVOYTEX,Envoy Textiles Ltd.,18.0813497134705,15.9718123989007,7.36853831278202,6.81874110108159,0.5711537273416148,5.04862322942569,14.6105391913747,8.74737057330358,,2.0648244707990333
EPGL,Energypac Power Generation PLC,19.5640235749909,3.33076156222092,-38.7041265503593,-39.7622688490898,,-5.12989895950627,-16.0384255664016,-7.60356085737551,,16.055207781440213
ESQUIRENIT,Esquire Knit Composite PLC,15.1931893866546,9.79360101154206,4.37097264462748,3.15693503762446,-6.063671735702058,2.00381849444227,3.96477177118601,3.10711801801151,,5.399588375112493
ETL,Evince Textiles Ltd.,8.44992332703604,4.29518142503862,2.87852399996495,1.47866179097055,0.9435274461478164,0.843799057556031,2.17718752354942,1.62840896112548,,4.154741901997431
EXIM1STMF,EXIM Bank 1st Mutual Fund 2013- Units,,,,,,,,,,
EXIMBANK,Export Import Bank of Bangladesh PLC,,1.3199546136127,-1.00722770507089,-2.19756753073988,,-0.194113507442121,-3.62961355242379,-0.784130917403138,,
FAMILYTEX,Familytex (BD) Ltd.,,,,,,,,,,
FARCHEM,FAR Chemicals Industries Ltd,12.6211980945969,6.94431365025155,2.09583885464902,1.35226553303944,,0.619837849385339,0.9889335468368,0.952796711941139,,
FAREASTFIN,Fareast Finance & Investment Ltd.,-80.9351030056355,-229.030412751567,-452.938636400044,-462.40379854096,-154.0586463304984,-9.15112770635811,,,,
FAREASTLIF,Fareast Islami Life Insurance Company Limited,,,,,,,,,,
FASFIN,FAS Finance & Investment Limited,,,,,,,,,,
FBFIF,First Bangladesh Fixed Income Fund Units,,,,,,,,,,
FEDERALINS,Federal Insurance PLC,,,,,,,,,,
FEKDIL,Far East Knitting & Dyeing Industries PLC.,,,,,,,,,,
FINEFOODS,Fine Foods Limited,,,,,,,,,,
FIRSTFIN,First Finance Ltd.,,,,,,,,,,
FIRSTSBANK,First Security Islami Bank PLC,,-66.9434468143064,-67.0291106766395,-65.5106043532757,-46.37241469993343,-3.19104368795689,-151.858075779253,-10.8892513898844,,
FORTUNE,Fortune Shoes Ltd.,8.49772272593508,-0.196356382603555,-4.52076629607514,-4.92149625287489,-8.843967065495553,-2.33123386368577,-3.06589811061034,-2.9961690859289,,6.630527454164733
FUWANGCER,Fu-Wang Ceramic Industry Ltd.,32.3854975388244,17.5440428186528,4.19324209618503,1.91693482575296,-180.90766273623186,0.265780351516674,1.27531905209192,0.642117320840256,,5.258741279333688
FUWANGFOOD,Fu-Wang Foods Limited,,,,,,,,,,
GBBPOWER,GBB POWER Ltd.,,,,,,0.84752459478088,0.880394340684314,0.880394340684314,,
GEMINISEA,Gemini Sea Food PLC,5.34421179179453,-3.58530311735114,-19.0610687162324,-21.3014841059961,5.128405984804408,-7.98810092973413,-44.6770470017274,-42.1026712501576,,8.929514909145665
GENEXIL,Genex Infosys PLC,44.3572902050263,37.1163434921481,12.9443680597416,12.7136697063509,-21.580669979954344,4.4265457166422,10.5275033185327,8.23610474434249,,7.240946712878195
GENNEXT,Generation Next Fashions Ltd.,,,,,,,,,,
GHAIL,Golden Harvest Agro Industries Ltd.,45.5091527880242,14.3231831593324,-7.20983087451761,-24.8970565730256,-36.16755051074742,-3.96961890164803,-7.50368822038946,-5.18120213212983,,31.1859696286918
GHCL,Global Heavy Chemicals Ltd.,-44.2526867842481,-50.350021538049,-59.1597009555112,-59.429995186508,-2.566885070692484,-5.23813105265386,-7.61868081040592,-7.61742728736379,,6.0973347538009355
GIB,Global Islami Bank PLC,,-670.36496627723,-673.757488063342,-675.135467972492,249.3669694859793,-16.0883622131226,,,,
GLDNJMF,ICB AMCL CMSF GOLDEN JUBILEE MUTUAL FUND,,,,,,,,,,
GLOBALINS,Global Insurance PLC,,13.314830178899,13.0868114780045,8.95535892676088,0.7463674900939976,,,,,
GOLDENSON,Golden Son Limited,16.620479277928,6.46036748446002,-39.1269819922617,-45.9427043652276,-91.7375119941369,-3.49192447060861,-9.2889988909132,-5.16069116076814,,10.160111793468024
GP,Grameenphone Ltd.,48.4452206855783,35.5109463278531,31.3222128631731,18.8439612935326,28.48192671624563,14.6301831743916,45.7510634165052,27.3461933620531,,12.934274357725256
GPHISPAT,GPH Ispat Limited,13.6107384710687,11.1847027663886,2.52575935194358,0.913508131086886,-9.016682716592515,0.560854119062016,2.04421578669912,1.04903247386515,,2.42603570468007
GQBALLPEN,G.Q. Ball Pen Industries Limited,,,,,,,,,,
GRAMEENS2,Grameen Mutual Fund One - Grameen Two Units,,,,,,,,,,
GREENDELMF,Green Delta Mutual Fund 2010 Units,,,,,,,,,,
GREENDELT,Green Delta Insurance PLC,,40.4891710072018,34.3855043266937,20.726017452846,,3.41539161062673,8.16489192431737,8.16489192431737,,
GSPFINANCE,GSP Finance Company PLC,,,,,,,,,,
HAKKANIPUL,Hakkani Pulp & Paper Mills PLC,15.4176636322802,8.44400406223148,1.50652461770127,0.515267271938839,-2.312548622865011,0.352393155394454,1.19354670068339,0.541213421055807,,6.973659570048678
HAMI,Hami Industries PLC,,,,,,,,,,
HEIDELBCEM,Heidelberg Materials Bangladesh PLC,11.2657517221611,3.10278522665221,3.76777683176115,1.85476328363193,3.240013534268485,2.34648674329877,6.37060089990834,5.96460480143288,,8.162966495508876
HFL,Hamid Fabrics PLC,,,,,,,,,,
HRTEX,H.R. Textile Mills Ltd.,,,,,,,,,,
HWAWELLTEX,Hwa Well Textiles (BD)PLC,9.96805345436052,3.42638800479148,14.3383391241965,12.2912036800155,-17.44528396498566,7.44806637318382,9.55807221744542,9.55807221744542,,6.541665449569031
IBNSINA,BN SINA Pharmaceutical Industry PLC,38.9438285005645,7.67190442501634,7.33776759905023,5.36093001157026,-0.697736302138261,9.40958263654204,17.844695609743,14.9011262397494,0.026192618979350952,31.245731456568855
IBP,Indo-Bangla Pharmaceuticals Ltd.,11.2511038774762,-32.7591778186526,-37.6095305682168,-50.5088086318809,11.025124656964953,-2.51303873061799,-2.90447397734609,-2.90447397734609,,36.30631380539148
ICB,Investment Corporation of Bangladesh,17.927945893545,2.68497806547364,2.76337092735844,1.7758504436077,,0.106249902984849,0.512065096852761,0.270908017481213,,
ICB3RDNRB,ICB AMCL Third NRB Mutual Fund 2010 Units,,,,,,,,,,
ICBAGRANI1,ICB AMCL First Agrani Bank Mutual Fund Units,,,,,,,,,,
ICBAMCL2ND,ICB AMCL Second Mutual Fund Units,,,,,,,,,,
ICBEPMF1S1,ICB Employees Provident Mutual Fund One Scheme One Units,,,,,,,,,,
ICBIBANK,ICB Islamic Bank Limited,,-312.850573738706,-312.850573407667,-313.450573397074,-44.03956053024316,-9.51528988118323,,,,
ICBSONALI1,ICB AMCL Sonali Bank Ltd 1st Mutual Fund 2013- Units,,,,,,,,,,
ICICL,Islami Commercial Insurance PLC.,,,,,,,,,,
IDLC,IDLC Finance PLC.,47.2205330053213,29.0920651948264,20.4930065619647,12.0534433784761,11.053162704875055,1.49609530820719,11.7918273197951,5.6399473356566,,
IFADAUTOS,IFAD Autos PLC,14.255870617837,7.71163509359239,0.185885960828165,-0.923172144776509,-8.516933754140963,-0.192295283381236,-0.811319725388896,-0.3249076392373,,6.544235524244571
IFIC,IFIC Bank PLC,,-39.8292832509115,-40.9931032340586,-33.703616532929,-30.278222042368824,-2.20496111055106,-43.3740721553045,-26.6941843205185,,
IFIC1STMF,IFIC Bank 1st Mutual Fund Units,,,,,,,,,,
IFILISLMF1,IFIL Islamic Mutual Fund - 1 Units,,,,,,,,,,
ILFSL,International Leasing and Financial Services Ltd.,,,,,,-19.7021201098731,,,,
INDEXAGRO,Index Agro Industries Ltd,18.0581796580548,13.9125357918708,6.52359895828739,5.96737922016123,-22.584251391107205,3.89134041929872,6.82675089452797,6.18373034477557,,4.145643866183997
INTECH,Intech Ltd.,,,,,,,,,,
INTRACO,Intraco Refueling Station PLC,27.8465843936848,9.88917780128127,10.7848789050198,7.92667759561478,-46.005926990721605,4.98475054091579,8.82160644563676,7.62630366851304,,
IPDC,IPDC Finance PLC,29.9101696840906,9.64441822831819,9.42079949991703,3.94057240343429,35.20337765422062,0.455292867919656,6.05846541987026,1.75982323378341,,
ISLAMIBANK,Islami Bank Bangladesh PLC,,,,,,,,,,
ISLAMICFIN,Islamic Finance & Investment PLC,-10.3398990386908,-194.163286495117,-195.396616949414,-199.274634618131,-5.556742933305756,-12.4105958399878,-237.713304550206,-161.37043027263,,
ISLAMIINS,Islami Insurance Bangladesh Limited,,31.6681321231035,31.6681321231035,26.3509436296421,30.601881994518752,8.12209224495441,15.2990319707542,15.2990319707542,,
ISNLTD,Information Services Network Ltd.,,,,,,,,,,
ITC,IT Consultants PLC,56.3649619659745,39.7309906657138,34.3619933988397,32.6977031150249,-1.3338026531967595,12.277510806195,17.511401297711,13.5402901770615,,16.633971300260747
JAMUNABANK,Jamuna Bank PLC,,15.8222145251863,15.776514207799,8.01630221371333,-129.19087096798427,0.755247759227409,12.5458558899074,5.58554037345517,,
JAMUNAOIL,Jamuna Oil Company Limited,,8.74261399646683,427.328242093158,333.282921934379,1017.534966459457,4.90085286155892,21.1763450030743,21.1763450030743,,82.69052972463643
JANATAINS,Janata Insurance PLC,,20.0203574756674,20.0203574756674,12.9538042630909,8.448457371080345,3.71793873552544,7.92013919165672,7.92013919165672,,
JHRML,JMI Hospital Requisite Manufacturing Ltd,28.769309622413,21.9029510857226,19.1005307192313,15.2669935540232,-10.8938372797029,4.75219885968328,6.54449161391405,6.29159073971175,,6.866358536690403
JMISMDL,JMI Syringes & Medical Devices Ltd.,16.7115165584024,9.00783121223448,8.84475139558652,3.8668838782369,4.24330453995862,2.45575694390884,2.86717307614783,2.86627530341423,0.07908702567921441,7.624598320488691
JUTESPINN,Jute Spinners Limited,,,,,,,,,,
KARNAPHULI,Karnaphuli Insurance PLC,,22.3204492504924,22.5979218472509,17.7212092923346,12.108819323851987,4.95069519978555,9.20622208145906,9.20622208145906,,
KAY&QUE,Kay and Que (Bangladesh) Ltd.,20.8793237419731,7.71633284045171,7.65393042031772,5.67424943779808,,1.29345020058431,2.00560874573249,2.00560874573249,,13.162990901521384
KBPPWBIL,Khan Brothers PP Woven Bag Industries Ltd,33.4570006266391,26.4486336155349,25.715773194168,19.8544958253279,9.298742505171202,1.66766007751257,1.76888267236598,1.75428899492097,,7.008367011104238
KDSALTD,KDS Accessories Ltd.,17.5611551083719,8.16124126762354,6.91281559849402,5.6967647916248,9.036144435311062,3.77732884275451,8.45377433373925,8.27706684219383,,9.399913840748338
KEYACOSMET,Keya Cosmetic Ltd.,,,,,,,,,,
KOHINOOR,Kohinoor Chemical Co. (Bangladesh) Ltd.,29.7288469568676,13.8327969657565,13.980969521476,10.1790605267872,18.69821345159312,16.7324709617449,28.8113511148977,24.3864453558789,,15.896049991111097
KPCL,Khulna Power Company Ltd.,-7.46990199606705,-9.05602443141492,-10.9778558985607,9.0085021200683,14.829604937094262,1.58351103066009,1.80140747306525,1.80112366584726,,1.5625503020435665
KPPL,Khulna Printing & Packaging Ltd,,,,,,,,,,
KTL,Kattali Textile Ltd.,,,,,,,,,,
LANKABAFIN,LankaBangla Finance PLC,,,,,,,,,,
LEGACYFOOT,Legacy Footwear Ltd.,30.9536330148831,-0.0293425261187517,21.7550132884109,11.0624827257986,-83.02391391833058,0.926089831787649,1.03399776440136,1.03235727597145,,24.26644314469346
LHB,LafargeHolcim Bangladesh PLC,30.5639690069349,19.0530012212007,19.0851732883176,13.3313581301859,20.22911407691252,10.6814433862718,19.5954036405932,19.5034149500736,,8.979611050311604
LIBRAINFU,Libra Infusions Ltd.,,,,,,,,,,
LINDEBD,Linde Bangladesh Limited,,,,,,86.6455634541548,136.974925447428,136.427366604002,,
LOVELLO,Taufika Foods and Lovello Ice-cream PLC,42.0435084793142,29.8928814840861,19.3102287569751,15.4920290804091,3.175853443421503,7.23337286277805,18.0642417618205,9.57304116421447,,7.038184125027376
LRBDL,Lub-rref (Bangladesh) Ltd,15.3173904179449,-11.101945944858,-21.246838549655,-24.004157494377,-220.23250136931267,-1.5699339431932,-2.70671455307574,-1.9206457305292,,26.41933636280293
LRGLOBMF1,LR Global Bangladesh Mutual Fund One Units,,,,,,,,,,
MAGURAPLEX,Magura Multiplex PLC,,,,,,,,,,
MAKSONSPIN,Maksons Spinning Mills PLC,,,,,,,,,,
MALEKSPIN,Malek Spinning Mills PLC,11.7325165744388,10.6771066286407,7.67013965897108,6.21991092132049,-12.068667366722394,5.34289063754027,13.2022159863609,9.6062956440418,,1.0500125451913134
MARICO,Marico Bangladesh Limited.,56.3081805918642,40.9636508652012,46.4264868997907,36.2128165324305,27.209955825174546,38.3585737850761,75.0325381173674,73.7757631951658,,15.474445774016335
MATINSPINN,Matin Spinning PLC,14.5262688043981,11.2242784422082,5.76871879168164,4.49679062816176,-8.042662138911716,3.58688232591654,7.29493056600185,6.4036870312144,,3.3019903621899256
MBL1STMF,MBL 1st Mutual Fund 2010- Units,,,,,,,,,,
MEGCONMILK,Meghna Condensed Milk Industries Ltd.,,,,,,,,,,
MEGHNACEM,Meghna Cement Mills PLC,32.0087401033246,4.11053221094352,-126.794801500066,-131.84523600877,-311.113164608411,-6.88705417105526,-116.253703903876,-12.4380273403357,,11.149755005184298
MEGHNAINS,Meghna Insurance Company Ltd,,,,,,,,,,
MEGHNALIFE,Meghna Life Insurance PLC,,415.760036859452,413.377697640672,-39.0796428378522,-14.639733904215266,-8.78558819390329,-378.012692969314,-378.012692969314,,
MEGHNAPET,Meghna Pet Industries Ltd.,,,,,,,,,,
MERCANBANK,Mercantile Bank PLC,,2.87617101705221,2.81463371421558,1.13790572093002,55.132138480806994,0.103118633656718,1.68860030597384,1.45044750079882,,
MERCINS,Mercantile Islami Insurance PLC,,19.3338394777236,19.3338394777236,17.4681526270436,18.38935500153684,3.32631846969841,9.59020920186642,9.51815062897043,,
METROSPIN,Metro Spinning Ltd.,-545.429525747346,-1420.83083668272,-13058.6534898235,-12498.2120485546,,-31.8545092138302,-77.0790001455206,-42.024608708098,,871.6972390464299
MHSML,Mozaffar Hossain Spinning Mills Ltd.,19.7028987931365,17.2708510247272,4.96768834242884,2.89358843489983,-6.8061379922246905,1.30260897286823,4.27090742812817,2.06498600546583,,2.4320477684093453
MIDASFIN,MIDAS Financing PLC,-16.7313356955851,-74.5880208713541,-79.4465199318905,-83.2719463440804,45.40109278323523,-3.67143384550106,-102.068214010671,-18.6673420600844,,
MIDLANDBNK,Midland Bank PLC,,5.37241420364876,5.33815301899162,5.79280216309362,-65.68864715724784,0.630902294062783,6.91393416765012,3.26184103280089,,
MIRACLEIND,Miracle Industries Limited,-19.0737968796519,-25.0011614348327,-43.2889563094317,-41.7915761240703,,-6.35534489970939,-15.9724982835966,-9.29507988001948,,5.92736455518076
MIRAKHTER,Mir Akhter Hossain Ltd,31.0415641793886,19.6530820109209,10.9653416854393,12.1207256674096,56.531938939699835,0.896100505527996,3.90751605891894,1.06599600706432,,11.388482168467647
MITHUNKNIT,Mithun Knitting & Dyeing (CEPZ) Ltd.,,,,,,,,,,
MJLBD,MJL Bangladesh PLC,17.7039130849362,14.9013899427437,8.91638645707872,7.81920902676586,-5.121683251073548,7.36941395833214,21.1905779042219,20.9862092326845,,2.7620923193037505
MLDYEING,M.L. Dyeing & Textile Ind. PLC,10.1152675739449,7.80913488398149,7.00905549686361,5.76127055078896,-31.198379017284335,1.48656874412417,1.72131226123946,1.72131226123946,,
MONNOAGML,Monno Agro & General Machinery Ltd.,20.1842980299905,14.3188058739515,9.03096818633381,7.82831634201736,-6.210754089283502,1.53917279261737,1.78489904847717,1.78489904847717,,5.865492156039037
MONNOCERA,Monno Ceramic Industries Limited.,10.4357502888537,-0.167389878439569,10.2559310357716,10.2789311839818,-100.22518002395577,0.687715933230926,1.05116628653685,0.934628977126829,,10.603140167293276
MONNOFABR,Monno Fabrics Ltd.,22.1267537742696,19.554655515795,0.392038321943185,0.647930525388072,1.012061748130502,0.131084742419703,0.365062409466957,0.166727606366402,,2.572098258474634
MONOSPOOL,Monospool Bangladesh PLC,27.578680072284,23.9978011174257,9.29367370949495,7.13257297543996,-21.40749619772934,2.00122490036928,8.58008573139451,3.35604211073706,,3.580878954858325
MPETROLEUM,Meghna Petroleum Limited,,1.04208651925717,5.74989460771978,4.56096777863217,7.571639879667982,5.92045884049255,26.1361437435493,26.0226035238279,,0.9970925206687801
MTB,Mutual Trust Bank PLC,,9.23357941078101,9.17534593081777,6.80822417980585,19.730509207211245,0.71848071261414,12.3650653992709,3.91029529758644,,
NAHEEACP,Nahee Aluminum Composite Panel PLC,17.5545714445884,10.3459086365676,7.71504262866674,5.97915823952162,-5.841322253624293,1.05193304992169,1.38088752624268,1.35518461570174,,7.205930235414497
NATLIFEINS,National Life Insurance PLC,,,,,,,,,,
NAVANACNG,Navana CNG Limited,18.2676466846621,12.0228354201307,0.174424914833215,0.183835303807315,-18.082240336004137,0.0535566860776678,0.373100211315959,0.0709476835719744,,6.244811264531445
NAVANAPHAR,Navana Pharmaceuticals PLC,43.9257834971313,15.8343259228932,6.52283594360949,4.98848209535352,4.2678991055776025,3.88049785961526,8.99861049448106,8.6126727723903,,28.091457574238166
NBL,National Bank Limited,,-166.082246546424,-166.082246546424,-77.6568700229113,,-2.98672686351751,-486.250041121931,-17.1012684681417,,
NCCBANK,National Credit and Commerce Bank PLC,,18.5318126996587,14.3111532768639,7.28589402620971,-10.823712324616801,0.777045165498397,10.8139679528054,7.46278935282762,,
NCCBLMF1,NCCBL Mutual Fund-1 2012- Dividend Units,,,,,,,,,,
NEWLINE,New Line Clothings Ltd.,,,,,,,,,,
NFML,National Feed Mill Ltd,,,,,,,,,,
NHFIL,National Housing Finance PLC,30.8659098635199,9.95584186093262,0.555451931907168,-0.712307329869865,18.127290124592257,-0.0783942478083419,-0.65027070399233,-0.37255434543388,,
NITOLINS,Nitol Insurance Co. Ltd.,,18.5766155711255,18.5766155711255,13.4342656904753,-47.055706956063105,4.12148023834601,6.2968069694398,6.2968069694398,,
NORTHERN,Northern Jute Manufacturing Co. Ltd.,,,,,,,,,,
NORTHRNINS,Northern Islami Insurance PLC,,21.5323136221981,21.5323136221981,16.060095411685,2.8494262903680707,2.7059234840401,6.84682438916866,6.84682438916866,,
NPOLYMER,National Polymer Industries PLC,17.7243077129653,9.7195241208102,2.34381236747579,1.74381235073426,2.600097719581206,1.19308873159854,4.42793709390451,2.48196239835067,,4.5935414490494475
NRBBANK,NRB Bank PLC,,-13.0278365681425,-13.3972300793293,-7.97092583162756,42.41371112297588,-0.871815761584781,-10.5876301342276,-7.90538348287569,,
NRBCBANK,NRBC Bank PLC,,-1.02120746143996,-3.24865504577412,-2.29027741767675,-74.99293316852629,-0.187946028849808,-3.32623498782796,-1.90615838769886,,
NTC,National Tea Company Limited,,,,,,,,,,
NTLTUBES,National Tubes Limited,36.241840156035,21.8507339309901,15.200667639845,12.6173877659713,18.206858849112216,1.06227425090533,1.32984228849439,1.31422973290057,,13.896709675291238
NURANI,Nurani Dyeing & Sweater Ltd.,,,,,,,,,,
OAL,Olympic Accessories Ltd,-374.075981825308,-410.267544395756,-598.415621684572,-618.180764789308,-58.76555140892198,-5.98408645400089,-7.79758429795426,-7.79660479501778,,36.19156257044769
OIMEX,Oimex Electrode Ltd.,,,,,,,,,,
OLYMPIC,Olympic Industries PLC.,22.9906504210249,6.61857189884453,8.40159772337073,6.62573718809609,11.542587082031657,12.0708861643198,16.4980374455881,16.3819569891631,,16.37207852218042
ONEBANKPLC,One Bank PLC,,1.5393017224595,1.49871661247269,2.96925888013859,-0.9700744998453383,0.306443167995714,4.53705335063375,2.18129756397052,,
ORIONINFU,Orion Infusion Ltd.,41.5302485027779,12.4545746246353,7.16977945891077,6.10650530432561,0.25334757955192283,4.9798499316544,13.2203814339245,12.8998169918015,,29.06255137089117
ORIONPHARM,Orion Pharma Ltd.,28.9983302028383,9.07285013363716,0.323986980827393,-1.76649902582603,-15.807135003538889,-0.204517851815639,-0.513166970422792,-0.254816926056826,,19.925480069201186
PADMALIFE,Padma Islami Life Insurance Ltd.,,,,,,,,,,
PADMAOIL,Padma Oil PLC,3.60227267842135,1.25455610645962,8.1103225028381,6.33693848043452,9.189400531004729,3.66440786099644,23.6234205936607,23.4381731625336,,2.347716571961717
PARAMOUNT,Paramount Insurance PLC.,,28.006673360225,28.001338640429,21.6653904271353,32.4933986949546,4.41791730150711,7.12409383755569,7.12409383755569,,
PDL,Pacific Denims Ltd.,,,,,,,,,,
PENINSULA,The Peninsula Chittagong PLC,24.6838685919792,7.47897759076937,-25.0852086813123,-33.4718574054019,-188.9266887753993,-1.84000363207639,-3.83915863792199,-2.96018535486415,,17.20489100120984
PEOPLESINS,Peoples Insurance Company Limited,,27.8426825060031,27.8426823790953,18.8370175558843,24.876211866508974,4.99811665014955,9.12968622308952,9.12968622308952,,
PF1STMF,Phoenix Finance 1st Mutual Fund Units,,,,,,,,,,
PHARMAID,Pharma Aids Limited.,28.0047819859337,17.8345484928509,17.826554284879,12.7360757977879,-4.636045634473531,10.2116418201967,14.1359093298399,14.1359093298399,,10.17023349308274
PHENIXINS,Phoenix Insurance Co. Ltd.,,14.170743170264,14.170743170264,12.3806679261986,-7.575755796976563,2.7585156156363,4.11580298486257,4.11580298486257,,
PHOENIXFIN,Phoenix Finance and Investments Ltd.,,,,,,,,,,
PHPMF1,PHP First Mutual Fund Units 2010-,,,,,,,,,,
PIONEERINS,Pioneer Insurance Co Ltd,,31.6488138483987,31.6488138483987,23.3895651335016,19.03535544385514,7.19877212609357,9.98780670527129,9.98780670527129,,
PLFSL,Peoples Leasing and Financial Services Ltd.,-11592.1209523812,-11892.0908200006,-11892.0908200006,-11896.0550377789,,,,,,
POPULAR1MF,Popular Life First Mutual Fund Units 2010-,,,,,,,,,,
POPULARLIF,Popular Life Insurance Co. Ltd.,,,,,,,,,,
POWERGRID,Power Grid Co. of Bangladesh Ltd.,43.8035868521522,41.3243796199122,-28.4898630968343,-22.9667692160845,-230.55192607189164,-1.03370478925774,-12.2874796006958,-1.41098138502658,,2.4270848256197257
PRAGATIINS,Pragati Insurance Limited,,34.5676734629144,34.5676734006899,25.7938940410988,5.792636110476525,6.70205745826254,10.0769678051718,10.0769678051718,,
PRAGATILIF,Pragati Life Insurance PLC,,,,,,,,,,
PREMIERBAN,The Premier Bank PLC,,,,,,,,,,
PREMIERCEM,Premier Cement Mills PLC,13.6615446834039,10.122178814971,3.27036174715028,1.0933741464453,-5.156768980600432,0.742642197199044,3.96360759987662,1.96256945429205,,3.695814550379838
PREMIERLEA,Premier Leasing & Finance Limited,,,,,,,,,,
PRIME1ICBA,Prime Bank 1st ICB AMCL Mutual Fund Units,,,,,,,,,,
PRIMEBANK,Prime Bank PLC,,23.2711389297918,22.7347172194595,15.9399875325454,28.55849317959982,1.49770610427148,21.6001263800202,5.84771460135599,,
PRIMEFIN,Prime Finance and Investment Ltd.,,,,,,,,,,
PRIMEINSUR,Prime Insurance Company Limited,,12.3285929736183,12.3285929736183,8.75540408252251,-25.39451082134943,3.53951079953345,8.19389852761019,8.19389852761019,,
PRIMELIFE,Prime Life Insurance Company Limited,,-6.32988686317475,-6.32988686317475,-5.92502618157336,-1.6532207440104196,-2.82784285322953,-206.976039719533,-206.976039719533,,
PRIMETEX,Prime Textile Spining Mills Ltd.,,,,,,,,,,
PROGRESLIF,Progressive Life Insurance Co. Ltd.,,,,,,,,,,
PROVATIINS,Provatee Insurance Company Limited,,10.6601877659223,10.66018788136,8.60467498377355,,4.28804710082745,8.33208182237862,8.33208182237862,,
PTL,Paramount Textile PLC,21.125222246232,18.1963832040587,8.74834436547395,9.10103113171921,-12.1674418725807,3.45855648934948,16.8976997306279,4.87068680945688,,2.928839042173209
PUBALIBANK,Pubali Bank PLC,,16.5117774216722,15.5092487454188,9.39734485719994,21.576371115661246,0.948338510676802,17.0415402679724,7.16561492090419,,
PURABIGEN,Purabi General Insurance Co. Ltd.,,,,,,,,,,
QUASEMIND,Quasem Industries Limited.,22.8126350739614,4.15806470141336,3.18530812055936,2.06927447646292,0.96385272411423,0.749025828911482,1.43084108996949,1.27801669852117,,18.654570372548022
QUEENSOUTH,Queen South Textile Mills Ltd.,,,,,,,,,,
RAHIMAFOOD,Rahima Food Corporation Ltd.,19.4907207903913,11.7437543006207,12.1835479793329,9.88943103106562,2.995301639841624,3.16370037900321,5.11936300698175,5.11936300698175,,7.746966489770664
RAHIMTEXT,Rahim Textile Mills Ltd.,14.5364086390491,10.8938747922919,2.31240977014111,0.8965212312129,-6.950253873052785,0.638488071760324,4.80208686232437,1.98229054648004,,3.642533846757199
RAKCERAMIC,RAK Ceramics (Baneladesh) Limited,13.3778743676109,0.898834450741752,-2.77295451570387,-4.16832362134181,2.1621884532966624,-1.94644826980133,-3.87375544156431,-3.6054760717001,,12.479039916869192
RANFOUNDRY,Rangpur Foundry Limited,20.2564238938291,5.92233958052028,3.34003194791447,2.59133414477012,-2.545657268641579,7.67128640165816,11.5590733533313,11.5590733533313,,14.33408431330882
RDFOOD,Rangpur Dairy and Food Products Limited,26.8690850054809,11.3348631432855,6.32684164140272,5.29736013284387,-7.282141825756599,3.38814557171041,4.92799766270021,4.60984347356262,,9.558028393282939
RECKITTBEN,Reckitt Benckiser (Bangladesh) PLC,49.784364151509,18.8471665196044,18.4322173074883,13.445726000337,,,,,,28.46339619927747
REGENTTEX,Regent Textile Mills Ltd.,,,,,,,,,,
RELIANCE1,Reliance Insurance Mutual Fund Reliance One Units,,,,,,,,,,
RELIANCINS,Reliance Insurance Ltd.,,66.8524790839552,66.8524790839552,46.3668961606278,59.67639628035225,7.22463171879444,14.5722966143166,14.5722966143166,,
RENATA,Renata PLC,41.4311204807122,11.0817683478107,8.52485223060264,6.79754338887811,-2.3878995253406106,4.92913421452116,8.37135058894595,7.19278985092555,,30.34935213290153
RENWICKJA,Renwick Janeswar and Co. (BD) Limited,,,,,,,,,,
REPUBLIC,Republic Insurance Co. Limited,,20.3956233338498,20.3956233338498,17.5213371265224,4.471524589792045,5.93479882919014,10.3209623523568,10.3209623523568,,
RINGSHINE,Ring Shine Textiles Ltd.,-4.7323449553354,-13.9192276399084,-50.7825324012051,-50.6707233517466,-28.986877666709372,-34.2142935735493,,,,5.829874713444498
ROBI,Robi Axiata PLc,39.9488156684441,22.4777334102599,15.260979963344,8.96075895332012,26.07605819470692,4.17430101824653,13.5966524217441,8.36420701909989,,17.471082258184218
RSRMSTEEL,Ratanpur Steel Re-Rolling Mills Ltd,,,,,,,,,,
RUNNERAUTO,Runner Automobiles PLC,33.3463808499652,20.7832100843477,5.95597881650973,3.489115880544,6.42674171464597,1.47747725569693,4.94692570280915,2.53732055975347,,12.563170765617551
RUPALIBANK,Rupali Bank PLC,,3.10733401435491,-1.26821306562043,-0.395011652271894,19.800361650382293,-0.0268277944129792,-1.29137440465292,-0.689057107637086,,
RUPALIINS,Rupali Insurance Company Ltd.,,,,,,,,,,
RUPALILIFE,Rupali Life Insurance Co. Ltd.,,,,,,,,,,
SAFKOSPINN,Safko Spinning Mills Limited,,,,,,,,,,
SAIFPOWER,SAIF Powertec Ltd.,,,,,,,,,,
SAIHAMCOT,Saiham Cotton Mills Ltd.,12.4018667651998,9.76202454465388,3.60343308101681,2.55218336647462,-5.204347343977568,1.44312643593602,2.60566407982859,2.52448853464365,,2.6394625427110077
SAIHAMTEX,Saiham Textile Mills Ltd.,12.7925310478807,9.97464121006415,2.23350000508556,1.39774901147416,20.42888196710102,0.789824769051473,1.27463529635917,1.27463529635917,,2.8178898378165855
SALAMCRST,S. Alam Cold Rolled Steels Limited,,,,,,,,,,
SALVOCHEM,Salvo Chemical Industry Ltd.,7.66909426905828,3.79829840989827,0.284832254630197,0.207550340781501,2.912742415548415,0.187117528641955,0.483598797232869,0.343433693894578,,3.8707958591600167
SAMATALETH,Samata Leather Complex (Pvt.) Ltd.,,,,,,,,,,
SAMORITA,Samorita Hospital Ltd.,51.4741720397198,2.6904080515538,3.0554812183754,2.97791025147719,1.6067244601227322,0.958430951437858,1.07921586227424,1.06962926610045,,48.783763988166044
SANDHANINS,Shandhani Life Insurance Co.Ltd,,,,,,,,,,
SAPORTL,Summit Alliance Port Limited,25.1459649752399,19.4269040471025,14.3186216398242,9.27997748814519,8.963001487015251,5.0747426659304,7.91820628772278,6.59028641005224,,5.719060928137473
SBACBANK,SBAC Bank PLC.,,4.50138262644865,3.56407918953928,-1.26832662778357,,-0.118654549850067,-1.35742712729329,-1.20680873399802,,
SEAPEARL,Sea Pearl Beach Resort & Spa Ltd.,68.9502428541746,13.3925829410199,-83.9037702671015,-63.1258733361181,-22.677218162832286,-4.61909643582776,-18.6228864693356,-6.14270369609588,,33.57327721638644
SEMLFBSLGF,SEML FBLSL Growth Fund Units,,,,,,,,,,
SEMLIBBLSF,SEML IBBL Shariah Fund Units,,,,,,,,,,
SEMLLECMF,SEML Lecture Equity Management Fund Units 2015,,,,,,,,,,
SHAHJABANK,Shahjalal Islami Bank PLC,,18.8145272262196,18.1595959342429,4.78223455409438,90.34465217563353,0.385830711641163,6.27151183757556,2.09985241869266,,
SHARPIND,Sharp Industries PLC,18.3143757994817,12.170411559892,5.22190872313652,4.22948959157625,-1.361306325107985,2.60921822444838,5.62218689929893,4.77810029917223,,1.4467919237168452
SHASHADNIM,Shasha Denims PLC,10.9984169241832,9.29849493009965,2.24121055569217,2.60010345196428,-0.49902580601627794,2.22380888989296,5.24120320696824,4.63414787998207,,1.6980801773764334
SHEPHERD,Shepherd Industries PLC,11.7950501357064,8.92373512806002,1.60127018046794,0.819280002771625,,0.434325923880994,0.962661552686746,0.962661552686746,,2.8888304623535794
SHURWID,Shurwid Industries Ltd,,,,,,,,,,
SHYAMPSUG,Shyampur Sugar Mills Ltd.,,,,,,,,,,
SIBL,Social Islami Bank PLC,,-17.9607912726211,-20.9828386726147,-20.9350759800572,-17.144715401195,-1.27365888915819,-32.1345787963355,-19.4106556824286,,
SICL,"Sikder Insurance Co., Ltd.",,,,,,,,,,
SILCOPHL,Silco Pharmaceuticals Ltd.,,,,,,,,,,
SILVAPHL,Silva Pharmaceuticals Ltd.,36.8444928889268,-26.3977169822154,-26.1960461148918,-30.4765814543639,-5.766112757101394,-5.48967499762985,-5.87154379003693,-5.86374261856598,,52.701233359861845
SIMTEX,Simtex Industries PLC,16.6035522303838,10.1129374651834,5.73555735406658,4.08155569969628,1.2195916685479224,2.9479207753509,4.35327164437947,4.14728557296929,0.03891150431714129,6.451703260883197
SINGERBD,Singer Bangladesh Limited,22.1601345785618,4.08602035856088,-6.61187013673214,-6.75935893909005,-20.371690070589164,-4.01105570475435,-54.3559379972414,-14.9647687488216,,16.41767493504647
SINOBANGLA,Sinobangla Industries Ltd.,11.0590793646078,6.58214535060269,1.96230854792868,1.39103817935126,0.5371926675419171,1.40030920905057,4.89403697062864,4.42743184268862,,4.476934014005151
SIPLC,Sena Insurance PLC,,,,,,,,,,
SKTRIMS,SK Trims & Industries Ltd.,,,,,,,,,,
SONALIANSH,Sonali Aansh Industries Limited.,,,,,,,,,,
SONALILIFE,Sonali Life Insurance Company Ltd,,,,,,,,,,
SONALIPAPR,Sonali Paper & Board Mills Ltd.,,,,9.79228705155304,,3.977586987239,5.16369804072918,5.13853129650595,,
SONARBAINS,Sonar Bangla Insurance Ltd.,,,,,,,,,,
SONARGAON,Sonargaon Textiles Limited.,,,,,,,,,,
SOUTHEASTB,Southeast Bank PLC,,8.48049370971926,4.48118746243446,1.14869401209426,25.612719139354727,0.101227717836652,1.66983994596907,0.904874761760119,,
SPCERAMICS,Shinepukur Ceramics Limited.,3.91411385989188,-2.37453944428724,-6.43595586434694,-9.16813369352612,6.171353063866878,-2.81277626197228,-3.85789691464618,-3.84484472469135,,6.288653304179142
SPCL,Shahjibazar Power Co Ltd,8.90937811486088,4.81416973702652,1.07171948552904,0.644462092825093,-2.6428517579260458,0.556419808220085,0.95567529450023,0.943224974696242,,1.4457792024903409
SQUARETEXT,Square Textiles PLC,13.1457162960881,11.7450437089505,6.63421970595495,5.61416238479624,-14.270117059783797,5.37463153936398,13.0091877529645,10.1138431300886,,1.4006725871375418
SQURPHARMA,Square Pharmaceuticals PLC,44.1340681376644,24.1089998725116,32.1706749973709,30.9823982034213,17.91374040459893,17.420021704402,18.548263564805,18.4532803718578,0.3619792949507108,19.736430679514786
SSSTEEL,S.S. Steel Ltd,16.9976514194414,14.263488143155,2.19215351881744,0.0247882745174214,-23.69193352575377,0.0205262609819604,0.0834392306847317,0.0315162517373107,,2.7341632762864254
STANCERAM,Standard Ceramic Industries Ltd.,,,,,,,,,,
STANDARINS,Standard Insurance Ltd.,,35.7253494808497,35.7253492458193,24.4563637821551,9.992826099264446,6.51055291001235,11.155214531396,10.7031938590852,,
STANDBANKL,Standard Bank PLC,,8.24819564013307,7.97464219777636,3.60115879937506,,0.305912170249569,4.60050259582191,1.75981508807654,,
STYLECRAFT,Stylecraft Limited,-5.63489894844653,-16.2328280200511,-41.8022292263075,-45.8700819762317,-25.750689062242383,-2.85312567983348,-45.370025450813,-5.38558048076086,,10.597929071604614
SUMITPOWER,Summit Power Ltd.,17.2044990023913,14.7269462060278,8.64920147237388,4.9541642092883,6.2231327186849335,2.31853993203571,5.2910655192139,3.93703941390687,,1.121253702879983
SUNLIFEINS,Sunlife Insurance Co. Ltd.,,,,,,,,,,
TAKAFULINS,Takaful Islami Insurance PLC,,,,,,,,,,
TALLUSPIN,Tallu Spinning Mills Limited,,,,,,,,,,
TAMIJTEX,Tamijuddin Textile Mills PLC,21.2040153629684,19.636120131292,5.47382506459047,4.93425618692663,5.177991603119994,2.0747821348174,6.92582887378519,4.39137643604655,,1.5678952316764032
TECHNODRUG,Techno Drugs Ltd.,,,,,,,,,,
TILIL,Trust Islami Life Insurance Ltd.,,,,,,,,,,
TITASGAS,Titas Gas Transmission and Distribution PLC,-0.551151916075321,-1.98543167841504,-0.572741598393125,-4.27891088983229,4.245636276673076,-4.48856597655736,-19.5237065714679,-18.4097067501187,,1.4342797623396926
TOSRIFA,Tosrifa Industries Ltd,10.9975061482381,4.0079276279149,1.90266657276015,0.8344736047826,2.6954746352825962,0.833811476844217,2.11430956237618,1.72337069108984,,5.136751563229347
TRUSTB1MF,Trust Bank 1st Mutual Fund Units,,,,,,,,,,
TRUSTBANK,Trust Bank PLC,,14.8864261346982,14.8681292162891,6.83575386012226,22.501432897312277,0.672747166263952,14.3254314804586,6.0106328839293,,
TUNGHAI,Tung Hai Knitting & Dyeing Ltd,,,,,,,,,,
UCB,United Commercial Bank PLC,,-3.25749815574996,-0.473830181988318,-1.29909547517981,,-0.125654283230969,-2.45483170280752,-0.957737934593591,,
UNILEVERCL,Unilever Consumer Care Limited,,,,,,,,,,
UNIONBANK,Union Bank PLC,,,,,,,,,,
UNIONCAP,Union Capital Limited,,,,,,,,,,
UNIONINS,Union Insurance Co. Ltd,,,,,,,,,,
UNIQUEHRL,Unique Hotel & Resorts PLC,61.1734223443512,24.9410348764233,-1.56874412003851,63.0694201981412,19.346702830480776,3.82299073420374,6.63489760367803,5.20204445114151,,35.80100964752344
UNITEDFIN,United Finance PLC,52.1451052671776,22.6659704218287,11.0024087171335,7.36089265608684,22.0909744818932,0.759697024056321,6.65359942687562,2.30768006365326,,
UNITEDINS,United Insurance Company Limited,,39.8632130313417,39.8602100230339,24.8009468385038,35.26147509819004,5.13473421551629,7.8166814644159,7.8166814644159,,
UPGDCL,United Power Generation & Distribution Co. Ltd.,32.2944450445057,31.8059313383911,30.952992335721,29.7475679772647,8.19273087892537,14.3899971002957,30.2837064983571,29.6074659245024,,0.5611090377343849
USMANIAGL,Usmania Glass Sheet Factory Limited,,,,,,,,,,
UTTARABANK,Uttara Bank PLC,,32.7020701262137,32.3830193457777,16.0531248847759,41.16864979536304,1.64443249388471,18.2403911242246,16.6613251032168,,
UTTARAFIN,Uttara Finance and Investments Limited,,,,,,,,,,
VAMLBDMF1,Vanguard AML BD Finance Mutual Fund One Units 2015,,,,,,,,,,
VAMLRBBF,Vanguard AML Rupali Bank Balanced Fund Units,,,,,,,,,,
VFSTDL,VFS Thread Dyeing Ltd.,,,,,,,,,,
WALTONHIL,Walton Hi-Tech Industries PLC,36.9938718752124,22.6337703944743,16.5079652179924,16.4958192966201,1.4367435496617664,8.05591928411861,11.5446468024014,10.917832146094,,14.3601014807381
WATACHEM,Wata Chemicals Ltd.,30.7579124001738,26.4168986062047,1.7570236733185,0.664955010530939,39.95539209788001,0.178661405123933,0.531732010137348,0.362145301069376,,4.341013793969039
WMSHIPYARD,Western Marine Shipyard Limited,,,,,,,,,,
YPL,Yeakin Polymer Ltd.,,,,,,,,,,
ZAHEENSPIN,Zaheen Spinning PLC,,,,,,,,,,
ZAHINTEX,Zahintex Industries Ltd.,,,,,,,,,,
ZEALBANGLA,Zeal Bangla Sugar Milla Limited,,,,,,,,,,
