Symbol,Name,Gross Margin TTM,Operating Margin TTM,Pretax Margin TTM,Net Margin TTM,FCF Margin TTM,ROA TTM,ROE TTM,ROIC TTM,RAD Ratio TTM,SGAA Ratio TTM
1JANATAMF,First Janata Bank Mutual Fund Units,,,,,,,,,,
1STPRIMFMF,Prime Finance First Mutual Fund 2009 Units,,,,,,,,,,
AAMRANET,aamra networks ltd,,,,,,,,,,
AAMRATECH,Aamra Technologies Limited,,,,,,,,,,
ABB1STMF,AB Bank 1st Mutual Fund 2011 Units,,,,,,,,,,
ABBANK,AB Bank PLC,,145.01735477149265,-634.050141114023,144.1061919723722,-361.061524664352,-9.55956916458214,,-512.668089934031,,
ACFL,Aman Cotton Fibrous PLC,4.35997724550159,2.76578852165009,3.16458156402855,1.26843833567356,22.19305959631706,0.429845555502373,0.677806695494866,0.58430357744913,,1.5941887238515096
ACI,Advanced Chemical Industries PLC,25.6330279576427,7.36605792540254,1.39234529373859,-0.141823436990089,-3.2790247746370795,-0.197669796039419,-3.24278376654448,-1.49164942539228,,18.26697003224019
ACIFORMULA,ACI Formulations PLC,30.0466151518448,11.6995154328466,8.40849056398818,6.32180705753627,-12.218943343352345,3.95671566244739,9.51472152420675,9.44964806822784,,18.47770513940042
ACMELAB,ACME Laboratories Ltd.,41.2160871673516,16.7476304173822,8.92016072414746,6.65704529767891,7.909935846570919,4.5145693982088,9.92933745450942,7.96711099565898,,24.468456749969437
ACMEPL,ACME Pesticides Ltd,,,,,,,,,,
ACTIVEFINE,Active Fine Chemicals Ltd.,,,,,,,,,,
ADNTEL,ADN Telecom Ltd.,31.0782260780231,11.6097623704537,10.2712147576388,7.44046262760396,8.57296466366943,4.48091980237085,7.13860335458784,6.37567174582953,,19.46846370756939
ADVENT,Advent Pharma Ltd.,36.2873618851604,15.6646730942619,13.5637394219919,10.2661059094966,-0.43582931115512874,2.42134103488224,3.06488322194773,3.04906881132164,,13.890554347356304
AFCAGRO,AFC Agro Biotech Ltd.,,,,,,,,,,
AFTABAUTO,Aftab Automobiles Ltd.,23.6821541456557,9.9936203424698,-28.412313810373,-19.2659327852096,16.000202355160937,-0.567762283077341,-3.27114354425195,-0.936361758253566,,13.688533803185942
AGNISYSL,Agni Systems PLC,37.0333768563119,16.2676527890008,14.2542073707735,5.70388116384014,5.340557755767198,2.57713282791548,3.12600554451982,3.05231420006085,,20.765724067311194
AGRANINS,Agrani Insurance PLC,,23.8865323693145,22.0695709244131,17.2080163685331,26.536412033332034,2.33207738581225,3.706864753336,3.3936756341471,,
AIBL1STIMF,AIBL 1st ISLAMIC Mutual Fund 2010- Units,,,,,,,,,,
AIL,Alif Industries Ltd.,,,,,,,,,,
AL-HAJTEX,Alhaj Textile Mills Limited,,,,,,,,,,
ALARABANK,Al-Arafah Islami Bank PLC,,8.383390324980914,3.05488854141115,5.56315543076519,-1.9223727280037413,0.135124323445899,3.5727531082468,0.864325108488314,,
ALIF,Alif Manufacturing Company Ltd.,,,,,,,,,,
ALLTEX,Alltex Industries Limited,34.119699221679,25.4157746751341,0.761837334303399,-0.108887771320976,-6.340609323195181,-0.0149393528671842,-0.0544136787408621,-0.0244736919904573,,8.703924546544908
AMANFEED,Aman Feed PLC,11.5645241484304,5.74899050526058,1.93890068233785,0.210702236615761,1.3069774457584333,0.197969762419721,0.517890505584701,0.314022734687958,,5.815533643169787
AMBEEPHA,Ambee Pharmaceuticals PLC,45.8379828041418,2.7649781514447,4.83552514264727,3.50632768668923,-11.678785443925175,0.739365884429805,19.2815937756223,19.1493061210347,,41.65243789809105
AMCLPRAN,Agricultural Marketing Co. Ltd.,19.0045968419737,7.37769455202421,2.3908000206849,1.00511953893082,1.701376723115478,2.11184457733109,5.15683339055714,4.74652959965078,,11.626902289949514
ANLIMAYARN,Anlima Yarn Dyeing Ltd.,,,,,,,,,,
ANWARGALV,Anwar Galvanizing Ltd.,-13.8736358240514,-24.1524014299675,-22.4917223143494,-23.9904925358702,-0.7660233707035888,-16.6109293021024,-141.679173356604,-82.4390856434992,,10.278765605916126
AOL,Associated Oxygen Ltd,,,,,,,,,,
APEXFOODS,Apex Foods Limited,8.96990344690094,2.91615642371554,3.38169446712248,1.47688911185214,1.318977404914354,3.05134424514707,5.35627358046633,5.35627358046633,,6.0537470231853945
APEXFOOT,Apex Footwear Ltd.,27.2197113350244,9.46549686258943,2.07194261491124,0.78827312578712,-6.0892901056814575,0.534470445527683,2.25713636462918,1.22133975342996,,17.75421447243496
APEXSPINN,Apex Spinning and Knitting Mills Ltd.,7.54221331571097,2.92251420506161,1.99531094515905,0.531016811440712,-1.9201132322643144,1.40510470339895,5.40620052594753,5.40620052594753,,4.619699110649351
APEXTANRY,Apex Tannery Limited.,8.89547519391789,2.44412081750411,-46.4601755928733,-48.4346038037207,-78.11619851178716,-5.62012443322677,-14.1482534282803,-13.1895551448242,,6.451354376413798
APOLOISPAT,Appollo Ispat Complex Ltd.,,,,,,,,,,
ARAMIT,Aramit Limited,,,,,,,,,,
ARAMITCEM,Aramit Cement Limited,,,,,,,,,,
ARGONDENIM,Argon Denims Ltd.,7.99762084279993,3.39471414740359,4.2203545898434,3.01926589225839,7.801659959017755,2.37697461868489,4.84798099544835,4.65944847159833,,4.602906695396342
ASIAINS,Asia Insurance PLC,,32.1698439805521,33.1572017235663,20.8601594744163,22.54465761292277,4.9960615865724,9.67989084162132,9.62419804218089,,
ASIAPACINS,Asia Pacific General Insurance PLC,,25.5318213683679,25.5318215384533,19.0316171553495,15.031071453397821,6.42484114081258,10.3046432836561,10.3046432836561,,
ASIATICLAB,Asiatic Laboratories Ltd,,,,,,,,,,
ATLASBANG,Atlas Bangladesh Limited,,,,,,,,,,
AZIZPIPES,Aziz Pipes Limited.,,,,,,,,,,
BANGAS,Bangas Limited,,,,,,,,,,
BANKASIA,Bank Asia PLC,,19.571121327580173,7.96931346785217,13.864711732371385,11.887762021678784,0.632528017869181,11.137426190886,5.42979519380156,,
BARKAPOWER,Baraka Power Ltd.,-9.13751785852624,-17.9142732016992,-24.3741035929065,18.3888073216843,-6.884712610887403,2.84390471938745,3.8484467985348,3.75867328556193,,8.776755343172987
BATASHOE,Bata Shoe Co. (Bangladesh) Ltd.,35.9119995781653,7.13270180924084,5.19886506350409,2.52015188558696,11.428789305350142,2.95959040331802,8.02386285118807,4.98798940071624,,28.77929776892444
BATBC,British American Tobacco Bangladesh Co Ltd,38.6887642080688,25.1535328267626,16.301555682547,7.18813986936058,8.57262735171965,5.4765047952236,10.4265627434804,9.83837660344991,,13.535231381306193
BAYLEASING,Bay Leasing and Investment Ltd.,,,,,,,,,,
BBS,Bangladesh Building Systems PLC,22.2492176115782,8.79224901790337,-27.7061105151786,-27.9818378853159,-39.04266280866678,-3.19483079989817,-5.82158574209402,-3.92015298478686,,13.456968593674834
BBSCABLES,BBS Cables PLC,13.999672719466,-25.214141978363,-73.3436082708989,-64.9741529056548,-26.607701799271172,-11.0941574284493,-18.1647895656066,-16.7877022501457,,38.03626949246491
BDAUTOCA,Bangladesh Autocars Limited,,,,,,,,,,
BDCOM,BDCOM Online Ltd.,46.3874313624147,6.12202571267716,10.7626404536653,5.55803158988326,10.702603478633046,3.38925177488833,5.10159177334891,4.8267295047566,,40.265405649737495
BDFINANCE,Bangladesh Finance PLC,,,,,,,,,,
BDLAMPS,Bangladesh Lamps PLC,21.5090441239096,7.27626026274797,0.348317306097106,-0.824230580216961,2.715720382459763,-0.694451078609722,-3.50789006295281,-3.06964218025223,,14.23278386116165
BDTHAI,Bangladesh Thai Aluminium Ltd.,-161.702093088708,-217.792607517197,-547.931589687047,-564.103028236208,-336.89529891167956,-5.69748576389856,-10.3191291134145,-8.19613147175037,,56.09051442848907
BDTHAIFOOD,BD Thai Food & Beverage Ltd.,,,,,,,,,,
BDWELDING,Bangladesh Welding Electrodes Ltd.,,,,,,,,,,
BEACHHATCH,Beach Hatchery Ltd,,,,,,,,,,
BEACONPHAR,Beacon Pharmaceuticals PLC,,,,,,,,,,
BENGALWTL,Bengal Windsor Thermoplastics PLC,18.3052632850805,8.61282784682419,6.26522874178133,5.18308568469011,8.98149927241013,1.96828857185123,2.14947863831109,2.14885108185068,,9.6924354382563
BERGERPBL,Berger Paints Bangladesh Ltd.,,,,,,,,,,
BESTHLDNG,Best Holdings PLC,,,,,,,,,,
BEXIMCO,Bangladesh Export Import Company Ltd.,,,,,,,,,,
BGIC,Bangladesh General Insurance Company PLC,,18.6928582479089,18.6928582479089,12.7524468724778,0.1867626332388749,4.08847803429283,7.1961680702784,7.1961680702784,,
BIFC,Bangladesh Industrial Finance Company Ltd.,,,,,,,,,,
BNICL,Bangladesh National Insurance Company Ltd,,30.2974932214351,30.2961561335533,22.8681951804421,31.2908225760805,8.3885547514793,17.8570431653655,17.8570431653655,,
BPML,Bashundhara Paper Mill Ltd.,-42.7331969918139,-57.3102163303059,-180.255456642601,-145.946506524207,-101.53795446006977,-13.7139812792883,-61.0702491908635,-19.1629602475746,,14.577019338492025
BPPL,Baraka Patenga Power Ltd.,30.738856727678,28.7919311668545,10.1594583967967,5.15114974378812,-18.190498232853987,2.27997211403295,12.1586803148374,5.63722897204488,,1.9469255608234985
BRACBANK,BRAC Bank PLC,,43.78036734159196,25.6716837134379,23.489560947476253,-114.8656766950999,1.72834754616452,22.924739678721,9.72836705064081,,
BSC,Bangladesh Shipping Corporation,55.2653059343545,44.4682037224764,57.5000934423758,45.9642174144826,,7.91649473572206,17.6052455415203,9.40889747609875,,10.610755689082177
BSCPLC,Bangladesh Submarine Cables PLC,77.2237926543091,59.5799252908841,72.218965076271,59.5598357243383,70.70265767188353,11.7334733016784,17.3409387648051,13.8635047449662,,17.643867363425013
BSRMLTD,Bangladesh Steel Re-Rolling Mills Ltd.,8.94494587076979,6.98063693357204,5.80850850521761,6.02186558009278,9.29909029535439,7.05815591839525,12.9072303172238,12.4945952772448,,1.9643089371977476
BSRMSTEEL,BSRM Steels Limited,9.51175284665933,7.68673194110046,5.94542717696358,4.64947090689789,6.0919544924149704,6.93017021519282,17.6227575118028,10.7593943025286,,1.8250209055588744
BXPHARMA,Beximco Pharmaceuticals Plc,48.1194199214277,21.0139602284744,20.985593318783,16.0395900345839,13.43233919046058,11.2634762220074,15.522367410289,15.0809524878071,,24.288100979079978
CAPITECGBF,CAPITEC GRAMEEN BDT10 (MUTUAL FUND) Units,,,,,,,,,,
CAPMBDBLMF,CAPM BDBL Mutual Fund 01 Units,,,,,,,,,,
CAPMIBBLMF,CAPM IBBL Islamic Mutual Fund Units,,,,,,,,,,
CENTRALINS,Central Insurance PLC,,28.3206048544104,28.3206048544104,20.7813607536609,17.126619411527123,2.65656800008204,3.77576088821193,3.77576088821193,,
CENTRALPHL,Central Pharmaceuticals Ltd.,,,,,,,,,,
CITYBANK,City Bank PLC,,40.241623882890195,21.2653252550363,29.295465040844377,1.5797987930516666,1.74502333236157,27.2068447236661,10.9826104488663,,
CITYGENINS,City Insurance PLC,,57.5520115529762,57.4336267281416,36.1156869246491,35.46283368267847,12.4918116089864,18.3517749406841,18.3517749406841,,
CLICL,Chartered Life Insurance PLC,,262.249575167477,260.836416365304,259.911327684218,4.055365612877649,184.708193026152,621.151937866667,580.126589780211,,
CNATEX,C & A Textiles Ltd,,,,,,,,,,
CONFIDCEM,Confidence Cement PLC,15.2654245672938,6.74085639453463,-5.18260755708291,20.7963444421937,6.075259712896474,5.85344452826272,11.6913163486064,11.2477105554281,,4.224471101547605
CONTININS,Continental Insurance PLC,,25.0459948595027,25.0459948595027,20.0564449989168,-0.7163751696271162,4.23313807361088,7.00837017619901,7.00837017619901,,
COPPERTECH,Coppertech Industries Ltd,12.049894935342,9.21255067438271,3.0236633377426,2.41159011045312,2.122884381619896,2.35717090173655,4.85589189829189,4.03791574013142,,2.8373442609593265
CROWNCEMNT,Crown Cement PLC,10.0572374622657,5.82058822686365,2.77060198614787,1.15722905568215,3.0497895922203404,1.41444287637388,4.41492816802039,2.84212834572737,,4.294362351321052
CRYSTALINS,Crystal Insurance Company Ltd,,28.7374510275188,28.5561389594646,21.8784950503038,29.303431702213175,6.93494673881611,12.8009337344669,12.6133421646441,,
CVOPRL,CVO Petrochemical Refinery PLC,22.7576398214658,19.4403373543019,18.5542896845105,14.995722444195,21.604039182068853,16.9549634996892,29.1244193069344,28.9236846434788,,3.3173024671639637
DACCADYE,Dacca Dyeing and Manufacturing Company Limited,,,,,,,,,,
DAFODILCOM,Daffodil Computers PLC.,35.0115804722397,12.8916867044723,1.56408932253737,0.463036216733049,9.36427841788252,0.163085392484797,0.375950409531557,0.375950409531557,,21.886620534115995
DBH,DBH Finance PLC,28.922073172829,19.4983703803541,20.4934386382023,12.6615506923316,14.648100166424118,1.52623774307741,10.9741139318255,5.3301025689129,,
DBH1STMF,DBH First Mutual Fund Units,,,,,,,,,,
DELTALIFE,Delta Life Insurance Company Ltd.,,15.3649171938529,15.3649171938529,14.1355527891677,-19.157969205836125,4.06332478565222,54.8095780642142,54.4583974858039,,
DELTASPINN,Delta Spinners Limited,,,,,,,,,,
DESCO,Dhaka Electric Supply Co. Ltd.,19.7568398345798,14.9947123537185,1.77633537908624,-3.40741311459311,53.97449128868583,-0.321115181816662,-1.85699248146282,-0.641605255619768,,4.642704322465166
DESHBANDHU,Deshbandhu Polymer Limited,-97.6378900106218,-108.48832380298,-286.880223397126,-285.427439441184,,-12.43661179824,-34.597462598166,-16.8878134895776,,10.850433792358025
DGIC,Desh General Insurance Company Ltd,,,,,,,,,,
DHAKABANK,Dhaka Bank PLC,,33.30694206663162,14.3994823523002,13.453658866449183,-18.74083885564454,0.58463969021531,10.9189218504632,3.38339254304462,,
DHAKAINS,Dhaka Insurance Limited,,43.7260736839999,43.7260736839999,22.3831542948176,24.029602854383377,2.48782849929555,4.52300555675026,4.51323949604187,,
DOMINAGE,Dominage Steel Building Systems Ltd,13.0970218331834,-6.15794394883126,-16.069352335818,-23.1799617625628,14.843039781445611,-1.19273520230376,-1.32400314311196,-1.31984657128503,,19.254965782014672
DOREENPWR,Doreen Power Generations & Systems Ltd.,21.746800553148,20.1125594619456,5.73172484666515,5.7416367277999,-0.08341342053402294,3.08167756060567,7.94191240517604,5.30554742879853,,1.6334014148091787
DSHGARME,Desh Garments Limited.,,,,,,,,,,
DSSL,Dragon Sweater & Spinning Ltd.,,,,,,,,,,
DULAMIACOT,Dulamia Cotton Spinning Mills Limited,,,,,,,,,,
DUTCHBANGL,Dutch-Bangla Bank PLC,,41.838985638067264,29.6289554418919,22.97572472041103,43.407157590192305,1.58355337675313,22.8829457945516,13.0892736167665,,
EASTERNINS,Eastern Insurance PLC,,,,,,4.63101451644745,5.90697772034741,5.90697772034741,,
EASTLAND,Eastland Insurance PLC,,26.7720147192401,26.7720147192401,22.44836554242,,3.36625632286474,5.76281041436577,5.76281041436577,,
EASTRNLUB,Eastern Lubricants Blenders PLC,11.7566545357779,9.44201196991014,15.7833786291028,12.3537948656034,-13.387795028224645,12.7201425301383,28.9398913412074,28.9398913412074,,2.282857501891088
EBL,Eastern Bank PLC,,47.51204332183928,21.1176947687646,28.838616711091376,12.97037675105649,1.23106864665151,19.4638290967861,5.79048724715927,,
EBL1STMF,EBL First Mutual Fund Units,,,,,,,,,,
EBLNRBMF,EBL NRB Mutual Fund,,,,,,,,,,
ECABLES,Eastern Cables Ltd.,1.39589830057504,-21.2693223045206,-39.930777938368,-45.2367253695826,26.84979019064763,-1.17944088583446,-1.38979232994427,-1.37786994447658,,22.66522060509569
EGEN,eGeneration PLC,37.9975607968013,18.1911684158168,14.0555120714895,13.7436546961457,3.5194052560910705,2.63959060378942,3.12319185695508,3.11662264981347,,11.559382413398495
EHL,Eastern Housing Ltd.,35.9300666722071,21.4701760085077,36.1823177794039,26.4740478520948,-9.599191470555082,3.43419035920928,9.82570866562993,9.80058467590505,,14.459890663699362
EIL,Express Insurance Ltd.,,52.4508194435295,33.4826855400112,23.9000944848831,15.152526969734028,4.39913735703406,8.04228243271499,8.04228243271499,,
EMERALDOIL,Emerald Oil Industries Ltd.,,,,,,,,,,
ENVOYTEX,Envoy Textiles Ltd.,18.8231789492083,16.1836779278204,9.09995197641191,7.84150938595308,12.399932669497353,5.78251684480867,14.1038506778778,9.81277343980746,,2.6306202821574667
EPGL,Energypac Power Generation PLC,21.8612809384981,1.90996457899872,-89.9512903399321,-92.4208458879075,,-9.83478743114488,-38.5941618488108,-12.55148529764,,19.7281502757123
ESQUIRENIT,Esquire Knit Composite PLC,12.448819832785,5.46526000697315,-0.185977558989095,-1.17166873771535,-22.606850464933437,-0.775394708978246,-1.56278796059614,-1.18192004933367,,6.983559825811812
ETL,Evince Textiles Ltd.,14.7599561291836,11.2365285867477,3.1381302740959,3.61006196223948,9.173627299692882,2.03037990190284,5.01948325719909,3.90258417073234,,3.5234275424359653
EXIM1STMF,EXIM Bank 1st Mutual Fund 2013- Units,,,,,,,,,,
FAMILYTEX,Familytex (BD) Ltd.,,,,,,,,,,
FARCHEM,FAR Chemicals Industries Ltd,-9.23620101767344,-10.7862818895162,-18.5754836223101,-19.9402833668086,-39.38639214776103,-6.72338934169686,-11.5011377745402,-10.8519338647357,,1.5500808718428147
FAREASTFIN,Fareast Finance & Investment Ltd.,,,,,,,,,,
FAREASTLIF,Fareast Islami Life Insurance Company Limited,,,,,,,,,,
FASFIN,FAS Finance & Investment Limited,,,,,,,,,,
FBFIF,First Bangladesh Fixed Income Fund Units,,,,,,,,,,
FEDERALINS,Federal Insurance PLC,,,,,,,,,,
FEKDIL,Far East Knitting & Dyeing Industries PLC.,5.69317682468332,0.0822638657850722,-0.487329669759174,-1.69278774534755,-8.803587654297997,-2.34626369206661,-3.63027784063303,-3.33193089228119,,5.610912958898264
FINEFOODS,Fine Foods Limited,,,,,,,,,,
FIRSTFIN,First Finance Ltd.,,,,,,,,,,
FORTUNE,Fortune Shoes Ltd.,15.6381942025066,8.53606339269961,-10.0700017272045,-12.1976003002357,-21.816202638880362,-5.52503079893244,-7.71868667125408,-7.34577505571904,,7.102130809806975
FUWANGCER,Fu-Wang Ceramic Industry Ltd.,28.1598339716851,19.8915957274695,6.21499766072724,-0.526248312385451,-125.60838671821813,-0.0546948112896903,-0.301628953642135,-0.0968149280255617,,5.41096030721699
FUWANGFOOD,Fu-Wang Foods Limited,,,,,,,,,,
GBBPOWER,GBB POWER Ltd.,,,,,,,,,,
GEMINISEA,Gemini Sea Food PLC,,,,,,,,,,
GENEXIL,Genex Infosys PLC,44.7430657285502,37.1275307178242,15.1301510173154,14.8543468686297,-4.880879370981674,3.92380884597206,9.59864397822691,7.17204762073632,,7.615535010725974
GENNEXT,Generation Next Fashions Ltd.,,,,,,,,,,
GHAIL,Golden Harvest Agro Industries Ltd.,44.5819874489682,25.7235559204731,4.01664930590236,-4.99526988389454,0.8159061971273236,-0.884661433618719,-1.80970849116598,-1.15633766066589,,18.85843152849506
GHCL,Global Heavy Chemicals Ltd.,-110.826931855625,-164.233534312413,-335.741780197225,-334.029990788535,-367.1800829019855,-3.87920618270926,-5.44233867258482,-5.41317838108088,,53.40660245678789
GLDNJMF,ICB AMCL CMSF GOLDEN JUBILEE MUTUAL FUND,,,,,,,,,,
GLOBALINS,Global Insurance PLC,,23.2904556068204,22.6301975848918,15.1881286240219,10.95857642784335,4.57669507938167,13.2919477598076,13.2919477598076,,
GOLDENSON,Golden Son Limited,-122.75238590271,-164.501362837887,-272.749215120972,-281.050527200339,-357.0632791792945,-5.30373984719004,-15.7318146704377,-8.1029352279627,,41.748976935177
GP,Grameenphone Ltd.,47.5356918685231,35.1546299244498,30.9144352711493,18.3582171363577,24.59555014189866,14.12858397128,50.7250918159767,26.4239111178413,,12.38106194407328
GPHISPAT,GPH Ispat Limited,15.6765897036793,12.7258090309718,0.508969966121035,-1.48201528053078,-16.144459764921468,-0.657519452923322,-2.59884997329601,-1.18088150077253,,2.95078067270754
GQBALLPEN,G.Q. Ball Pen Industries Limited,,,,-0.792505103915247,,,,,,
GRAMEENS2,Grameen Mutual Fund One - Grameen Two Units,,,,,,,,,,
GREENDELMF,Green Delta Mutual Fund 2010 Units,,,,,,,,,,
GREENDELT,Green Delta Insurance PLC,,52.8737589532913,30.3115331673987,17.490819594162,,3.25725082691912,7.41080030714677,7.41080030714677,,
GSPFINANCE,GSP Finance Company PLC,,,,,,,,,,
HAKKANIPUL,Hakkani Pulp & Paper Mills PLC,17.3032006287263,10.7099583031977,3.0932017629864,0.195736931267212,-2.222643170719962,0.125019424293696,0.434041920488244,0.188054167586511,,6.593242325528616
HAMI,Hami Industries PLC,,,,,,,,,,
HEIDELBCEM,Heidelberg Materials Bangladesh PLC,7.68669842242706,-0.789990472686355,-0.435429779043467,-0.975237694289094,5.006864247600953,-1.37073722660289,-3.24872514753911,-3.05335132491203,,8.476688895113403
HFL,Hamid Fabrics PLC,,,,,,,,,,
HRTEX,H.R. Textile Mills Ltd.,,,,,,,,,,
HWAWELLTEX,Hwa Well Textiles (BD)PLC,13.0682869794767,7.66983445849107,15.3342750583425,13.0920359122132,4.492010629932223,7.04706893445156,8.51955525156672,8.51955525156672,,5.398452520985683
IBNSINA,BN SINA Pharmaceutical Industry PLC,39.8841736529424,8.17219692577037,7.54334399542961,5.86483365602997,-12.756207423387544,9.19324197245653,19.5051751233153,15.3077712345933,0.018625603724670148,31.69335112344736
IBP,Indo-Bangla Pharmaceuticals Ltd.,24.8039713921738,-1.59354448853949,-1.80620623790257,-5.94394159904966,-0.25829464279942604,-0.817113386211598,-0.95291343022321,-0.95291343022321,,20.732861121121342
ICB,Investment Corporation of Bangladesh,-93.3958638383933,-225.043523012517,-224.99308241192,-249.729710068833,190.82807805249058,-7.40298501494122,-45.9624979047747,-17.1975920926035,,
ICB3RDNRB,ICB AMCL Third NRB Mutual Fund 2010 Units,,,,,,,,,,
ICBAGRANI1,ICB AMCL First Agrani Bank Mutual Fund Units,,,,,,,,,,
ICBAMCL2ND,ICB AMCL Second Mutual Fund Units,,,,,,,,,,
ICBEPMF1S1,ICB Employees Provident Mutual Fund One Scheme One Units,,,,,,,,,,
ICBIBANK,ICB Islamic Bank Limited,,235.74963124418096,-409.792480998671,236.46075442055655,-351.8251249041384,-9.14452278696401,,,,
ICBSONALI1,ICB AMCL Sonali Bank Ltd 1st Mutual Fund 2013- Units,,,,,,,,,,
ICICL,Islami Commercial Insurance PLC.,,,,,,,,,,
IDLC,IDLC Finance PLC.,47.2534950631622,30.1276777600778,21.3490112868546,12.004553503321,15.647500313229212,1.5820217035051,12.6178416788893,5.98898154329099,,
IFADAUTOS,IFAD Autos PLC,10.7596815294072,4.06695245332496,0.418956399174055,-0.818362615385985,7.492059231859516,-0.20709571694333,-0.894321775731034,-0.303248297671546,,6.692729076082246
IFIC,IFIC Bank PLC,,170.1981048128597,-102.328275219762,182.1533344693299,-91.80553828061626,-5.19733718919466,-373.236893021306,-145.543425943776,,
IFIC1STMF,IFIC Bank 1st Mutual Fund Units,,,,,,,,,,
IFILISLMF1,IFIL Islamic Mutual Fund - 1 Units,,,,,,,,,,
ILFSL,International Leasing and Financial Services Ltd.,,,,,,,,,,
INDEXAGRO,Index Agro Industries Ltd,20.0123394776029,16.3894547761632,8.03044873999371,5.92791762434031,9.751807757461671,3.37515605519774,6.01252752414502,5.65118768992693,,3.6228847014397285
INTECH,Intech Ltd.,,,,,,,,,,
INTRACO,Intraco Refueling Station PLC,17.6301477349813,6.48223989610581,0.93592368898483,-0.546771767097042,-22.9180559222973,-0.226749039042794,-0.501599528496829,-0.387091020888435,,5.545179137049709
IPDC,IPDC Finance PLC,32.4937456386875,6.84843101663903,6.68890707525276,4.44038131977026,7.640041077657468,0.513801260225979,7.22416857252194,2.0767573208649,,
ISLAMIBANK,Islami Bank Bangladesh PLC,,-37.53781201134635,-8.16868154888034,-47.348143247904,-16.88418874653079,-0.531223321978138,-19.2702095189338,-2.8725438701136,,
ISLAMICFIN,Islamic Finance & Investment PLC,,,,,,,,,,
ISLAMIINS,Islami Insurance Bangladesh Limited,,,,,,,,,,
ISNLTD,Information Services Network Ltd.,,,,,,,,,,
ITC,IT Consultants PLC,45.4101421092686,29.0557992347136,28.2427205603771,27.4337729617676,-8.52545690426899,9.01306476495905,14.0018881521513,10.0898719587592,,16.354342874554973
JAMUNABANK,Jamuna Bank PLC,,39.429383966053216,21.8392759789509,30.947710982767774,,1.43422529997846,24.0762207853461,12.029895765176,,
JAMUNAOIL,JAMUNA OIL PLC,,10.1319609623871,411.875332483984,328.444917254005,-669.5301411602668,4.90903850128096,18.1102795844976,18.1102795844976,,81.28762181691556
JANATAINS,Janata Insurance PLC,,19.9248145109296,19.9248145109296,11.3685142564324,11.927265024746108,3.62616867451832,7.44231605422314,7.44231605422314,,
JHRML,JMI Hospital Requisite Manufacturing Ltd,29.3638539707984,17.8224648383268,10.7343624190415,7.67980669014254,,2.01788181242579,2.85641207055053,2.71833611138429,,11.544744991762093
JMISMDL,JMI Syringes & Medical Devices Ltd.,11.1208886766425,1.59034949574575,-3.00982704740503,-5.53448686625237,4.548369842856835,-3.05408713433106,-3.62719592650695,-3.62692193845169,0.07812615003213119,9.45241303086464
JUTESPINN,Jute Spinners Limited,,,,,,,,,,
KARNAPHULI,Karnaphuli Insurance PLC,,28.6722368062888,28.6722368062888,21.3704716739866,24.805517355695876,5.270205302633,9.89663054019593,9.89663054019593,,
KAY&QUE,Kay and Que (Bangladesh) Ltd.,31.4369843060078,26.263082744212,25.2243598868257,24.192710150484,,10.3381686656208,15.1867566756313,15.1867566756313,,5.1739015617957875
KBPPWBIL,Khan Brothers PP Woven Bag Industries Ltd,41.778689092303,38.9627282057046,39.5600199225627,28.5481423926906,,5.31831406775889,5.68447299912091,5.66481294115588,,2.815960886598447
KDSALTD,KDS Accessories Ltd.,16.7656059854503,6.64253548527117,7.43825486547827,6.13436663856493,-6.850272263666916,3.36637365022366,7.77916585229382,7.73084969867236,,10.123070500179141
KEYACOSMET,Keya Cosmetic Ltd.,,,,,,,,,,
KOHINOOR,Kohinoor Chemical Company (Bangladesh) PLC,26.8190368380561,12.8475751352689,14.2440448833859,10.0132601718932,6.426423491666128,17.751904822501,28.8978928908451,25.4679524796033,,13.971461702787261
KPCL,Khulna Power Company Ltd.,,,,,,4.01235004039758,4.62452197527089,4.62345427679705,,
KPPL,Khulna Printing & Packaging Ltd,,,,,,,,,,
KTL,Kattali Textile Ltd.,,,,,,,,,,
LANKABAFIN,LankaBangla Finance PLC,,,,,,,,,,
LEGACYFOOT,Legacy Footwear Ltd.,23.4865993599039,7.56010345208354,12.5826977157785,10.9746016057992,-64.03458955558433,1.8552045341523,2.09436969064146,2.08900356555507,,15.926495907820337
LHB,LafargeHolcim Bangladesh PLC,28.7953879833106,20.8079548379041,22.1170721767081,16.5174126211207,-2.9984934568823878,13.2656271922954,26.2094216761381,26.1124889068758,,7.987433145406523
LIBRAINFU,Libra Infusions Ltd.,,,,,,,,,,
LINDEBD,Linde Bangladesh Limited,,,,,,6.15820884593181,10.2844566215499,10.2155382796592,,
LOVELLO,Taufika Foods and Lovello Ice-cream PLC,41.2751685334912,30.4798090786537,24.2498795432253,19.3999036472532,16.11865915988331,,,,,10.795359454837575
LRBDL,Lub-rref (Bangladesh) Ltd,-42.8650917266723,-98.0744685614155,-266.795267799199,-267.094394196538,-91.51724321984688,-10.3965635253932,-20.2962910614593,-12.9603230234899,,55.209376834743175
LRGLOBMF1,LR Global Bangladesh Mutual Fund One Units,,,,,,,,,,
MAGURAPLEX,Magura Multiplex PLC,27.1421646950503,23.101438560924,4.06212762778364,6.35927179560137,3.3515208444539346,1.25386238187111,3.24252689860837,1.5629904477199,,4.04072613412625
MAKSONSPIN,Maksons Spinning Mills PLC,,,,,,,,,,
MALEKSPIN,Malek Spinning Mills PLC,9.73382130416903,8.56604578064002,5.79941224816406,4.81175629906101,1.7323579160167868,4.09837288924281,9.2136191295435,7.03851383997996,,1.1685108120295673
MARICO,Marico Bangladesh Limited.,45.6041554997954,33.921828983922,34.8007858447432,29.8802171487404,18.040263448918584,67.5424096560059,157.468271951559,154.092658310228,,11.787227184278583
MATINSPINN,Matin Spinning PLC,15.2549619438908,11.7875711963896,7.32049148853705,4.72297596093315,1.2615803402121586,3.0880701021539,6.7936214187225,6.20910978261639,,3.4673907475011805
MBL1STMF,MBL 1st Mutual Fund 2010- Units,,,,,,,,,,
MEGCONMILK,Meghna Condensed Milk Industries Ltd.,,,,,,,,,,
MEGHNACEM,Meghna Cement Mills PLC,-85.1667035177416,-117.440487623997,-1007.80289294871,-987.604896742514,-712.9332374134711,-13.2330925595824,,-23.0784464027072,,32.273784106255725
MEGHNAINS,Meghna Insurance PLC,,,,,,,,,,
MEGHNALIFE,Meghna Life Insurance PLC,,18.5074459133582,16.7128969595936,11.0235471939935,,,,,,
MEGHNAPET,Meghna Pet Industries Ltd.,,,,,,,,,,
MERCANBANK,Mercantile Bank PLC,,-1.085059333316291,-0.33355414462224,-4.799805216019779,-45.58869955046772,-0.114107655329623,-1.99675388872517,-1.74488071961806,,
MERCINS,Mercantile Islami Insurance PLC,,20.3925272524059,20.3925272524059,19.4950944217845,,2.74819384980186,7.45751426417168,7.39333292105114,,
METROSPIN,Metro Spinning Ltd.,,,,,,,,,,
MHSML,Mozaffar Hossain Spinning Mills Ltd.,27.3657823555009,19.9859792517726,4.36718104371791,2.90722526467717,-5.988486351080972,1.24686198815228,4.17333166900074,1.94637042760139,,2.323822035988353
MIDASFIN,MIDAS Financing PLC,,,,,,,,,,
MIDLANDBNK,Midland Bank PLC,,24.318046569777724,9.0358994436424,18.49019118263188,98.99416470202081,0.713733975571398,8.22635030268044,3.65394752448281,,
MIRACLEIND,Miracle Industries Limited,-3.25674415966077,-7.79342167862817,-20.0896335216465,-22.0619796496315,-16.078822079297712,-7.2667068222011,-22.5121855318602,-8.55943735509859,,4.536677518967396
MIRAKHTER,Mir Akhter Hossain Ltd,35.3131889586637,19.9882348819443,9.4628842015477,18.2384879528704,-11.4183816101888,0.602199581176418,2.66251568942713,0.721752557792888,,15.32495407671948
MITHUNKNIT,Mithun Knitting & Dyeing (CEPZ) Ltd.,,,,,,,,,,
MJLBD,MJL Bangladesh PLC,18.1850844424034,11.3866934843589,10.6490436718057,7.39375739566498,-18.91785941668429,5.27948488008938,17.3833162654822,13.3205260101984,,3.1447702758134235
MLDYEING,M.L. Dyeing & Textile Ind. PLC,-24.6008784276439,-27.5714980597876,-33.8923656483768,-34.7512562849463,7.603396983909229,-7.22799020496658,-8.64189268625073,-8.64189268625073,,2.661276664673994
MONNOAGML,Monno Agro & General Machinery Ltd.,16.5957406468565,0.152302705433289,-4.60360570828401,-2.60981500382675,-20.10300402626833,-0.444500584972968,-0.522925297075031,-0.487179479828619,,16.44343794142319
MONNOCERA,Monno Ceramic Industries Limited.,29.4953854043151,22.2090036815719,-7.27286841497005,-8.04703233925094,-134.7419775659144,-0.588260588634056,-0.959782381957412,-0.748012642307393,,7.286381722743193
MONNOFABR,Monno Fabrics Ltd.,24.6490685393757,22.1866058517307,0.496557150409971,-0.195111981442253,9.43372847591138,-0.040403418133043,-0.116419015750078,-0.0497382827992535,,2.4624626876450146
MONOSPOOL,Monospool Bangladesh PLC,27.2958264891385,24.8784331290617,8.68131210966946,7.02374566955226,-4.297081871527216,1.90467536746628,8.31683955556064,3.1350777709336,,2.417393360076779
MPETROLEUM,Meghna Petroleum PLC,0.929013039556937,0.527054093740258,3.15279032060564,2.56275440560804,4.662811661834286,6.14286224393281,23.3585905609845,23.2825704052618,,0.4019589458166817
MTB,Mutual Trust Bank PLC,,12.150393436199007,4.98593002451666,15.21985837026025,4.74766533045535,0.61746460246418,11.5274882428671,3.16488848009016,,
NAHEEACP,Nahee Aluminum Composite Panel PLC,15.7563907515964,-152.728079403459,-157.814711982933,-156.579464583593,-30.219160769115184,-36.8288577897451,-47.1095861026255,-44.3707337801734,,6.406691330609118
NATLIFEINS,National Life Insurance PLC,,31.7217229222751,32.4437442869431,30.4272419206226,30.864209566857408,12.7115340417963,2318.98499115105,2318.98499115105,,
NAVANACNG,Navana CNG Limited,18.4318188957877,13.6559175164432,0.415315590536513,0.0234037397728058,-2.5609184662396913,0.00634738671070597,0.0483188100543587,0.00827896258328001,,4.775901379344512
NAVANAPHAR,Navana Pharmaceuticals PLC,42.3466675422523,14.1235294754307,7.67088757319947,5.73633610665452,11.306367245293748,5.3067405302881,11.9563045668858,11.4610777005159,,28.223138066821612
NBL,National Bank PLC,,132.8746727371102,-213.51346511961,134.37534811692103,,-7.26123561409524,,-51.3958462852936,,
NCCBANK,National Credit and Commerce Bank PLC,,29.754315336441888,14.9835837118326,29.759057989374448,8.766659257680512,1.49964461429456,21.3219584044912,15.2581929425148,,
NCCBLMF1,NCCBL Mutual Fund-1 2012- Dividend Units,,,,,,,,,,
NEWLINE,New Line Clothings Ltd.,,,,,,,,,,
NFML,National Feed Mill Ltd,23.0248397640569,16.3687961482904,0.55277582739167,1.32163770914578,-9.691495323843348,0.0883191532118378,0.151755097432893,0.112122689419172,,6.656043615766535
NHFIL,National Housing Finance PLC,28.6305693971997,13.194305018693,7.56622601010411,5.05061144696738,13.319458950341339,0.53843628257858,4.44599207183871,2.25138551816396,,
NITOLINS,Nitol Insurance PLC,,29.1802811146941,29.1802811146941,19.8850706221723,68.30152502183444,4.20138808590996,6.53927133717131,6.53927133717131,,
NORTHERN,Northern Jute Manufacturing Co. Ltd.,,,,,,,,,,
NORTHRNINS,Northern Islami Insurance PLC,,20.5429062015469,28.7593198121482,20.6640410032294,-28.32980808254291,2.50330422790269,6.11062782559061,6.11062782559061,,
NPOLYMER,National Polymer Industries PLC,,,,,,,,,,
NRBBANK,NRB Bank PLC,,,,,,,,,,
NRBCBANK,NRBC Bank PLC,,16.392438943700164,8.1109483385733,1.727413495524283,26.987151038262848,0.0716131372898128,1.24705557939823,0.660326506060925,,
NTC,National Tea Company Limited,,,,,,,,,,
NTLTUBES,National Tubes Limited,,,,,,,,,,
NURANI,Nurani Dyeing & Sweater Ltd.,,,,,,,,,,
OAL,Olympic Accessories Ltd,,,,,,,,,,
OIMEX,Oimex Electrode Ltd.,20.0023911781649,17.6244476645293,-0.540147177987269,-1.36289956170893,-20.275744662012094,-0.624856759517934,-13.2102875765384,-13.2102875765384,,2.377943513635584
OLYMPIC,Olympic Industries PLC.,22.7366030915458,7.34047230476939,9.40178253913318,6.58192670722886,1.4123164854937111,11.0160519285115,14.9572318622112,14.6858659255334,,15.39613078677648
ONEBANKPLC,One Bank PLC,,-16.85969291811917,-6.03276442876915,2.044472827068315,4.991418208461067,0.0616462164794668,0.917099221771385,0.457350563649419,,
ORIONINFU,Orion Infusion Ltd.,40.7209224844915,11.4118120477705,6.87743068845396,5.48407455271345,10.188936171532301,4.21400345438165,10.9269055931978,10.6046865944568,,29.296721323366338
ORIONPHARM,Orion Pharma Ltd.,38.1196718044604,-3.54503355859035,-18.4576207156645,-19.335444987917,7.046867971193375,-1.30035105686637,-3.55734115364221,-1.60367320777889,,41.66470536305075
PADMALIFE,Padma Islami Life Insurance Ltd.,,-100.330980021602,-100.330980021602,-100.330980021602,-14.562712636983354,-9.63502509018566,,,,
PADMAOIL,Padma Oil PLC,77.7694111845692,21.1841107553846,228.597580013678,183.261895499014,-65.42670038358987,4.56967661732178,21.4867008862347,21.3444883089934,,56.58530042918455
PARAMOUNT,Paramount Insurance PLC.,,35.6937407585569,36.0738255520982,24.8853213070686,35.46344250657428,6.00874039740706,9.76356707660856,9.74400685506646,,
PDL,Pacific Denims Ltd.,,,,,,,,,,
PENINSULA,The Peninsula Chittagong PLC,34.3136615869683,14.085517365216,15.3008373543084,12.024765284144,-80.83044453565115,0.592901553116732,1.33712312258782,0.826946702382288,,12.013441240091986
PEOPLESINS,Peoples Insurance PLC,,53.8607305690936,53.8607305690936,33.271050185574,27.443565493906114,8.19209051907379,14.6033967447193,14.6033967447193,,
PF1STMF,Phoenix Finance 1st Mutual Fund Units,,,,,,,,,,
PHARMAID,Pharma Aids Limited.,30.4164285730064,20.9796164121881,20.5299764906981,15.6638932493653,2.2924249868420796,12.6210008202212,17.3038008677606,17.3038008677606,,9.436812160818347
PHENIXINS,Phoenix Insurance PLC,,21.5792263663954,21.5792265593366,17.8312334728423,7.000084209163135,4.11929984992644,6.70373205698708,6.70373205698708,,
PHOENIXFIN,Phoenix Finance and Investments Ltd.,,,,,,,,,,
PHPMF1,PHP First Mutual Fund Units 2010-,,,,,,,,,,
PIONEERINS,Pioneer Insurance PLC,,32.0191499648039,32.0191499648039,23.6707041200037,18.898110082466648,8.27517770831236,11.7908276884933,11.7908276884933,,
PLFSL,Peoples Leasing and Financial Services Ltd.,,,,,,,,,,
POPULAR1MF,Popular Life First Mutual Fund Units 2010-,,,,,,,,,,
POPULARLIF,Popular Life Insurance Co. Ltd.,,,,,,,,,,
POWERGRID,Power Grid Co. of Bangladesh Ltd.,34.316077609253,31.350928969441,19.1114219756537,11.969123365429,-257.6747860412139,0.485913474766692,3.78543955842531,0.61845973819842,0.010289563744029335,2.954859076067956
PRAGATIINS,Pragati Insurance PLC,,39.859872477092,39.859872477092,29.0491573719762,20.166253260008624,7.74623929115339,10.976899856462,10.976899856462,,
PRAGATILIF,Pragati Life Insurance PLC,,24.9099663127768,24.7218040165807,22.0721998213894,15.31781402598934,19.287410855418,406.373948316906,406.373948316906,,
PREMIERBAN,The Premier Bank PLC,,726.4611238726079,-40.8296102506305,775.1198183243754,-11.50381583998078,-2.73059761141881,-65.1585868866589,-18.2794899526946,,
PREMIERCEM,Premier Cement Mills PLC,18.6208994026689,13.788846404786,2.45981674393658,1.22195295152057,-3.9648716487209397,0.739433198515897,4.02922183186617,2.00518582668541,,4.832052997882845
PREMIERLEA,Premier Leasing & Finance Limited,,,,,,,,,,
PRIME1ICBA,Prime Bank 1st ICB AMCL Mutual Fund Units,,,,,,,,,,
PRIMEBANK,Prime Bank PLC,,51.62970276899122,23.5962744394689,33.52846248078433,26.176565277479224,1.4887298511909,21.0889590016839,6.57127180681212,,
PRIMEFIN,Prime Finance and Investment Ltd.,,,,,,,,,,
PRIMEINSUR,Prime Islami Insurance PLC,,21.7514608794615,21.7514610475097,15.1846964352163,-10.877356221472231,4.40151345676633,10.0281127285096,10.0281127285096,,
PRIMELIFE,Prime Life Insurance Company Limited,,10.9308533176822,10.9308533176822,10.4069306362883,-3.119105281418576,5.07635922764011,330.565622675419,330.565622675419,,
PRIMETEX,Prime Textile Spining Mills Ltd.,,,,,,,,,,
PROGRESLIF,Progressive Life Insurance Co. Ltd.,,,,,,,,,,
PROVATIINS,Provati Insurance PLC,,12.3831135215246,12.3831134083884,9.45041126823583,6.066568811322924,4.55022011531173,8.99837661559107,8.99837661559107,,
PTL,Paramount Textile PLC,21.5928871974291,18.6821871059788,8.46962119043898,12.0379408845761,-16.335123403796416,3.77351346044508,16.4694155728115,5.12021386638626,,2.9107000914502628
PUBALIBANK,Pubali Bank PLC,,39.1729120328382,19.1843853364427,21.18780456393573,13.008271838858487,1.01348224715565,17.886503279101,7.90306920027994,,
PURABIGEN,Purabi General Insurance Co. Ltd.,,44.9047252019552,44.9047252019552,29.4510358476591,37.935210798290264,4.17966492210252,8.36014629559833,8.30428777189764,,
QUASEMIND,Quasem Industries Limited.,23.9056968796948,10.5467898145971,8.61308899968953,6.9536637364289,5.028031352955168,2.46143343799069,4.59495356764317,4.05745100606408,,13.35890706509768
QUEENSOUTH,Queen South Textile Mills Ltd.,10.7549609197073,6.86828549476915,1.43735416228162,0.2760450143432,11.299969679912065,0.168899461935136,0.447272069018817,0.367601186540876,,3.886675424938129
RAHIMAFOOD,Rahima Food Corporation Ltd.,20.7584091146621,4.31390510970656,8.48527163266138,4.7663612295044,55.114320250290675,0.802908081110164,1.30089673929834,1.30089673929834,,16.444504004955512
RAHIMTEXT,Rahim Textile Mills Ltd.,19.110209447178,15.3986377803771,1.78037312003565,2.61595823639315,24.883441131639266,1.45749202440091,9.67894999407591,4.20525648808052,,3.7115716668008845
RAKCERAMIC,RAK Ceramics (Baneladesh) Limited,18.1171811575574,2.02060641855378,-1.24363590618631,-2.03071566132601,-2.102769313173576,-1.39022146208204,-2.46855223774201,-2.308398162104,,12.769587394776414
RANFOUNDRY,Rangpur Foundry Limited,20.2746910401514,6.16679526109439,3.60103225540066,2.48790929400086,2.6959147795964884,7.5030990420037,10.8715579063781,10.8715579063781,,14.107895779056978
RDFOOD,Rangpur Dairy and Food Products Limited,16.5017434641126,8.39058320089985,1.35060465570048,-0.0240381786282738,-6.073622807382097,-0.0150043313417047,-0.0226977501561477,-0.0201573652227316,,8.111160263212728
RECKITTBEN,Reckitt Benckiser (Bangladesh) PLC,47.3221781359304,18.7495557412038,18.8063300031779,14.0230477117366,12.727118932365023,21.2843481510796,55.1356581813491,50.925253496656,,28.572622394726533
REGENTTEX,Regent Textile Mills Ltd.,,,,,,,,,,
RELIANCE1,Reliance Insurance Mutual Fund Reliance One Units,,,,,,,,,,
RELIANCINS,Reliance Insurance PLC,,59.8110343469093,59.8110343469093,39.7070059564756,17.458656085567792,6.27822456870283,12.2676899327762,12.2676899327762,,
RENATA,Renata PLC,42.4276636721826,10.3926731308378,7.07042288686934,6.07636828293586,2.402929287093042,4.49808421243249,7.3149957678875,5.89098351560234,,32.03499054134482
RENWICKJA,Renwick Janeswar and Co. (BD) Limited,,,,,,,,,,
REPUBLIC,Republic Insurance PLC,,,,,,,,,,
RINGSHINE,Ring Shine Textiles Ltd.,,,,,,,,,,
ROBI,Robi Axiata PLc,37.4471611933572,19.5494384076742,12.0931159811691,10.1502602211333,12.494895232909935,5.20042632880838,16.1305883295519,9.91237735117061,,17.89772278568302
RSRMSTEEL,Ratanpur Steel Re-Rolling Mills Ltd,,,,,,,,,,
RUNNERAUTO,Runner Automobiles PLC,30.4407896217124,18.4436115520583,4.86906754621304,1.28557167948555,3.6918655061320234,0.632751313552133,2.02368401207949,1.10752263608702,,11.997178069654046
RUPALIBANK,Rupali Bank PLC,,-137.1641134704011,-10.7606226924448,-156.93091646804655,-6.7067493719088835,-0.738533905199285,-45.7904724167115,-24.3421169330459,,
RUPALIINS,Rupali Insurance Company Ltd.,,21.9999033133169,21.9999034967831,14.4290496332006,9.543439794789395,2.93464174222867,4.22435078350733,4.22435078350733,,
RUPALILIFE,Rupali Life Insurance Co. Ltd.,,3.50603366700452,3.50603366700452,3.50603366700452,6.46826011126449,1.28938763534455,9.11763511927938,9.09036741047039,,
SAFKOSPINN,Safko Spinning Mills Limited,,,,,,,,,,
SAIFPOWER,SAIF Powertec Ltd.,,,,,,,,,,
SAIHAMCOT,Saiham Cotton Mills Ltd.,10.4276140543064,7.88287096049815,3.37264260825676,2.43996877222769,9.451408715185563,1.27523651358412,2.36492568173247,2.34371719365543,,2.5436956985582455
SAIHAMTEX,Saiham Textile Mills Ltd.,10.5196299772291,7.37226255099856,2.42402352194374,1.68773669293661,-17.527396757295232,0.890051083401534,1.42624384717732,1.42624384717732,,3.1473674262304923
SALAMCRST,S. Alam Cold Rolled Steels Limited,,,,,,,,,,
SALVO,Salvo Organic Industries PLC,10.8353524489597,7.35013494493868,2.77040215732121,1.34878814876091,4.646175543937069,1.36387770151627,3.72788786132222,2.76584559960266,,3.4852175040210556
SAMATALETH,Samata Leather Complex (Pvt.) Ltd.,,,,,,,,,,
SAMORITA,Samorita Hospital Ltd.,52.3182608286774,3.88497854834255,4.92705675053947,2.51473066338527,5.0752332769626385,0.888110117673941,1.01102080573632,1.00925442180327,,48.43328228033487
SANDHANINS,Shandhani Life Insurance Co.Ltd,,,,,,,,,,
SAPORTL,Summit Alliance Port Limited,24.5618394631904,19.7258774175582,13.4633091088821,8.18043192784661,2.201893044722462,3.63161396075977,6.13010557014909,5.2846061814294,,5.42582764191528
SBACBANK,SBAC Bank PLC.,,4.6638633863744765,1.02458680460976,0.2560601950797176,,0.00760371251925944,0.0871289319073368,0.0781490665365203,,
SEAPEARL,Sea Pearl Beach Resort & Spa Ltd.,47.5456020822841,27.9971901655377,-47.2627998404329,-33.8072440780292,26.822979206544346,-3.10832237285789,-14.7382420298526,-4.04921809060542,,19.54841191674638
SEMLFBSLGF,SEML FBLSL Growth Fund Units,,,,,,,,,,
SEMLIBBLSF,SEML IBBL Shariah Fund Units,,,,,,,,,,
SHAHJABANK,Shahjalal Islami Bank PLC,,39.39259195329277,24.1992014739783,16.5699456210835,-6.012676628931071,0.922067331479214,15.44957331911,5.52385324540453,,
SHARPIND,Sharp Industries PLC,-5.28344159895118,-12.0428888655577,-20.881727504374,-22.046269940241,4.038753689214298,-11.9689152987922,-27.5854243137436,-23.988234893546,,1.7066473132085525
SHASHADNIM,Shasha Denims PLC,9.36499012836315,6.9668632244458,0.998499689851552,0.869796643874144,6.996007245469264,0.643162351905218,1.59795353265734,1.38770285545959,,2.3981269039173423
SHEPHERD,Shepherd Industries PLC,2.74412977593251,-3.30511941299,-21.8978879723509,-23.3979011810678,23.717960496512678,-5.70954662483138,-12.5959350812544,-10.0935102886014,,6.050065825706703
SHURWID,Shurwid Industries Ltd,,,,,,,,,,
SHYAMPSUG,Shyampur Sugar Mills Ltd.,,,,,,,,,,
SICL,"Sikder Insurance Co., Ltd.",,,,,,,,,,
SILCOPHL,Silco Pharmaceuticals Ltd.,33.3803156689949,16.3940967952725,16.4336785866932,8.37581715983989,4.211750605040429,1.21029094603154,1.42520090519638,1.42361372134967,,16.986218873722457
SILVAPHL,Silva Pharmaceuticals Ltd.,24.8951675497013,-42.8189272122585,-43.0071901200386,-46.7759133674149,-4.226368372159133,-6.91804413618759,-7.3674362436359,-7.36034282544451,,67.71409476195983
SIMTEX,Simtex Industries PLC,15.5044058112091,6.81980252297066,4.78368541822671,4.05279704019034,9.538150953818638,3.42427536736878,5.02137248175934,4.88055281055746,0.051299816982990736,8.633303471255475
SINGERBD,Singer Bangladesh Limited,21.5699906511578,2.517202988323,-9.2861487514316,-9.23510021943914,-11.71957305451099,-5.29193895830099,-257.899221506539,-28.3831329506342,,17.167791300631727
SINOBANGLA,Sinobangla Industries Ltd.,10.9458262747908,6.09262825757344,2.69168414746779,1.54024701825897,-0.9503793867427892,1.50369031424314,5.4880569276821,5.38181490315348,,4.853198017217393
SIPLC,Sena Insurance PLC,,,,,,,,,,
SKTRIMS,SK Trims & Industries Ltd.,,,,,,,,,,
SONALIANSH,Sonali Aansh Industries Limited.,,,,,,,,,,
SONALILIFE,Sonali Life Insurance PLC,,,,,,,,,,
SONALIPAPR,Sonali Paper & Board Mills Ltd.,14.6042457570494,11.6009342045026,10.3704817472017,8.62421163083736,5.056369627512234,3.20448590005087,4.49668332357877,4.33777846150715,,3.0052527363609363
SONARBAINS,Sonar Bangla Insurance Ltd.,,,,,,,,,,
SONARGAON,Sonargaon Textiles Limited.,,,,,,,,,,
SOUTHEASTB,Southeast Bank PLC,,30.186891059532968,12.0996342443143,20.71045697992491,41.79488411883897,0.709151923484699,12.2112984377316,8.13864459508569,,
SPCERAMICS,Shinepukur Ceramics PLC,,,,,,,,,,
SPCL,Shahjibazar Power Co Ltd,10.3574212991214,9.33502737360469,6.20982748231698,6.91390564840556,10.675113245130127,6.29010052865334,12.636127047514,12.5835449905795,,1.0223939255167427
SQUARETEXT,Square Textiles PLC,10.5976594221671,9.13886070950093,3.11982596047558,3.06728784812144,6.975665619232196,2.71366739519417,6.8201653332896,5.19521789852048,,1.4587987126661912
SQURPHARMA,Square Pharmaceuticals PLC,46.8368066853837,25.9436396225348,34.507966617264,30.9633230750111,24.13655858824422,17.2674546713094,18.5125083241117,18.4889802266899,0.20010251498111045,20.710064166916613
SSSTEEL,S.S. Steel Ltd,,,,,,,,,,
STANCERAM,Standard Ceramic Industries Ltd.,,,,,,,,,,
STANDARINS,Standard Insurance PLC,,,,,,,,,,
STANDBANKL,Standard Islami Bank PLC,,15.145889523623293,3.34926004744444,9.299518701380952,-23.601117512770582,0.157838988741947,2.4031313436189,0.857577784058323,,
STYLECRAFT,Stylecraft Limited,20.3696991893986,12.5460556751458,-8.56247756124377,-12.1131654458449,-11.034296771250983,-1.03921538974886,-23.8536515989234,-2.06647989780489,,7.823643514252894
SUMITPOWER,Summit Power Ltd.,20.649234255462,17.1851891474939,9.14012320220616,1.26227035706659,16.129170349690387,0.406488923610772,0.948176370002594,0.742423538846417,,1.8044237138662558
SUNLIFEINS,Sunlife Insurance Co. Ltd.,,9.23393534482855,5.35231713738393,-3.314953769037,-12.55717675830628,-0.36795056468186,-1.25032735300852,-1.2120757526366,,
TAKAFULINS,Takaful Islami Insurance PLC,,,,,,3.85102967279392,6.48853547650949,5.6598742339909,,
TALLUSPIN,Tallu Spinning Mills Limited,,,,,,,,,,
TAMIJTEX,Tamijuddin Textile Mills PLC,22.0876605599268,20.8063555045587,6.51506957491874,5.47589029915184,-58.39469598251317,1.88315322768465,6.43416615042483,3.3276140394301,,1.281305055368087
TECHNODRUG,Techno Drugs Ltd.,43.6652199305874,22.2700899861296,8.54719562173818,6.52560114039019,-23.993789391225683,2.70614249528627,4.97702279227754,3.33142726154752,,21.395129944457857
TILIL,Trust Islami Life Insurance Ltd.,,,,,,,,,,
TITASGAS,Titas Gas Transmission and Distribution PLC,0.302782812869034,-1.78217161575922,0.0131551866768545,-1.19811203436053,-1.9824542756529493,-1.13957916971778,-5.16354577121655,-4.89564515729999,,1.5468264304772463
TOSRIFA,Tosrifa Industries PLC,11.2377466409036,5.06972593437338,1.7451441957487,0.856099621447752,1.0689567230173205,0.692951427545887,1.71293374335313,1.45285347259138,,6.168020706530198
TRUSTB1MF,Trust Bank 1st Mutual Fund Units,,,,,,,,,,
TRUSTBANK,Trust Bank PLC,,18.8161766208974,5.94446488880278,14.974699843126317,8.996359304913597,0.508586004061341,11.2872112153653,4.79001726691403,,
TUNGHAI,Tung Hai Knitting & Dyeing Ltd,,,,,,,,,,
UCB,United Commercial Bank PLC,,9.437549356639154,3.98088960855212,1.2593356385768866,-49.92011315892633,0.0453305410772329,1.02627720842978,0.366621867450516,,
UNILEVERCL,Unilever Consumer Care Limited,31.9381152762567,14.6916592938007,22.6454398276225,17.8925207134421,24.09043386356588,17.4513341392462,35.4408086702793,33.9724230245436,,17.24645598245594
UNIONCAP,Union Capital Limited,-176.32843779858,-127.172230755386,-243.381554938351,-243.948189845965,,-3.78259582182747,,,,
UNIONINS,Union Insurance PLC,,,,,,,,,,
UNIQUEHRL,Unique Hotel & Resorts PLC,,,,,,,,,,
UNITEDFIN,United Finance PLC,50.9852511241797,22.7718791092686,11.9775357868519,7.09870164031142,5.835442746942345,0.769031059537312,6.7542890739297,2.47818547393561,,
UNITEDINS,United Insurance Company Limited,,36.5182147524541,43.230861491546,28.6085934005261,40.81524776442381,7.21122242765251,11.8983557271005,11.8983557271005,,
UPGDCL,United Power Generation & Distribution Co. Ltd.,34.9475545940533,34.8599464486131,29.8680438825576,28.5750078014829,20.02723754783327,12.4737919334774,20.2749996691994,20.0714453408601,,0.08448317916201696
USMANIAGL,Usmania Glass Sheet Factory Limited,,,,,,,,,,
UTTARABANK,Uttara Bank PLC,,51.93559961297558,30.0277468663405,32.88299703891294,31.07482378747696,2.01095729490189,22.6216818619072,20.4466310129315,,
UTTARAFIN,Uttara Finance and Investments Limited,,,,,,,,,,
VAMLRBBF,Vanguard AML Rupali Bank Balanced Fund Units,,,,,,,,,,
VFSTDL,VFS Thread Dyeing Ltd.,,,,,,,,,,
WALTONHIL,Walton Hi-Tech Industries PLC,32.7193668598627,17.3096851144707,14.0216176181118,13.9786125199816,26.7069995280469,6.11630354656898,8.30138479932425,7.96166526589125,,15.409681745392042
WATACHEM,Wata Chemicals Ltd.,24.7794282749515,20.8053631518639,2.12643676061421,1.43470407921006,32.7714634305147,0.531036231193161,1.53841085160903,1.05923200748909,,3.974065123087642
WMSHIPYARD,Western Marine Shipyard Limited,,,,,,,,,,
YPL,Yeakin Polymer Ltd.,,,,,,,,,,
ZAHEENSPIN,Zaheen Spinning PLC,-4685.49954241043,-22612.3591949845,22533.0884302539,24453.8989197465,-8549.88581643388,9.63609573960257,18.9724262423739,17.587338402486,,17926.85965257405
ZAHINTEX,Zahintex Industries Ltd.,,,,,,,,,,
ZEALBANGLA,Zeal Bangla Sugar Milla Limited,,,,,,,,,,
