Symbol,Name,Revenue per share TTM,EPS basic TTM,EPS dil TTM,Operating cash flow per share TTM,FCF per share TTM,EBIT per share TTM,EBITDA per share TTM,Book per share FQ,Total debt per share FQ,Cash per share FQ
GP,GRAMEENPHONE LTD,115.726781051626,21.8075,21.8075,44.7823165332067,32.9612169701942,41.09567510619503,67.51911687371654,42.15367,48.92956004113877,6.815264644941257
SQURPHARMA,SQUARE PHARMACEUTICALS PLC,85.5773656707774,26.5139,26.5139,21.5685417776218,15.330107131357435,20.631846975954147,23.136359233207934,149.57477,1.103044081364406,56.99240196251793
BATBC,BRITISH AMERICAN TOBACCO BANGLADESH CO LTD,181.751144444444,30.6576,30.6576,24.9321444444444,17.04445,61.920942592592596,68.71624444444444,97.77217,45.67781296296296,25.667494444444444
ROBI,ROBI AXIATA PLC,18.568363131029,1.6639,1.6639,8.85643707164639,4.841897175851619,4.173747163241684,9.605827145937146,12.30971,9.814081814334012,0.7467963030454952
BRACBANK,BRAC BANK LTD,63.3666924218993,7.1125,7.1125,14.3348185498031,,,,42.60362,63.54278039131322,
WALTONHIL,WALTON HI-TECH INDUSTRIES PLC ,258.279931580596,42.6052,42.6052,16.9883180017791,3.7108202570550297,58.458486688957265,67.98476945268507,378.40833,128.54865703442638,9.075281937431239
BEXIMCO,BEXIMCO LTD,18.7913609223991,-4.1965,-4.1965,-1.62511761743615,-1.8739672573989967,1.5910609221870242,,82.57381,92.69715002396008,2.1886155744691678
MARICO,MARICO BANGLADESH LTD,517.75748815873,187.4946,187.4946,146.231768698413,140.8815838095238,212.09236984126983,221.5215149206349,239.13163,5.549889015873016,98.16581523809523
UPGDCL,UNITED POWER GENERATION AND DISTRIBUTION COMPANY LTD ,67.6066982450969,20.1113,20.1113,6.63925797428018,5.538834843347954,21.50294001881368,28.685339885557458,72.5528,11.442232495704165,2.378841926724708
BERGERPBL,BERGER PAINTS BANGLADESH LTD,585.280383886413,72.3289,72.3289,44.1021011129546,17.443091140660314,89.99602796988586,107.57715990706272,306.52156,22.769885379298806,132.0566973493872
ISLAMIBANK,ISLAMI BANK BANGLADESH PLC,,,,,,,,,,
LHB,LAFARGEHOLCIM BANGLADESH PLC ,24.1998925410763,3.2262,3.2262,6.23741361525228,4.895423868624577,4.610805821380537,,16.32516,0.09866761267257576,7.231332886735883
RENATA,RENATA PLC,360.909548266722,24.533,24.533,41.23190283009,-8.618157389970008,39.99516007532957,54.86466555067308,302.49399,165.6787682220827,8.959248796819418
BXPHARMA,BEXIMCO PHARMACEUTICALS LTD ,103.878451330199,14.242,14.242,14.867715635924,9.181369460714166,19.749305246915196,24.267443579633635,111.35407,13.882831585852854,5.327690189538889
UNILEVERCL,UNILEVER CONSUMER CARE LTD,,,,,,,,,,
ICB,INVESTMENT CORPORATION OF BANGLADESH I.C.B.,13.6205671572185,0.2419,0.2419,29.4092720593982,,0.7850649351779947,0.9821710911096599,47.14251,57.47679158428436,14.487674646235222
DUTCHBANGL,DUTCH-BANGLA BANK PLC,71.7782297771763,3.8814,3.8814,23.2769974609495,,,,53.44699,42.11865175220405,
EBL,EASTERN BANK PLC,40.2359498904016,4.3198,4.3198,8.90357027071138,,,,27.71125,66.69060784881697,
PUBALIBANK,PUBALI BANK PLC,75.7456752858833,7.1181,7.1181,18.5743890707142,,,,44.17246,56.29407679025388,
CITYBANK,CITY BANK PLC,64.2300141703793,7.198,7.198,10.4739984016905,,,,35.60449,46.156299446945766,
OLYMPIC,OLYMPIC INDUSTRIES PLC.,139.767005118754,9.2606,9.2606,21.276741348854,16.132728277779844,9.250579699638818,11.778229923717792,60.26179,2.1537836916826674,29.65609027650579
PRIMEBANK,PRIME BANK PLC,44.9227957068957,7.1607,7.1607,13.7546762492502,,,,35.29357,93.51606190425314,
MJLBD,MJL BANGLADESH PLC,131.046116377339,10.2468,10.2468,7.79789072352172,-6.711766993680517,19.527692809365984,23.672418487790768,50.84865,66.87196494562606,7.306862651900252
POWERGRID,POWER GRID COMPANY OF BANGLADESH LTD,33.2970755451356,-7.6473,-7.6473,20.1991634259668,-76.76704899492283,13.759809898412126,25.722186021227323,1.92726,530.3813614082976,21.432351812681635
BSCPLC,BANGLADESH SUBMARINE CABLES PLC,17.2922323266842,8.742,7.8746,11.397695696876,,8.094608750395656,10.66723491458905,81.72131,20.718778944530367,26.951081737395313
BEACONPHAR,BEACON PHARMACEUTICALS PLC,,,,,,,,,,
BSRMLTD,BANGLADESH STEEL RE-ROLLING MILLS LTD,300.540317906388,17.6188,17.6188,27.3983957533031,22.922744254086275,26.23473229328291,,160.46945,97.4254625018771,2.884559029506094
BSRMSTEEL,BSRM STEELS LTD,247.69737502477,11.7914,11.7914,25.7161202811525,-33.96197716466841,18.620163531297173,22.782941940803696,85.77272,118.58117721786662,11.187839450462493
BANKASIA,BANK ASIA PLC,44.1606438878909,2.2571,2.2571,9.67389282786199,,,,26.39485,24.82144102675733,
MPETROLEUM,MEGHNA PETROLEUM LTD,1336.34407999593,60.9502,57.5041,106.907222120759,101.18316129055388,13.925861480806535,,255.17792,1.6496094832758168,558.5437282220499
TITASGAS,TITAS GAS TRANSMISSION AND DISTRIBUTION PLC,360.605440029962,-15.43,-15.43,16.3312427796592,15.309995377568654,-7.159574645497285,-6.430134273896752,88.06961,4.852856535876431,36.44852235676145
JAMUNAOIL,JAMUNA OIL COMPANY LTD,15.0176146710063,50.0511,50.0511,159.450091483238,152.80948040563425,1.3129320821628514,2.599469502266705,255.69357,0.0,655.6554740610336
SHAHJABANK,SHAHJALAL ISLAMI BANK PLC,29.3025176481411,1.4013,1.4013,26.725422477894,,,,22.33207,41.36288772959007,
UTTARABANK,UTTARA BANK PLC,29.6122626605298,4.7537,4.7537,12.5494812143164,,,,27.91638,2.4677427011180053,
ALARABANK,AL-ARAFAH ISLAMI BANK PLC,44.1756937804761,0.502,0.502,24.0889819548437,,,,21.45002,71.59432534876632,
PADMAOIL,PADMA OIL PLC,880.900880816225,55.8222,55.8222,89.1422463485956,80.9495102193515,11.051395792136532,13.170862059750949,257.75315,1.8676357935617196,548.8317083661
KOHINOOR,KOHINOOR CHEMICALS COMPANY (BANGLADESH) LTD.,159.859160678757,16.6219,15.9681,30.8421503958424,29.890807085639235,22.112993100879475,,60.56503,8.975597324385559,41.75671239680426
JAMUNABANK,JAMUNA BANK PLC,37.5650613762806,3.0113,3.0113,-47.3143395245435,,,,24.57963,27.562265076083456,
BSC,BANGLADESH SHIPPING CO LTD BSC,37.4478321243434,19.7143,19.7143,27.0707066586143,,18.227170229214217,21.17847584397657,98.48676,98.28394663285236,112.7238510377681
TRUSTBANK,TRUST BANK PLC,57.9916403015339,3.7675,3.7675,13.3159984140152,,,,29.0701,34.612390944076246,
ACMELAB,THE ACME LABORATORIES LTD,164.206410307668,11.3574,11.3574,11.2621792972363,-6.640545420948886,29.46819028391549,,122.33498,118.80176419187559,7.390836949797663
ACI,ADVANCED CHEMICAL INDUSTRIES PLC,1517.00701363517,-17.827,-17.827,-19.8976005053437,-54.651917688166535,95.66394475364496,116.51131662512377,67.10111,882.3008046801198,99.86488885853791
IDLC,IDLC FINANCE PLC,44.4382906498973,5.3564,5.3564,5.27822107437765,,14.57323192323216,15.171678930870886,47.02405,60.53599634528148,30.004197149220854
SUMITPOWER,SUMMIT POWER LTD,44.3502443458297,2.191,,3.96736000101225,2.759974566702044,6.5314366251793485,,42.55229,25.01917508516164,4.972927166209598
BESTHLDNG,BEST HOLDINGS PLC,2.21444960182185,0.5919,0.5182,1.19975941908565,-0.7115685391430714,0.7354313347759281,1.1926458731792235,53.50837,15.809538337270306,0.7732399197283851
RECKITTBEN,RECKITT BENCKISER (BANGLADESH) PLC,1186.41418095238,159.522,159.522,,,223.60545608465608,,383.0946,32.164021164021165,525.65417989418
UCB,UNITED COMMERCIAL BANK LTD,50.1407632841052,-0.6503,-0.6503,12.2979119093607,,,,25.74245,40.051505904537734,
LINDEBD,LINDE BANGLADESH LTD,,,,,,,,229.28499,,
HEIDELBCEM,HEIDELBERG MATERIALS BANGLADESH PLC,251.538238816018,4.6654,4.6654,8.14987298149958,8.14987298149958,7.804691313364569,15.784097220034553,74.3166,23.78245767790289,36.20064427776081
MTB,MUTUAL TRUST BANK PLC,47.6792597694401,2.9797,2.9797,10.0634613893718,,,,27.25702,57.48281773907124,
NCCBANK,NATIONAL CREDIT AND COMMERCE BANK PLC,33.9196778647692,2.4714,2.4714,-3.39896749625871,,,,23.27112,24.878441640301077,
DHAKABANK,DHAKA BANK PLC,38.8544746128222,0.8686,0.8686,-0.853663326364579,,,,22.45704,47.36270024023777,
SOUTHEASTB,SOUTHEAST BANK PLC,35.6682710773106,0.4097,0.4097,9.28351187830485,,,,24.33249,18.28243150077956,
MIDLANDBNK,MIDLAND BANK PLC,16.9654184737879,0.9828,0.9828,-10.1919035997709,,,,14.55169,21.390570871715518,
NBL,NATIONAL BANK LTD,6.49806590630558,-5.0462,-5.0462,,,,,-1.91439,27.877670126593497,
KBPPWBIL,KHAN BROTHERS PP WOVEN BAG INDUSTRIES LTD,1.05957161834532,0.2104,0.2104,0.0985268364478067,0.09852683644780673,0.2802421948388047,0.5440309636603643,11.96322,0.1707732565773915,0.6293777366788501
IFIC,IFIC BANK PLC,20.2569756211412,-6.8273,-6.8273,-5.78772995502736,,,,12.335,7.595607013235757,
BATASHOE,BATA SHOE CO (BANGLADESH) LTD,659.156881140351,14.3319,14.3319,89.2712035818714,77.98098684210527,46.31483333333333,98.23467397660819,229.59557,152.74092909356727,49.645224269005844
NATLIFEINS,NATIONAL LIFE INSURANCE PLC,,,,,,,,,,
UNIQUEHRL,UNIQUE HOTEL & RESORTS PLC,9.25049543817935,5.8342,5.8342,2.89543733695652,1.789665862771739,2.307169293478261,3.249801052989131,88.4738,32.92778663383152,8.550722961956522
RUPALIBANK,RUPALI BANK PLC,115.907840904041,-0.4578,-0.4578,23.90333450006,,,,35.19379,21.963052483546043,
SINGERBD,SINGER BANGLADESH LTD,202.944839714593,-8.1949,-8.1949,1.18202163914331,-59.53980236751134,8.629152462039245,15.577277148319489,21.3142,212.1920847829828,7.780473520723652
SQUARETEXT,SQUARE TEXTILES PLC,120.362170335408,6.7573,6.7573,-7.95898335124612,-17.175822602559162,14.136589540283495,19.20348249954373,53.7214,78.22127763977045,3.893749452477034
MERCANBANK,MERCANTILE BANK PLC,36.9984961856667,0.421,0.421,20.5993993423503,,,,25.01567,18.254265060564986,
DESCO,DHAKA ELECTRIC SUPPLY CO LTD,21.8588741161036,-7.8803,-7.8803,24.0559703799839,22.77993541984391,3.7047419979611935,10.041791126571574,20.87398,97.63195627905382,37.94944819048683
IBNSINA,THE IBN SINA PHARMACEUTICAL INDUSTRY PLC,377.819254115407,20.2546,20.2546,23.4580413471202,-2.636182092431202,28.985932075043653,35.41350016757017,120.40444,59.034554278861414,13.323825783735032
ORIONINFU,ORION INFUSIONS LTD,33.1577781368739,2.0248,2.0248,0.121158157070614,0.0840044283429667,4.129660172811467,5.184134783514147,15.71377,15.580145640223657,1.3604609779290129
RAKCERAMIC,RAK CERAMICS (BANGLADESH) LTD,15.3853338050532,-0.6413,-0.6413,0.97932208364929,0.33265991103400805,0.13828868761129334,1.394712437160212,15.73461,4.308438952875668,0.8501377300486279
LANKABAFIN,LANKABANGLA FINANCE PLC,,,,,,,,,,
GPHISPAT,GPH ISPAT LTD,117.116001306315,1.0699,1.0699,0.998588385299124,-10.559978248150728,13.099076629724658,17.157771622595007,52.77091,130.2729436238465,6.571101176478329
DELTALIFE,DELTA LIFE INSURANCE CO LTD,107.135514545455,10.5238,10.5238,-10.6313429090909,-10.792906828282828,,,15.98855,0.1952304080808081,
PREMIERBAN,PREMIER BANK LTD,,,,,,,,,,
ONEBANKPLC,ONE BANK PLC,32.36507688362,0.961,0.961,0.155559675610226,,,,22.98762,22.657381840761538,
SIBL,SOCIAL ISLAMI BANK PLC,26.1160915764881,-5.5012,-5.5012,-4.29991025256125,,,,13.81703,103.49061346127382,
PTL,PARAMOUNT TEXTILE PLC ,67.1106610127199,5.638,5.638,8.53080055221594,-8.165650669027375,12.211713026319584,17.22037898760701,38.73886,135.25366002064152,3.815830144568279
LOVELLO,TAUFIKA FOODS AND LOVELLO ICE-CREAM PLC,15.3728174825878,2.2226,2.2226,2.86035646830044,0.48821815337166863,4.595378099082913,,12.62764,16.074126557332253,1.2052023782008898
EHL,EASTERN HOUSING LTD,,,,,,,,87.71402,0.2796175608603909,52.14386444896609
EXIMBANK,EXPORT IMPORT BANK OF BANGLADESH PLC,37.9664354098293,-0.8343,-0.8343,21.3864483664973,,,,21.8363,110.7443692842057,
DBH,DBH FINANCE PLC,44.3723043095999,5.0306,5.0306,9.65797117390249,,8.989632636642785,9.426800949863086,46.92804,77.40955094765229,90.60539445718524
SPCL,SHAHJIBAZAR POWER CO LTD,57.7824622320582,0.3724,0.3724,-0.800074675445286,-1.5271048188729037,2.78174579936823,,38.55195,13.254056845852212,0.7850630613099348
ENVOYTEX,ENVOY TEXTILES LTD,102.454974155716,6.9862,6.9862,3.91038077395129,0.5851754037372585,16.363916253569542,20.50715872160242,55.95253,70.70516541749511,2.407047711223756
IPDC,IPDC FINANCE PLC,25.442011780995,1.0026,1.0026,9.02886620467808,,4.309599726423314,4.78003462140238,16.79348,43.250488615518606,16.547682137366987
STANDBANKL,STANDARD BANK PLC,21.9109390370771,0.7786,0.7786,13.3611589123684,,,,17.37216,38.858336729921774,
ORIONPHARM,ORION PHARMA LTD,26.4631584316239,-0.4675,-0.4675,4.56396143589744,-4.183067179487179,2.4009626923076923,5.196777008547008,89.17945,101.41715742735043,1.3749510341880342
CROWNCEMNT,CROWN CEMENT PLC,209.59233193266,4.3988,4.3988,11.1407058989899,0.7877335353535354,17.17835111111111,25.356615622895625,58.46945,101.21751882828283,7.381847966329966
SEAPEARL,SEA PEARL BEACH RESORT & SPA LTD,5.30816547412008,-3.3459,-3.3459,3.25642533333333,-1.203744265010352,0.7109004554865425,,16.58185,46.855823693581776,0.6680247204968944
SBACBANK,SBAC BANK PLC,14.7232049147792,-0.1867,-0.1867,1.63430301124866,,,,13.7177,3.9974005402748256,
JHRML,JMI HOSPITAL REQUISITE MANUFACTURING LTD,14.1884731941132,2.1662,2.1662,0.802082228599395,-1.5456691822409543,3.1076943594799182,4.235519990882254,33.84358,8.719648687424437,4.728772252041836
ACIFORMULA,ACI FORMULATIONS PLC,105.974401164021,9.1398,9.1398,10.3555477671958,8.481939047619047,16.32426074074074,,75.59077,82.31369312169312,4.8416296296296295
SONALIPAPR,SONALI PAPER & BOARD MILLS LTD,87.0075658393572,8.5168,,,,,,167.25864,34.53138822580098,20.484128456028238
IFADAUTOS,IFAD AUTOS PLC,31.9903307877588,-0.3041,-0.3041,-2.59586011403949,-2.7245952809239746,2.466977564401661,2.857441135313028,36.2035,111.26741672370248,10.119559024807655
NRBBANK,NRB BANK PLC,16.0398187889958,-1.2785,-1.2785,7.00528559753207,,,,11.45245,8.19436358362854,
RELIANCINS,RELIANCE INSURANCE LTD,21.3006419855664,9.8765,9.8765,13.3799407379652,12.711455521565691,,,70.99931,0.0,
NAVANAPHAR,NAVANA PHARMACEUTICALS LTD,78.8547458527608,3.9337,3.9337,13.66318299033,3.365440992955468,12.486117436066472,15.262102928089526,45.31645,46.005361034079236,2.011253514913861
ABBANK,AB BANK PLC,2.55745158108547,-41.0624,-41.0624,-4.59945606424449,,,,-12.33048,32.1662960871059,
NRBCBANK,NRBC BANK PLC,24.6004961561953,-0.5634,-0.5634,-17.8217677354055,,,,16.67016,24.50863651242939,
MALEKSPIN,MALEK SPINNING MILLS PLC,118.397308848141,7.3642,7.3642,-2.20683022210744,-14.288977376033058,12.641406921487604,15.46864271694215,58.99106,45.96485649276859,3.994084266528926
SAPORTL,SUMMIT ALLIANCE PORT LTD,28.9260452620941,2.6843,2.6843,2.92386943881612,2.5926418669761953,5.619435078797323,6.200397764783929,34.54899,14.546047540755582,2.226385301264456
BPML,BASHUNDHARA PAPER MILLS LTD,44.6288454159259,-11.311,-11.311,-7.36170713953629,-20.54351105817691,0.9983120515123641,5.763146874419437,67.30955,151.496809419976,0.6294139537055798
SHARPIND,SMART INDUSTRIES PLC,13.9834664751004,0.5914,0.5914,0.243970253638936,-0.1903578135948958,1.7018454137684045,,10.46011,10.390652516440412,1.5844645620835016
KEYACOSMET,KEYA COSMETICS LTD,,,,,,,,,,
ITC,IT CONSULTANTS PLC,11.4797150481306,3.7536,3.7536,4.74367453029825,-0.15311674389139335,4.561004506446806,,22.64664,8.766757083436735,3.4549578815786877
MATINSPINN,MATIN SPINNING MILLS PLC,92.1086840086163,4.1419,4.1419,-5.05432372551031,-7.4079902554108115,10.33853513180839,14.787284439429687,56.36171,55.50378385475433,6.071165504154273
CONFIDCEM,CONFIDENCE CEMENT LTD,47.6406820384356,10.1798,10.1798,-2.5153056926542,-2.549034772848822,5.035212133866813,7.953799827230781,83.43787,71.58686643218809,2.646011937562396
PREMIERCEM,PREMIER CEMENT MILLS PLC,230.934600986249,2.525,2.525,6.83022212422949,-11.90876386913229,23.37561327643433,31.548042105263157,63.89156,227.91774946420105,8.315215002370792
ADNTEL,ADN TELECOM LTD,27.9832954034007,2.6545,2.6545,6.90973995936934,1.3985999989543965,4.735720808803287,7.502662808410845,32.42809,7.400135891316396,3.3744056340326942
JMISMDL,JMI SYRINGES & MEDICAL DEVICES LTD,63.9534979551504,2.473,2.473,3.03770935586904,2.7137416821932394,5.76082313015704,7.984592094756454,87.03585,2.1001374813681126,5.779791588035666
GREENDELT,GREEN DELTA INSURANCE PLC,25.8587134727671,5.3595,5.3595,4.05501459583152,,,,67.91818,0.0,
FIRSTSBANK,FIRST SECURITY ISLAMI BANK PLC,27.6252349382281,-18.0975,-18.0975,-12.5293962808574,,,,2.39199,168.1568871475383,
DOREENPWR,DOREEN POWER GENERATIONS AND SYSTEMS LTD,85.2699397287089,2.6242,2.6242,6.46710293919021,4.964975521798247,18.265012385427404,23.61918483593272,52.27994,72.12305156931137,1.0582159837641683
PRAGATILIF,PRAGATI LIFE INSURANCE PLC,,,,,,,,12.35849,0.0,
CVOPRL,CVO PETROCHEMICAL REFINERY PLC,38.885517312159,2.6879,2.6879,8.27917657862043,7.981751561965465,3.478634833180288,4.597391022524712,11.87253,6.2707819010065,1.5729409964169323
KPCL,KHULNA POWER CO LTD,3.70008082947848,0.3333,0.3333,0.74256926693415,0.5487073693648191,-0.33508023144848953,0.2539676219444147,18.86998,1.1490616092527721,0.6718617351137215
TECHNODRUG,TECHNO DRUGS LTD.,,,,,,,,30.02213,19.81509083834301,3.3477863098270846
TAMIJTEX,TAMIJUDDIN TEXTILE MILLS PLC,136.841707404551,6.7521,6.7521,13.3508513470269,7.085652118973681,26.87040215545326,,100.49108,151.19777911466932,6.6204737259397355
EASTRNLUB,EASTERN LUBRICANTS BLENDERS PLC,490.797353541938,41.6756,41.6756,57.4429777435318,57.44297774353179,16.574295216128384,,192.14097,0.0,361.5786249671623
PIONEERINS,PIONEER INSURANCE CO LTD,18.9095995947707,4.4253,4.4253,3.71097381817156,3.5995094958743956,,,44.00383,0.0,
PRAGATIINS,PRAGATI INSURANCE LTD,20.3817690416855,5.2572,5.2572,1.4693451107347,1.180641713462601,,,53.54255,0.0,
MONOSPOOL,MONOSPOOL BANGLADESH PLC,52.3021365630907,3.7305,3.7305,-5.06234208190734,-11.196577896074842,12.551362624611492,13.106703891596746,44.74616,126.72588138648234,2.5910797625258466
CITYGENINS,CITY INSURANCE PLC,11.6998326529416,3.1248,3.1248,2.82606978874345,2.806937000171434,,,21.75181,0.0,
FEKDIL,FAR EAST KNITTING & DYEING INDUSTRIES PLC.,,,,,,,,21.11126,3.974262299314024,2.5755373476900556
INDEXAGRO,INDEX AGRO INDUSTRIES LTD,93.4814503743404,5.5784,5.5784,-15.3896277512875,-21.112085756594162,13.005640262829225,15.899224205944392,83.54035,61.1496191331171,2.4440017108520022
AFTABAUTO,AFTAB AUTOMOBILES LTD,6.95848463491803,-1.0279,-1.0279,0.0942256428170753,-0.4054266144974473,0.5050596667326575,1.2732652078859827,47.92388,190.96581681585187,3.050342472421359
APEXFOOT,APEX FOOTWEAR LTD,1147.3637816453,11.6817,11.6817,193.256863042288,148.79336708425035,89.49002562389023,,432.51143,1225.811571323199,5.2800881949789344
BBSCABLES,BBS CABLES PLC,12.1339972236614,-1.7861,-1.7861,-0.0423249296760125,-0.651023530718826,0.556730667980944,,30.42096,14.952339884252954,3.4685737762868545
MIRAKHTER,MIR AKHTER HOSSAIN LTD,16.2791072138871,1.9732,1.9732,12.3923045798196,9.202894950082904,3.199346283110872,,50.96994,168.93504831067537,2.2564655895316137
EPGL,ENERGYPAC POWER GENERATION PLC,16.1113977163701,-6.4062,-6.4062,-6.0365389119208,,0.5366322264974736,2.564679701252002,37.13443,71.33817730554158,1.0651970673445068
ECABLES,EASTERN CABLES LTD,,,,,,,,342.49074,22.28786128787879,0.8493158333333334
RUNNERAUTO,RUNNER AUTOMOBILES PLC,88.6255203499682,3.0922,3.0922,10.0787565118499,5.695733286153457,18.419228047450304,20.188116018952698,65.96023,108.51419093680627,19.695533858519486
FARCHEM,FAR CHEMICALS INDUSTRIES LTD,23.8755048201917,0.3229,0.3229,-0.486268686339559,,1.657989953358626,,32.75079,14.803398469390713,1.484289971269454
MONNOCERA,MONNO CERAMIC INDUSTRIES LTD,8.26505733688963,0.8496,0.8496,-4.7657128159537,-8.283668594980792,-0.01383484292107926,1.5731542601553263,81.1551,27.91246879300691,0.6632100191502474
RAHIMAFOOD,RAHIMA FOOD CORPORATION LTD,5.00438750612494,0.4949,0.4949,0.15079964200358,0.14989650103498967,0.5877031229687704,0.8298267017329826,9.19494,0.0,0.9940842591574084
KDSALTD,KDS ACCESSORIES LTD,38.8898816144647,2.2155,2.2155,3.68389168483005,3.5141458734045123,3.173897053870181,4.417320936343794,27.07645,3.9217181399367274,1.551885974854739
AMANFEED,AMAN FEED LTD,85.5912577269368,0.4519,0.4519,1.26368834484739,1.251016412868862,3.9112332252173005,,28.45518,41.27058594919157,1.0454939283990885
ESQUIRENIT,ESQUIRE KNIT COMPOSITE PLC,80.550350610163,2.5429,2.5429,-3.28561874109188,-4.884308842957365,7.88877992991822,11.4558877441381,65.15674,53.32920948714553,3.180767088632011
LEGACYFOOT,LEGACY FOOTWEAR LTD,1.01362621338264,0.1121,0.1121,0.229959531086133,-0.8415521548524396,-0.0002973538984929891,,10.86914,0.04123156510286216,2.56122855674492
QUASEMIND,QUASEM INDUSTRIES LTD,19.720739764043,0.4081,0.4081,0.671063332985959,0.19007888743120616,0.8200010502355667,,28.7784,15.454327712354697,0.21982016166560156
UNIONBANK,UNION BANK PLC,,,,,,,,,,
GHAIL,GOLDEN HARVEST AGRO INDUSTRIES LTD,3.86312058637822,-0.9618,-0.9618,-1.32759083737306,-1.3971960893694244,0.5533218418859426,0.9228830408578308,12.50343,10.520805383598997,1.0699843518012089
NTLTUBES,NATIONAL TUBES LTD,15.1520297785844,1.9118,1.9118,3.02452377322334,2.7587086745623135,3.3108297120628705,,136.65488,10.93031549802289,0.08107934560424686
GIB,GLOBAL ISLAMI BANK PLC,10.8715732114669,-12.6784,-12.6784,15.9298063832735,,,,-21.76574,43.92621316128423,
SPCERAMICS,SHINEPUKUR CERAMICS LTD,12.8043979491855,-1.1739,-1.1739,0.818232645645932,0.7902046051467686,-0.30404549351550697,,,6.373249595144454,0.4973735421798238
NHFIL,NATIONAL HOUSING FINANCE PLC,17.3081998646515,-0.1233,-0.1233,3.15158829440354,,3.5235713211519664,3.6441367772012936,18.39778,11.995704624066061,10.900650108688966
GENEXIL,GENEX INFOSYS PLC,17.1920723699998,2.1857,2.1857,3.35505807010196,-3.710164400884579,6.381068625965619,,21.55828,30.02331533009861,0.3386703685174119
DAFODILCOM,DAFFODIL COMPUTERS PLC.,10.3476273625908,0.0954,0.0954,1.06114928231463,1.0296726283413082,1.5754707730937942,1.8489835223256363,13.10546,5.025664194501944,0.9097837120665859
POPULARLIF,POPULAR LIFE INSURANCE CO LTD,,,,,,,,52.78696,0.4940044705500685,
HWAWELLTEX,HWA WELL TEXTILES (BD)PLC,29.3181373928571,3.6036,3.6036,-3.00887941071429,-5.114632321428572,1.0045532142857143,1.9147987499999999,38.51294,0.0,25.438683339285713
SHEPHERD,SHEPHERD INDUSTRIES PLC,16.1952771615875,0.1327,0.1327,0.375388224565193,,1.4452236111890728,1.9120550718483507,13.82717,10.650268773112384,0.19890395672999278
SHASHADNIM,SHASHA DENIMS PLC,82.7044585949777,2.1504,2.1504,3.84687489164994,-0.4127165911149862,7.690269875239575,9.798687086147067,41.56236,32.807328856884745,1.8794536441109218
FORTUNE,FORTUNE SHOES LTD.,9.04992680777941,-0.4454,-0.4454,-0.800372546331464,-0.800372546331464,-0.017770126486603546,,13.69584,3.215975186031607,1.1817551370451476
RUPALILIFE,RUPALI LIFE INSURANCE COMPANY LTD,,,,,,,,,,
GQBALLPEN,GQ BALL PEN INDUSTRIES LTD,,,,,,,,136.90065,3.8896729390680997,31.328405017921142
ANWARGALV,ANWAR GALVANIZING LTD,18.8291148729854,-3.9193,-3.9193,-3.1847723926925,-3.5533877407155643,-2.7779861450660346,-1.7374320404623433,2.00216,14.00648797432544,0.29727479438223237
SAIFPOWER,SAIF POWERTEC LTD,,,,,,,,,,
BARKAPOWER,BARAKA POWER LTD,9.69686877187583,0.2267,0.2267,5.82538575338168,,0.5750793530781543,1.1186226003459585,22.55983,2.4750355084684728,1.5059681292551614
ARGONDENIM,ARGON DENIMS LTD,41.9994402636599,1.5976,1.5976,-0.357907415385824,-0.6933437722025951,1.7134966420499604,2.6410902993727214,23.47698,20.403075180983524,6.7051739938983905
MEGHNALIFE,MEGHNA LIFE INSURANCE PLC,,,,,,,,,,
SANDHANINS,SANDHANI LIFE INSURANCE CO LTD,,,,,,,,16.75489,0.09535562763120302,
BPPL,BARAKA PATENGA POWER LTD,,,,,,,,27.03326,63.474561706487975,4.313623046631135
AMBEEPHA,AMBEE PHARMACEUTICALS PLC,98.0068808333333,4.1998,4.1998,-20.9471641666667,-31.778945833333335,6.017666666666667,9.766779166666668,11.29083,0.3191666666666667,57.87875
SAIHAMCOT,SAIHAM COTTON MILLS LTD,38.2356373248194,0.9758,0.9758,-0.660029749621912,-1.9899153755671317,3.7325722735674676,5.5476975970425135,38.12232,24.74051116114939,1.412648267518064
UNITEDFIN,UNITED FINANCE PLC,15.3208040126679,1.1277,1.1277,3.62832789212285,,3.9712550191296123,4.399484104432378,17.01332,35.736451814501244,15.67122558903924
KAY&QUE,KAY & QUE (BANGLADESH) LTD,33.7283775172183,1.9161,1.9161,4.1330795190325,,2.6025932874762012,,97.8716,15.557150589759436,0.7271944539698547
SONALIANSH,SONALI AANSH INDUSTRIES LTD,,,,,,,,,,
AIL,ALIF INDUSTRIES LTD,18.9941579810159,2.7053,2.7053,-0.776719033258447,-0.7767189305401855,2.8903263145533944,3.0489440603740143,23.90373,0.0,0.21043080943058828
INTRACO,INTRACO REFUELING STATION LTD,14.2898256640479,1.1327,1.1327,-0.47626753806648,-6.574166762103271,1.4131462266912003,,13.09723,3.9377741537318256,0.19635974764017095
NPOLYMER,NATIONAL POLYMER INDUSTRIES PLC,76.9320132005424,1.3416,1.3416,6.78836354182692,2.000307520855214,7.477425634458384,,30.28857,75.7142476039982,2.0086290812349965
DSSL,DRAGON SWEATER AND SPINNING LTD,2.02179806258051,0.2873,0.2873,0.0878143052713612,0.08781428155143944,0.23777110536377408,0.7176098004075321,18.45852,0.0,0.25731856957960353
ACTIVEFINE,ACTIVE FINE CHEMICALS LTD,,,,,,,,,,
EIL,EXPRESS INSURANCE LTD,5.85887839134357,1.1523,1.1523,2.12539714734917,1.847465263372821,,,19.67558,0.0,
MLDYEING,M.L. DYEING LTD,3.98281566615293,0.2295,0.2295,-1.04526262907476,-1.2425739270861687,0.31102343894563833,1.0003838077280316,13.4446,1.6693150389428677,0.11023825721949822
WATACHEM,WATA CHEMICALS LTD ,49.1750003272027,0.327,0.327,28.3200158703409,19.6480641948676,12.990510178431368,15.638048555255219,61.02656,103.54079050003176,4.783402365223202
ATLASBANG,ATLAS BANGLADESH LTD,,,,,,,,113.922,0.06593681525112303,5.550737903230188
CENTRALINS,CENTRAL INSURANCE CO LTD,9.38943138450193,1.7411,1.7411,1.38542098446729,1.2898744624664569,,,50.52775,2.2358072205828967,
PHARMAID,PHARMA AIDS LTD ,133.594318910256,17.0147,17.0147,-0.750285897435894,-6.193493589743589,23.825942307692305,25.90999358974359,133.0067,1.6681432692307692,13.781358653846153
GEMINISEA,GEMINI SEA FOOD PLC,34.3225679727111,-7.1917,-7.1917,1.76847207476472,1.7602006300510789,-1.2305681865474989,-0.8799435945648648,12.31256,66.35767518430761,2.491693989718093
FAREASTLIF,FAREAST ISLAMI LIFE INSURANCE CO LTD,,,,,,,,,,
LRBDL,LUB-RREF (BANGLADESH) LTD,4.2782254906297,-1.027,-1.027,1.91638070021398,-9.422043012233335,-0.47496630890887354,0.8858358229976073,37.43781,25.924405202905824,1.5279588412104326
UTTARAFIN,UTTARA FINANCE & INVESTMENTS LTD,,,,,,,,,,
BDFINANCE,BANGLADESH FINANCE PLC,,,,,,,,-29.92445,24.908123098297523,8.811375063021197
BEACHHATCH,BEACH HATCHERY LTD,7.50628029197637,3.4134,3.4134,0.594112594469591,,4.234192436944973,4.305394787244498,14.76268,0.5866393729758501,1.1777857845583084
AMCLPRAN,AGRICULTURAL MARKETING COMPANY LTD (PRAN),444.157573,5.3158,5.3158,-31.105322875,-31.1053125,30.39270375,34.1249125,92.63112,123.060625,2.234625
RAHIMTEXT,RAHIM TEXTILE MILLS LTD ,133.239471978078,1.1945,1.1945,41.7010472761085,-9.26048156159144,14.51494093406724,21.7237860930435,25.327,135.20164449485253,3.264720815697524
WMSHIPYARD,WESTERN MARINE SHIPYARD LTD,,,,,,,,,,
SSSTEEL,S.S. STEEL LTD,73.9760873642712,0.0183,0.0183,-22.3588526600477,-17.526365443296662,10.551570443886984,,21.91688,64.29973309452606,2.677786118383657
QUEENSOUTH,QUEEN SOUTH TEXTILE MILLS LTD,,,,,,,,15.99323,14.123645190527986,0.2331637645959551
CRYSTALINS,CRYSTAL INSURANCE COMPANY LTD,,,,,,,,,,
ICBIBANK,ICB ISLAMIC BANK LTD,0.454458592967107,-1.4245,-1.4245,-0.197213530026901,,,,-21.20773,10.993289066398596,
STANDARINS,STANDARD INSURANCE LTD,9.82703287593629,2.4033,2.4033,0.985655175816147,0.9819983060098588,,,21.84206,0.8381108841083844,
GOLDENSON,GOLDEN SON LTD,3.53531914081852,-1.6242,-1.6242,-1.47752115457301,-3.2432138208394057,0.22839458495292242,0.6004062592012293,16.50873,26.48435320230903,0.19544045630014578
EMERALDOIL,EMERALD OIL INDUSTRIES LTD,,,,,,,,,,
NTC,NATIONAL TEA CO LTD,,,,,,,,,,
AGNISYSL,AGNI SYSTEMS PLC,10.499984425864,1.3348,1.3348,1.40826336365613,0.38633504911613886,1.8496324889817815,2.725663166005184,17.22551,0.7823918322505129,0.28985859676869485
ACFL,AMAN COTTON FIBROUS LTD,24.0718055208985,-0.1906,-0.1906,5.87190368883274,5.867505341710762,1.622292600404273,,33.54606,14.631579291344064,12.885510766563673
SUNLIFEINS,SUNLIFE INSURANCE COMPANY LTD,,,,,,,,,,
SALAMCRST,S. ALAM COLD ROLLED STEELS LTD,,,,,,,,,,
RDFOOD,RANGPUR DAIRY & FOOD PRODUCTS LTD,15.9246114286849,0.8436,0.8436,1.03917380582367,-1.159652789437475,1.8050328983790183,,17.44077,6.541133069337603,0.7895197138345672
BENGALWTL,BENGAL WINDSOR THERMOPLASTICS PLC,9.91129491888583,0.5465,0.5465,0.946040644540644,0.9110375399011763,0.8112737767283222,1.3544787703878614,26.11522,0.7766616270934453,2.391894529712711
BNICL,BANGLADESH NATIONAL INSURANCE COMPANY LTD,22.6859168813559,4.4413,4.4413,7.50851181920904,7.4604255367231636,,,29.50719,0.0,
UNITEDINS,UNITED INSURANCE CO LTD,9.40105979775281,2.3316,2.3316,3.402606,3.3149523595505617,,,30.77184,0.0,
FUWANGCER,FU-WANG CERAMIC INDUSTRY LTD,7.96463327161061,0.1527,0.1527,-1.73881646808936,-14.408631897183025,1.3973186861968767,,11.97799,47.14608216406049,2.2137138830152776
BBS,BANGLADESH BUILDING SYSTEMS LTD,4.82113601696015,-0.1531,-0.1531,1.02502120346567,1.0223206466556967,0.42788064962949396,0.7088289403874491,11.36953,6.737587914662575,0.1385860185507086
OIMEX,OIMEX ELECTRODE LTD,,,,,,,,,,
CLICL,CHARTERED LIFE INSURANCE PLC,57.1109592266667,35.1811,35.1811,3.60377026666667,3.5616266666666667,,,10.0,1.00753344,
MONNOAGML,MONNO AGRO & GENERAL MACHINERY LTD,25.2235838096693,2.022,2.022,0.895265411830584,-1.5665747629228846,3.6117171364575156,4.754012039299532,111.61438,11.305179516828112,0.6238198413910464
AAMRANET,AAMRA NETWORKS LTD,10.1321140204994,0.8047,0.8047,0.68960154533164,-5.932447537700401,1.6291539402618493,3.2951235746491134,36.78103,4.759981844250401,0.21419765378999284
SALVOCHEM,SALVO CHEMICAL INDUSTRY LTD,38.3617124844207,0.0796,0.0796,5.53427298947309,1.1173778708644522,1.457092284547051,3.2966973596474087,16.33713,15.072086537408508,1.9560634991486756
BGIC,BANGLADESH GENERAL INSURANCE COMPANY PLC,,,,,,,,19.1648,,
BDLAMPS,BANGLADESH LAMPS PLC,177.719717280132,-6.1588,-6.1588,-27.7022909747141,-35.41883515546392,6.676249162105523,11.637082196154077,44.23872,129.686622573573,5.266775818144532
ETL,EVINCE TEXTILES LTD,18.5571048143069,0.2744,0.2744,1.96601349703936,0.175091377133403,0.797061346220829,1.948341442441658,12.63837,17.062323907175198,0.10658990769766633
MONNOFABR,MONNO FABRICS LTD,14.3222400521739,0.0928,0.0928,0.199700226086957,0.14494991304347823,2.800664695652174,3.3953542608695653,25.43636,34.73042367826087,0.08057844347826086
RUPALIINS,RUPALI INSURANCE CO LTD,,,,,,,,24.27119,0.0,
FUWANGFOOD,FU-WANG FOODS LTD,,,,,,,,2.31335,1.4117840295684334,0.022736532653891917
NAVANACNG,NAVANA CNG LTD,57.1767762670574,0.1051,0.1051,-7.04817141586811,-10.338842100988696,6.874269682653073,11.559959573687117,27.92856,161.36543731314055,2.8985739795225514
SILVAPHL,SILVA PHARMACEUTICALS LTD,3.16252063003663,-0.9638,-0.9638,0.0443199853479854,-0.1823545054945055,-0.8348332600732601,,15.90862,0.3037882197802198,1.1070833333333332
RANFOUNDRY,RANGPUR FOUNDRY LTD,149.9682242,3.8862,3.8862,-3.8176774,-3.8176769999999998,8.881627,9.494486,34.4132,14.371199999999998,1.9441
SILCOPHL,SILCO PHARMACEUTICALS LTD,,,,,,,,23.00966,0.05921124779639138,0.23813251514830405
BDTHAI,BANGLADESH THAI ALUMINIUM,1.93656585293318,-1.6602,-1.6602,-1.33978776797541,-1.4300724905644873,-0.033012340026726615,0.5959859205910377,28.09203,15.114488917063358,0.032063369079692663
ISLAMIINS,ISLAMI INSURANCE BANGLADESH LTD,13.7517392050546,3.4878,3.4878,2.99004713081178,2.9104344529720056,,,23.46738,0.5692295789053937,
PARAMOUNT,PARAMOUNT INSURANCE PLC.,10.198835479169,2.2836,2.2836,3.71983402125554,2.6742759357034753,,,28.32998,0.0,
EGEN,EGENERATION PLC,,,,,,,,23.2126,1.86648652,0.6435553866666667
REPUBLIC,REPUBLIC INSURANCE COMPANY LTD,10.8438555140142,1.9,1.9,0.625399803689135,0.48488566579066505,,,18.83645,0.26423860010552613,
HAKKANIPUL,HAKKANI PULP & PAPER MILLS PLC,56.4505911578947,0.2909,0.2909,0.388484105263159,-1.3054473684210526,4.76669,7.196488421052632,24.45237,39.41059452631579,6.688711789473684
EASTLAND,EASTLAND INSURANCE PLC,4.8521664507784,1.0472,1.0472,0.948695038247291,,,,21.57439,0.0,
AOL,ASSOCIATED OXYGEN LTD,,,,,,,,,,
MHSML,MOZAFFAR HOSSAIN SPINNING MILLS LTD,28.6247035275799,0.8283,0.8283,-1.34694474114708,-1.9482368219522994,4.94372987281324,6.96896639971648,19.66775,40.67917257621277,2.3351577104454395
DOMINAGE,DOMINAGE STEEL BUILDING SYSTEMS LTD,2.14200584795322,0.1302,0.1302,0.360861159844055,-0.8866858674463938,0.19626237816764133,,17.22437,0.7360821929824561,0.1952509844054581
PEOPLESINS,PEOPLES INSURANCE CO LTD,17.0557089177489,3.2128,3.2128,5.74018406926407,4.242814285714285,,,36.29694,0.0,
IBP,INDO-BANGLA PHARMACEUTICALS LTD,0.783942682829503,-0.396,-0.396,0.0864306838375137,0.08643065802110814,-0.25681316885896427,,13.43478,0.1721093702037959,0.04494504539203924
RINGSHINE,RING SHINE TEXTILES LTD,6.11248120709098,-3.0972,-3.0972,-1.71754355602518,-1.7718174499000618,-0.8508101796578588,,-10.4223,13.48562338000051,0.772101496062736
MAKSONSPIN,MAKSONS SPINNING MILLS PLC,,,,,,,,7.66787,29.802238160263396,0.3339969286647149
SAMORITA,SAMORITA HOSPITAL LTD,17.9273262013026,0.5338,0.5338,1.27051588748848,0.28804273512232087,0.48231822754816006,1.6347111772511014,48.673,0.32934424670691304,1.7314425181679451
ALIF,ALIF MANUFACTURING COMPANY LTD,5.22009021055148,0.2787,0.2787,1.52140020286156,1.4912986230419705,0.3646818605877768,0.6031473326386204,15.24797,0.0173299219347806,0.08687319166069621
DACCADYE,THE DACCA DYEING & MANUFACTURING CO LTD,,,,,,,,,,
APEXFOODS,APEX FOODS LTD,364.445181164504,4.5379,4.5379,-2.197216766047,-4.297616625745352,7.814952648193616,10.725897930550683,116.58758,10.635391090845317,69.63574184496667
DHAKAINS,DHAKA INSURANCE LTD,6.78306502180685,5.8564,5.8564,2.54315167601246,2.5351730841121496,,,35.65397,0.12927790654205606,
FEDERALINS,FEDERAL INSURANCE PLC,,,,,,,,13.27799,0.10005378264640209,
KTL,KATTALI TEXTILE LTD,,,,,,,,,,
PRIMEINSUR,PRIME INSURANCE CO LTD,18.2770897573036,1.91,1.91,-4.6735295785471,-6.724484947684419,,,22.39508,0.0,
BDCOM,BDCOM ONLINE LTD,13.2589936201077,0.8206,0.8206,1.42607402260603,-0.08109247880876647,1.3051288717685965,2.3176718424825125,14.93317,2.701846974943154,7.4381001836077525
TAKAFULINS,TAKAFUL ISLAMI INSURANCE PLC,16.9981292403074,1.486,1.486,2.60747371197538,2.4945229148338,,,19.52043,0.0,
ASIAPACINS,ASIA PACIFIC GENERAL INSURANCE CO LTD,9.48498599763872,1.6511,1.6511,0.293482715466352,-0.46198205430932704,,,25.67741,0.0,
GHCL,GLOBAL HEAVY CHEMICALS LTD ,7.48143048611111,-4.4462,-4.4462,-0.149247333333333,-0.1920397222222222,-3.7669018055555554,-2.576115277777778,73.04126,9.031903777777778,0.3480683611111111
NAHEEACP,NAHEE ALUMINUM COMPOSITE PANEL PLC,4.51929370849922,0.2702,0.2702,0.00810989909912454,-0.2639865091012075,0.467562100498302,0.831065638231391,19.50281,1.94845601590166,0.3799183764344613
SIMTEX,SIMTEX INDUSTRIES PLC,23.7645841660083,0.97,0.97,0.94880831087422,0.2898308885536963,2.403297497878677,3.498240431816012,22.26626,8.998431906494673,1.6111021316676655
RENWICKJA,RENWICK JAJNESWAR & CO (BD) LTD,,,,,,,,,,
ADVENT,ADVENT PHARMA LTD,5.14274915719212,0.5227,0.5227,0.939371444617345,0.13851617710516642,1.0297897199021284,1.7159564265762117,16.24295,0.8001669917725596,0.03873952715142084
KARNAPHULI,KARNAPHULI INSURANCE PLC,12.0995351357637,2.1442,2.1442,1.85260940491883,1.46511084861561,,,23.85712,0.0,
SINOBANGLA,SINOBANGLA INDUSTRIES LTD,90.8068163393299,1.2857,1.2857,0.819413929691369,0.4878075590031358,5.977036474665786,7.960665456345931,25.85492,7.489948836441656,2.3768608681300547
ARAMIT,ARAMIT LTD,48.4735755,3.7224,3.7224,8.76220383333334,4.278668333333333,-6.732976666666667,-4.441381666666667,128.2266,0.0,8.863369666666667
SAIHAMTEX,SAIHAM TEXTILE MILLS LTD ,39.2325652008282,0.5484,0.5484,8.34871826639061,8.014774437543133,3.9133076052449964,5.383349951690821,43.68057,15.757480712215322,0.4212660538302277
COPPERTECH,COPPERTECH INDUSTRIES LTD,28.0671208943834,0.8327,0.8327,-0.0153346611721612,-0.20447909035409037,2.678238400488401,3.4182591575091577,14.05262,11.93568528693529,0.9339511752136753
MEGHNACEM,MEGHNA CEMENT MILLS PLC,24.7186271092704,-32.5903,-32.5903,-70.7793541199923,-76.9029030474036,1.0160672244007556,4.999738829252264,-20.07658,406.541872382159,1.3373787574160623
TOSRIFA,TOSRIFA INDUSTRIES LTD,78.7586650284651,0.6572,0.6572,3.72685733289873,2.12291983892946,3.1565902950528,5.0862463727356815,31.238,33.869021500587195,7.72377715888418
APEXSPINN,APEX SPINNING & KNITTING MILLS LTD,637.637807261905,3.7258,3.7258,17.625988452381,7.144271428571428,16.444947619047618,22.992066666666666,47.49119,1.3202380952380952,39.860119047619044
GENNEXT,GENERATION NEXT FASHIONS LTD,,,,,,,,,,
APOLOISPAT,APPOLLO ISPAT COMPLEX LTD,,,,,,,,,,
PROVATIINS,PROVATI INSURANCE CO LTD,22.2519341211454,1.7993,1.7993,2.13330800769007,,,,22.09632,1.922011497402141,
PENINSULA,THE PENINSULA CHITTAGONG PLC,3.23427177609913,-1.0826,-1.0826,0.926992907873137,-6.110402572581379,0.24189048663990267,0.5923317220991887,27.87357,18.483267662058807,0.9697323767051949
CENTRALPHL,CENTRAL PHARMACEUTICALS LTD,,,,,,,,,,
PRIMELIFE,PRIME ISLAMI LIFE INSURANCE LTD,128.620181532053,-7.6208,-7.6208,-1.88709013660775,-2.1263755220717537,,,3.28701,0.0,
KPPL,KHULNA PRINTING & PACKAGING LTD,,,,,,,,,,
YPL,YEAKIN POLYMER LTD,,,,,,,,,,
DESHBANDHU,DESHBANDHU POLYMER LTD,,,,,,,,16.51556,20.15810811185176,0.27399509330621696
APEXTANRY,APEX TANNERY LTD ,40.9936979002625,-18.3032,-18.3032,-11.7182515091864,-20.819343832020998,-2.858784120734908,,32.38446,151.23882178477692,3.9504726377952752
NORTHRNINS,NORTHERN ISLAMI INSURANCE PLC,,,,,,,,25.44992,0.0,
ASIAINS,ASIA INSURANCE LTD,,,,,,,,24.28528,0.26063246249861216,
OAL,OLYMPIC ACCESSORIES LTD,0.129863982360047,-0.8028,-0.8028,-0.0763153030117649,-0.07631528531546677,-0.5327897596855702,-0.08087243598780046,9.89402,1.9672825827808342,0.09146082126324882
STYLECRAFT,STYLECRAFT LTD ,7.41644307603666,-3.4019,-3.4019,-1.90655841840869,-1.9097851959884045,-1.2038985217594844,0.060875420875420874,5.79722,105.70941889483065,3.518312465114604
JANATAINS,JANATA INSURANCE PLC,8.90123496190131,1.1531,1.1531,0.802649482614323,0.7520170412559317,,,14.64719,0.0,
PDL,PACIFIC DENIMS LTD,,,,,,,,,,
NITOLINS,NITOL INSURANCE CO LTD,14.7993380561341,1.9089,1.9089,0.232363879908492,-6.963933147131568,,,32.04437,0.458424828177551,
PRIMEFIN,PRIME FINANCE & INVESTMENT LTD,,,,,,,,,,
GLOBALINS,GLOBAL INSURANCE COMPANY LTD,17.6615297342313,1.5816,1.5816,0.154332698186266,0.13181991618958713,,,14.5408,1.7433768785835526,
SONARBAINS,SONAR BANGLA INSURANCE LTD,,,,,,,,,,
ISLAMICFIN,ISLAMIC FINANCE & INVESTMENT PLC,5.47170693924398,-10.9037,-10.9037,-0.325976423441104,,-1.8520722397246367,-1.7482030322532416,-0.86494,1.6769239660572006,9.080748591839313
PURABIGEN,PURABI GENERAL INSURANCE CO LTD,,,,,,,,14.28456,0.12749945489243306,
MERCINS,MERCANTILE INSURANCE COMPANY PLC,10.9953594540108,1.9207,1.9207,2.12379852494561,2.0219756836930936,,,19.59357,0.12051508561478545,
CONTININS,CONTINENTAL INSURANCE PLC,8.42970242626537,1.2828,1.2828,-0.528277022145708,-0.9656123110291598,,,22.55409,0.0,
PHENIXINS,PHOENIX INSURANCE CO LTD,11.4018289619453,1.4116,1.4116,-0.577601636346744,-0.8637747185459208,,,33.32106,0.1891169486404744,
SAMATALETH,SAMATA LEATHER COMPLEX LTD,,,,,,,,,,
MIDASFIN,MIDAS FINANCING PLC,3.46016353721601,-2.8813,-2.8813,1.5723140052039,,-2.8193372153839813,-2.689154481129445,1.47541,16.792172750176633,8.288650450714574
RSRMSTEEL,RATANPUR STEEL RE-ROLLING MILLS LTD,,,,,,,,,,
MIRACLEIND,MIRACLE INDUSTRIES LTD,6.50555960571928,-2.7188,-2.7188,-0.624258239133308,,-1.626465459265141,-1.4147910780422144,18.38464,22.563112329741095,0.05491155033973341
DSHGARME,DESH GARMENTS LTD ,92.7620102744325,0.5921,0.5921,-10.7937681376768,-11.457353166333286,5.4974523852240145,6.7392787048698874,17.59049,30.546281819244644,5.006792070934339
NFML,NATIONAL FEED MILL LTD,,,,,,,,,,
PHPMF1,PHP FIRST MUTUAL FUND,,,,,,,,,,
AFCAGRO,AFC AGRO BIOTECH LTD,,,,,,,,,,
BANGAS,BANGAS LTD,,,,,,,,,,
AGRANINS,AGRANI INSURANCE CO LTD,8.05305894919538,1.5566,1.5566,,,,,19.26421,1.974615143115178,
DGIC,DESH GENERAL INSURANCE COMPANY LTD,,,,,,,,,,
SICL,SIKDER INSURANCE COMPANY LIMITED,,,,,,,,10.57136,2.382039025,
AAMRATECH,AAMRA TECHNOLOGIES LTD,4.30694727509086,-1.382,-1.382,4.98259149233561,4.982591492335612,-0.35599831005527927,0.8694171529760054,20.65839,7.641611068476482,0.17577152872153406
SKTRIMS,SK TRIMS & INDUSTRIES LTD,,,,,,,,,,
PROGRESLIF,PROGRESSIVE LIFE INSURANCE CO LTD,,,,,,,,,,
GSPFINANCE,GSP FINANCE COMPANY (BANGLADESH) LTD,,,,,,,,,,
HRTEX,H.R.TEXTILE MILLS LTD,,,,,,,,2.21504,137.20850575774685,3.855030645244084
FAMILYTEX,FAMILYTEX (BD) LTD,,,,,,,,,,
UNIONCAP,UNION CAPITAL LTD,,,,,,,,-64.62063,60.63840626762886,10.433457560541198
PADMALIFE,PADMA ISLAMI LIFE INSURANCE LIMITED,,,,,,,,,,
ZAHEENSPIN,ZAHEEN SPINNING PLC,,,,,,,,,,
VFSTDL,VFS THREAD DYEING LTD,,,,,,,,,,
HFL,HAMID FABRICS PLC,,,,,,,,,,
CNATEX,C & A TEXTILES LTD,,,,,,,,,,
GBBPOWER,GBB POWER LTD,0.0,0.1787,0.1787,1.45477492591908,1.2072560575197242,-0.566509528724873,-0.725870673976903,20.28626,0.0,6.708843821435378
INTECH,INTECH LTD,,,,,,,,,,
METROSPIN,METRO SPINNING LTD,0.0533144078987622,-6.666,-6.666,-1.01359112552174,,-0.7575075640283297,,4.78301,12.432215876375798,0.059567548687544346
STANCERAM,STANDARD CERAMIC INDUSTRIES LTD,,,,,,,,-50.11972,33.933737317452575,0.22892433423881497
BAYLEASING,BAY LEASING & INVESTMENT LTD,,,,,,,,-28.215,31.691215575108547,4.108698503720783
ALLTEX,ALLTEX INDUSTRIES LTD,,,,,,,,19.7768,60.788986563750704,0.30844411092052604
USMANIAGL,USMANIA GLASS SHEET FACTORY LTD,,,,,,,,66.27337,36.319259774049584,0.1445646118236277
BIFC,BANGLADESH INDUSTRIAL FINANCE CO LTD,,,,,,,,-127.76273,38.17742546618818,0.20615103838357318
PHOENIXFIN,PHOENIX FINANCE AND INVESTMENTS LTD,,,,,,,,-89.8215,23.362389526592732,2.8194729445408915
ILFSL,INTERNATIONAL LEASING & FINANCIAL SERVICES LTD,-1.70326930253709,-39.6548,-39.6548,-6.19606771907191,,-10.633124945905339,-10.605225378091868,-215.11443,69.91334036480893,15.742791656251985
PLFSL,PEOPLE'S LEASING & FINANCIAL SERVICES LTD,,,,,,,,-152.95601,16.686073600105313,4.108709088076914
TALLUSPIN,TALLU SPINNING MILLS LTD ,,,,,,,,,,
NEWLINE,NEW LINE CLOTHINGS LTD,,,,,,,,,,
PRIMETEX,PRIME TEXTILE SPINNING MILLS LTD,,,,,,,,,,
FAREASTFIN,FAREAST FINANCE & INVESTMENT LTD,1.3266313441279,-5.1615,-5.1615,-1.98225481586897,,-1.291576795375298,-1.2872345697237768,-51.62911,42.36196294443127,4.292188802945789
ZEALBANGLA,ZEAL BANGLA SUGAR MILLS LTD,,,,,,,,,,
IFILISLMF1,IFIL ISLAMIC MUTUAL FUND - 1,,,,,,,,,,
REGENTTEX,REGENT TEXTILE MILLS LTD,,,,,,,,,,
ARAMITCEM,ARAMIT CEMENT LTD,2.15489421487603,-8.2929,-8.2929,-6.91209536599764,-6.913925324675324,-11.24454279811098,,-24.80824,201.86760602125145,3.5136335891381343
SHURWID,SHURWID INDUSTRIES LTD,,,,,,,,,,
FASFIN,FAS FINANCE & INVESTMENT LTD,,,,,,,,,,
PREMIERLEA,PREMIER LEASING & FINANCE LTD,,,,,,,,,,
NURANI,NURANI DYEING & SWEATER LTD ,,,,,,,,,,
ZAHINTEX,ZAHINTEX INDUSTRIES LTD,,,,,,,,,,
TUNGHAI,TUNG HAI KNITTING & DYEING LTD,,,,,,,,,,
MAGURAPLEX,MAGURA MULTIPLEX PLC,,,,,,,,,,
PF1STMF,PHOENIX FINANCE 1ST MUTUAL FUND,,,,,,,,,,
TRUSTB1MF,TRUST BANK 1ST MUTUAL FUND,,,,,,,,,,
EBLNRBMF,EBL NRB MUTUAL FUND,,,,,,,,,,
CAPITECGBF,CAPITEC GRAMEEN BANK GROWTH FUND,,,,,,,,,,
ABB1STMF,AB BANK 1ST MUTUAL FUND,,,,,,,,,,
ICB3RDNRB,ICB AMCL THIRD NRB MUTUAL FUND,,,,,,,,,,
GRAMEENS2,GRAMEEN MUTUAL FUND ONE - GRAMEEN TWO,,,,,,,,,,
LIBRAINFU,LIBRA INFUSIONS LTD,,,,,,,,,,
SONARGAON,SONARGAON TEXTILES LTD,,,,,,,,,,
SEMLIBBLSF,SEML IBBL SHARIAH FUND,,,,,,,,,,
AL-HAJTEX,AL-HAJ TEXTILE MILLS LTD,,,,,,,,,,
PRIME1ICBA,PRIME BANK 1ST ICB AMCL MUTUAL FUND,,,,,,,,,,
RELIANCE1,RELIANCE INSURANCE MUTUAL FUND,,,,,,,,,,
ICBEPMF1S1,ICB EMPLOYEES PROVIDENT MUTUAL FUND ONE,,,,,,,,,,
MEGCONMILK,MEGHNA CONDENSED MILK INDUSTRIES LTD,,,,,,,,,,
AIBL1STIMF,AIBL 1ST ISLAMIC MUTUAL FUND,,,,,,,,,,
VAMLBDMF1,VANGUARD AML BD FINANCE MUTUAL FUND ONE,,,,,,,,,,
EXIM1STMF,EXIM BANK 1ST MUTUAL FUND,,,,,,,,,,
SEMLLECMF,SEML LECTURE EQUITY MANAGEMENT FUND,,,,,,,,,,
ANLIMAYARN,ANLIMAYARN DYEING LTD.,,,,,,,,,,
IFIC1STMF,IFIC BANK 1ST MUTUAL FUND,,,,,,,,,,
UNIONINS,UNION INSURANCE CO. LTD,,,,,,,,,,
ICBAMCL2ND,ICB AMCL SECOND MUTUAL FUND,,,,,,,,,,
BDAUTOCA,BANGLADESH AUTOCARS LTD,,,,,,,,,,
LRGLOBMF1,LR GLOBAL BANGLADESH MUTUAL FUND ONE,,,,,,,,,,
1JANATAMF,FIRST JANATA BANK MUTUAL FUND,,,,,,,,,,
NCCBLMF1,NCCBL MUTUAL FUND-1,,,,,,,,,,
TILIL,TRUST ISLAMI LIFE INSURANCE LTD,,,,,,,,,,
CAPMBDBLMF,CAPM BDBL MUTUAL FUND 01,,,,,,,,,,
DULAMIACOT,DULAMIA COTTON SPINNING MILLS LTD,,,,,,,,,,
MBL1STMF,MBL 1ST MUTUAL FUND,,,,,,,,,,
FINEFOODS,FINE FOODS LTD,,,,,,,,,,
VAMLRBBF,VANGUARD AML RUPALI BANK BALANCED FUND,,,,,,,,,,
SHYAMPSUG,SHYAMPUR SUGAR MILLS LTD,,,,,,,,,,
SAFKOSPINN,SAFKO SPINNINGS MILLS LTD,,,,,,,,,,
ICICL,ISLAMI COMMERCIAL INSURANCE PLC.,,,,,,,,,,
BDWELDING,BANGLADESH WELDING ELECTRODES LTD,,,,,,,,,,
MITHUNKNIT,MITHUN KNITTING AND DYEING LTD,,,,,,,,,,
SIPLC,SENA INSURANCE PLC,,,,,,,,,,
FIRSTFIN,FIRST FINANCE LTD,,,,,,,,,,
DELTASPINN,DELTA SPINNERS LTD,,,,,,,,,,
DBH1STMF,DBH FIRST MUTUAL FUND,,,,,,,,,,
NORTHERN,NORTHERN JUTE MANUFACTURING CO LTD,,,,,,,,,,
JUTESPINN,JUTE SPINNERS LTD ,,,,,,,,,,
GREENDELMF,GREEN DELTA MUTUAL FUND,,,,,,,,,,
SONALILIFE,SONALI LIFE INSURANCE COMPANY LTD,,,,,,,,,,
EBL1STMF,EBL FIRST MUTUAL FUND,,,,,,,,,,
MEGHNAINS,MEGHNA INSURANCE COMPANY LTD,,,,,,,,,,
CAPMIBBLMF,CAPM IBBL ISLAMIC MUTUAL FUND,,,,,,,,,,
MEGHNAPET,MEGHNA PET INDUSTRIES LTD,,,,,,,,,,
ACMEPL,ACME PESTICIDES LTD,,,,,,,,,,
HAMI,HAMI INDUSTRIES PLC,,,,,,,,,,
ICBAGRANI1,ICB AMCL FIRST AGRANI BANK MUTUAL FUND,,,,,,,,,,
POPULAR1MF,POPULAR LIFE FIRST MUTUAL FUND,,,,,,,,,,
ASIATICLAB,ASIATIC LABORATORIES LTD,,,,,,,,,,
FBFIF,FIRST BANGLADESH FIXED INCOME FUND,,,,,,,,,,
ISNLTD,INFORMATION SERVICES NETWORK LTD,,,,,,,,,,
1STPRIMFMF,PRIME FINANCE FIRST MUTUAL FUND,,,,,,,,,,
ICBSONALI1,ICB AMCL SONALI BANK LTD 1ST MUTUAL FUND,,,,,,,,,,
EASTERNINS,EASTERN INSURANCE CO LTD,,,,,,,,,,
AZIZPIPES,AZIZ PIPES LTD,,,,,,,,,,
GLDNJMF,ICB AMCL CMSF GOLDEN JUBILEE MUTUAL FUND,,,,,,,,,,
BDTHAIFOOD,BD THAI FOOD & BEVERAGE LTD,,,,,,,,,,
SEMLFBSLGF,SEML FBLSL GROWTH FUND,,,,,,,,,,
