Symbol,Name,Revenue per share TTM,EPS basic TTM,EPS dil TTM,Operating cash flow per share TTM,FCF per share TTM,EBIT per share TTM,EBITDA per share TTM,Book per share FQ,Total debt per share FQ,Cash per share FQ
GP,Grameenphone Ltd.,115.584990340761,21.2193,21.2193,40.9266082349216,28.42876425577071,40.63347560250577,67.20086686038726,41.51043,59.04385818043036,8.510211666130004
SQURPHARMA,Square Pharmaceuticals PLC,94.2259841296814,29.1755,29.1755,32.1303185880515,22.742909864810237,24.44564974887896,26.939582256215154,165.62288,0.40163274561557555,68.61058191472983
ROBI,Robi Axiata PLc,19.7389128497825,2.0036,2.0036,6.90964489236498,2.4663564806957248,3.858846609912727,10.334088847642763,12.532,12.563511598945613,0.36364669040249276
BRACBANK,BRAC Bank PLC,42.223471236863936,9.9098,9.9098,-78.403904215548,-84.2447733311123,,,49.38314,69.37952066398134,57.94676336749613
WALTONHIL,Walton Hi-Tech Industries PLC,211.061639938929,30.1664,30.1664,68.5016013312983,56.3682311823777,36.53410527386739,46.3023682315365,366.80128,76.06289861043255,7.7182163455355655
BATBC,British American Tobacco Bangladesh Co Ltd,149.927522222222,10.777,10.777,26.18265,12.852727777777778,37.71206851851852,50.55443703703704,107.14863,9.319103703703703,24.205185185185183
MARICO,Marico Bangladesh Limited.,664.125415587302,198.4421,198.4421,130.868507396825,119.80997460317461,225.28348761904763,233.4844911111111,146.14271,4.262015873015873,55.339250222222226
BERGERPBL,Berger Paints Bangladesh Ltd.,,,,,,,,,,
UPGDCL,United Power Generation & Distribution Co. Ltd.,56.0732102661455,16.0229,16.0229,11.6175717735285,11.229915020696993,19.54709107769673,25.495047147788522,82.07573,12.478678016468894,2.1114037880626486
BXPHARMA,Beximco Pharmaceuticals Plc,120.880734606141,19.3888,19.3888,23.4673478664686,16.237110288217274,25.40182949402207,30.090742822259628,134.60403,7.091148341420535,11.728969308428672
LHB,LafargeHolcim Bangladesh PLC,25.6318479799995,4.2337,4.2337,3.20226094361547,-0.7685692845583268,5.333463351798539,6.671576370564681,15.98167,0.07488633071100728,2.434199678225825
PUBALIBANK,Pubali Bank PLC,36.17882922329007,7.6655,7.6655,11.5299350971106,8.89454907809377,,,48.90228,61.36351705068873,39.377699428372345
RENATA,Renata PLC,391.761361256179,23.8049,23.8049,41.8075507293129,9.413748485139106,40.71447771083812,57.715539639223344,320.0243,137.3619972623521,9.064526535131694
CITYBANK,City Bank PLC,30.238992924555884,8.8587,8.8587,4.04175028946121,-1.32806901508443,,,37.6004,60.52431880254078,24.843022782403928
DUTCHBANGL,Dutch-Bangla Bank PLC,55.801616807369115,12.8208,12.8208,35.8069239856023,31.6911242263632,,,61.15383,44.10210642981061,68.78080139693934
ISLAMIBANK,Islami Bank Bangladesh PLC,16.36549396881349,-7.7488,-7.7488,-12.7613340321548,-13.6807492973618,,,36.02757,293.1448774813644,70.91050735581034
EBL,Eastern Bank PLC,19.442472650747423,5.6069,5.6069,6.60090281354521,3.44568843177066,,,30.70982,71.29828178154094,18.83032512021661
UNILEVERCL,Unilever Consumer Care Limited,177.507136698689,31.7606,31.7606,45.1984864004008,42.76223936950713,26.07874374595251,28.62430722581209,84.62494,4.711035690082523,135.37604806561768
ICB,Investment Corporation of Bangladesh,7.03428181009017,-17.5667,-17.5667,13.8262985316101,13.423384782991018,-14.858901803840803,-14.666664170680157,29.29673,70.37642577555333,15.713465759162101
PRIMEBANK,Prime Bank PLC,22.846207977872567,7.66,7.66,14.3696783438309,10.4139234563137,,,39.03155,71.46372229308666,20.892191717525197
POWERGRID,Power Grid Co. of Bangladesh Ltd.,35.7574721936002,4.2798,4.2798,20.9911995956704,-92.13798996860596,11.210299714154846,26.524526523347642,2.12354,639.069621543309,42.3096047029476
BSRMSTEEL,BSRM Steels Limited,347.058181001589,16.1364,16.1364,25.2352402550854,21.14262644882,26.67743204261177,32.6536518842141,97.35831,108.43884754590009,18.861223854077313
BSRMLTD,Bangladesh Steel Re-Rolling Mills Ltd.,362.17617806953,21.8098,21.8098,39.4680411643163,33.679089826949095,25.282204047572094,,177.47699,90.29361706319065,9.721660417974768
OLYMPIC,Olympic Industries PLC.,144.328157730158,9.4996,9.4996,12.6959911890276,2.038370364832382,10.594368471173738,13.209204686676108,66.76136,4.759805263694427,31.594300430382514
MJLBD,MJL Bangladesh PLC,124.166018666078,9.1805,9.1805,24.8386607641188,-23.489552854542584,14.138403950924047,20.08022467998287,54.776,100.20427254282417,9.127438092132556
BSCPLC,Bangladesh Submarine Cables PLC,23.079409560437,15.2378,13.6672,16.6946506317274,16.317755934207728,13.75069494957019,16.044780133705714,94.02271,21.98170163435432,35.202669352960164
UTTARABANK,Uttara Bank PLC,17.141670949122233,5.6367,5.6367,9.72058795100664,8.79771128017802,,,27.50135,3.3270439025276697,14.778076516506035
BEACONPHAR,Beacon Pharmaceuticals PLC,,,,,,,,,,
BANKASIA,Bank Asia PLC,20.584995253612433,2.8541,2.8541,5.32927407325256,4.22416144946017,,,26.92447,30.997094515689003,33.366840417097244
JAMUNABANK,Jamuna Bank PLC,21.43976891461274,6.6351,6.6351,-67.4323529687616,,,,30.53797,27.630610692132073,22.24294490895675
MPETROLEUM,Meghna Petroleum PLC,2285.13974414477,64.8434,60.8224,110.049198423793,106.55176247919273,12.043922560854993,13.54308464499937,300.02128,1.4853039201536236,535.8003445001646
KOHINOOR,Kohinoor Chemical Company (Bangladesh) PLC,173.639839111258,17.387,17.0183,12.4123391699663,11.158831411537157,22.308508843625017,,65.27498,8.137360729196665,42.92085310164231
BEXIMCO,Bangladesh Export Import Company Ltd.,,,,,,,,,,
UCB,United Commercial Bank PLC,21.019937655145366,0.2647,0.2647,-27.5770079414147,-28.1389873167391,,,25.84431,52.76750726164862,33.13930997526382
IDLC,IDLC Finance PLC.,49.3684762367851,5.9265,5.9265,10.0604046611239,7.724932473787435,16.3768039934596,17.0291102037394,49.15305,59.84913038935366,24.179047331442888
ALARABANK,Al-Arafah Islami Bank PLC,13.882886339479985,0.7723,0.7723,-0.104972930373078,-0.865987016093082,,,21.78423,63.88346901563578,25.397923109827918
SHAHJABANK,Shahjalal Islami Bank PLC,21.75443535680558,3.6048,3.6048,-1.89325428805478,-3.39890280491902,,,24.33197,42.48696335750521,22.040814983605944
JAMUNAOIL,JAMUNA OIL PLC,14.8040983440284,48.6233,48.6233,-96.8080172805697,-99.11790054027816,1.4999454831622663,2.770198850618431,281.27559,0.0,492.963394823255
PADMAOIL,Padma Oil PLC,32.8652918705829,60.2296,60.2296,-2.57181031784206,-21.50267604235858,6.962219829944698,9.002130144987287,302.86857,1.8676357935617196,487.5240894711795
TITASGAS,Titas Gas Transmission and Distribution PLC,370.180651888585,-4.4352,-4.4352,-6.72728128358502,-7.338662161005219,-6.597254503979907,-4.180709624876849,83.7185,4.568903295867518,30.662083963854617
NCCBANK,National Credit and Commerce Bank PLC,17.468797827891,5.1985,5.1985,3.43212317829464,0.519338540968365,,,26.38633,33.36201468903374,15.94827100198393
BSC,Bangladesh Shipping Corporation,40.9713961460921,18.8322,18.8322,9.17645138454745,,18.219243919298805,21.48749329990014,115.45155,91.79922467650711,65.14585420504035
ACMELAB,ACME Laboratories Ltd.,189.248436581559,12.5983,12.5983,27.0502209434045,14.969429924239739,31.694628729353308,,131.42523,112.26960453058743,12.241042623948674
SUMITPOWER,Summit Power Ltd.,31.2707537827763,0.3947,0.3947,5.97425398913292,5.043713147256246,5.373938183544335,,40.70679,28.12078123054742,3.6477090209804537
ACI,Advanced Chemical Industries PLC,1748.00991168367,-2.4791,-2.4791,-24.9552064623372,-57.31767806721924,128.75942264778212,153.54062767556243,85.77547,923.4405114309136,73.33647190090173
SOUTHEASTB,Southeast Bank PLC,15.181394867054175,2.981,2.981,16.9538315673991,16.2278748953822,,,27.16304,39.14997170158352,23.226982100986504
MTB,Mutual Trust Bank PLC,17.901542125992282,2.7246,2.7246,2.58024957068025,1.5721485931103,,,25.14697,78.24670767570181,24.569851575194356
RECKITTBEN,Reckitt Benckiser (Bangladesh) PLC,1167.62760910053,163.737,163.737,171.776594497355,148.6053544973545,218.9249883597884,260.11017142857145,210.84762,34.232804232804234,323.12465608465607
TRUSTBANK,Trust Bank PLC,21.51954237699475,3.1133,3.1133,6.18281688163845,4.55938707323606,,,30.05783,45.252753619352944,28.910311700810258
BESTHLDNG,Best Holdings PLC,,,,,,,,,,
SAPORTL,Summit Alliance Port Limited,26.0045252333309,2.1273,2.1273,2.42450689959197,0.5725918324258111,5.129620753657738,5.63997038964331,34.85544,15.55131160604336,1.8876021852977884
IPDC,IPDC Finance PLC,26.8447789794152,1.192,1.192,2.13682645433882,2.0509521412336764,5.243542887409686,5.708510331059137,17.00684,40.60379181527516,26.67458390193559
PTL,Paramount Textile PLC,60.3547448898816,6.4031,6.4031,5.88557404911561,-9.859022057808666,11.275586378829745,,46.7463,138.85741497314777,4.399339228128386
RAKCERAMIC,RAK Ceramics (Baneladesh) Limited,18.7262759712888,-0.3801,-0.3803,0.405851641940517,-0.3937703846244588,1.001405170515028,,15.07514,5.517669361059186,0.6597813446175355
UNIQUEHRL,Unique Hotel & Resorts PLC,,,,,,,,95.4382,29.78484304347826,7.501216243206522
DHAKABANK,Dhaka Bank PLC,18.631472726358954,2.5091,2.5091,-7.57106869855111,-9.47115364523676,,,23.45619,54.89575347551408,18.45449777978174
BATASHOE,Bata Shoe Co. (Bangladesh) Ltd.,707.898998976608,17.8401,17.8401,93.2459704678362,80.9042850877193,50.492324561403514,107.92484210526315,215.08127,175.40823150584794,54.920043786549705
HEIDELBCEM,Heidelberg Materials Bangladesh PLC,241.804554684854,-2.3582,-2.3582,12.1068257975866,12.10682579758663,-1.9102329445320103,6.031263859741276,70.85845,5.002603374865806,19.440803573862045
NBL,National Bank PLC,-8.632886123457494,-11.6005,-11.6005,,,,,-14.49078,33.669163012460665,2.1838258955832255
RELIANCINS,Reliance Insurance PLC,24.0491870248545,9.5492,9.5492,5.24057455777345,4.198664854044348,,,84.68138,0.0,
LINDEBD,Linde Bangladesh Limited,,,,,,,,210.25392,,
ENVOYTEX,Envoy Textiles Ltd.,105.362030514521,8.262,8.262,18.3452712817731,13.064820843015807,17.05145171245267,21.153729685629216,61.20659,59.185676056055804,0.9618034107383354
NATLIFEINS,National Life Insurance PLC,286.106520042239,87.0543,87.0543,90.2552816373671,88.3045159302796,,,4.72131,0.0,
SPCL,Shahjibazar Power Co Ltd,73.2610991569923,5.0652,5.0652,7.52993500903322,7.820705299636001,6.8389436819415,9.418956687132598,41.61824,12.063016360426237,2.974950987541346
IBNSINA,BN SINA Pharmaceutical Industry PLC,431.302372320602,25.2514,25.2514,26.7238646460605,-55.01782523520717,35.246879307578475,42.16809303222062,138.96433,114.35356861736955,12.089762017706844
SQUARETEXT,Square Textiles PLC,119.984355428589,3.6803,3.6803,10.6486140875631,8.369707430089429,10.965203090462962,16.313635755277513,54.20166,74.03805592338735,4.709651461075173
DELTALIFE,Delta Life Insurance Company Ltd.,116.121340985859,16.4144,16.4144,-21.4102415030303,-22.246490747474745,,,43.90752,0.19101560404040405,
CROWNCEMNT,Crown Cement PLC,230.327735757576,2.6654,2.6654,20.4514586262626,7.024511313131313,13.406429023569023,21.705323905723905,62.27632,93.49523470707071,3.3466185454545454
MALEKSPIN,Malek Spinning Mills PLC,117.893793181818,5.6728,5.6728,14.5468051756198,2.0423424586776857,10.098836260330579,13.334942613636365,64.14757,43.87787012396694,5.031179535123967
DESCO,Dhaka Electric Supply Co. Ltd.,21.1296429871721,-0.72,-0.72,20.7290344640963,11.404617313441642,3.168329202385803,9.337664135076015,24.41071,103.82935785032609,51.63470918430214
IFIC,IFIC Bank PLC,-8.85556986391155,-16.1307,-16.1307,-13.4020460306543,-13.5397179365556,,,-3.69131,5.926894731712893,20.84181073185511
CITYGENINS,City Insurance PLC,12.3918279963176,4.4754,4.4754,4.43741712342093,4.394493352577692,,,26.30153,0.0,
EHL,Eastern Housing Ltd.,33.7487083341114,8.9346,8.9346,-3.17979719846835,-3.2396031318305303,7.2459070263669725,7.96710301605055,94.14867,0.2316878306471896,46.30552444431689
GPHISPAT,GPH Ispat Limited,91.3718592540597,-1.3541,-1.3541,-5.81251699582802,-14.751493053732343,11.627808308453513,16.082130259894647,51.44018,144.86382539393946,6.379105738634718
ONEBANKPLC,One Bank PLC,10.312455953534007,0.2108,0.2108,2.03915604990761,1.59948190292699,,,22.99113,23.562451139643372,19.82233112276104
LANKABAFIN,LankaBangla Finance PLC,,,,,,,,,,
DBH,DBH Finance PLC,42.3477740848341,5.3619,5.3619,6.54131109427849,6.203144366197495,8.751693207129875,9.226447344517771,50.79073,26.064232652118857,65.98432454893053
RUPALIBANK,Rupali Bank PLC,8.40631811930622,-13.1921,-13.1921,-6.30679576674265,-7.53522804450247,,,22.42568,28.904850526681415,79.8206330588255
DAFODILCOM,Daffodil Computers PLC.,10.6606822788356,0.0494,0.0494,1.17874459386353,0.9982959698360295,1.3743418400873115,1.6582003436349968,13.15482,3.986118621512285,0.9972493532751532
MERCANBANK,Mercantile Bank PLC,10.23519893517245,-0.4913,-0.4913,-18.3218902722163,-18.5260920237218,,,24.19116,28.23853571898603,19.052320541527294
SONALIPAPR,Sonali Paper & Board Mills Ltd.,83.5399109879112,7.2046,7.2046,5.96067838495868,4.224086686043497,9.6914101689145,11.680594143217515,153.1846,48.91759491553061,34.49048759412148
ACIFORMULA,ACI Formulations PLC,118.039794899471,7.4633,7.4633,-9.22394074074074,-14.42321566137566,13.810084021164021,14.886779047619047,81.26612,89.54501587301588,2.8525714285714283
SHARPIND,Sharp Industries PLC,11.5018091734535,-2.5357,-2.5357,0.999553488026672,0.46452974231924016,-1.3851501028783426,,7.92439,9.790383028776379,1.3198220118483341
SINGERBD,Singer Bangladesh Limited,218.55969956442,-20.1842,-20.1842,-5.29667458412769,-25.614263658171897,5.501591238556319,16.158140653930033,-2.54814,243.72058527561674,12.905972365601068
PREMIERBAN,The Premier Bank PLC,-1.3020174414553227,-10.0922,-10.0922,-2.52980891232296,-2.65870964520238,,,10.44242,56.63516095065196,17.12292511186354
NRBCBANK,NRBC Bank PLC,12.124676995232582,0.2094,0.2094,8.00965081578143,7.84326438781295,,,16.94525,16.36857386563135,16.505508325067133
PIONEERINS,Pioneer Insurance PLC,22.2233369328379,5.2587,5.2587,4.34706235535501,4.199790677565174,,,47.2817,0.0,
GREENDELT,Green Delta Insurance PLC,29.4099101437042,5.144,5.144,7.99881907243482,,,,70.42776,0.0,
FINEFOODS,Fine Foods Limited,,,,,,,,,,
DOMINAGE,Dominage Steel Building Systems Ltd,0.976610428849903,-0.2264,-0.2264,0.660115682261209,0.14495867446393762,-0.06013908382066278,,16.97161,0.5870327290448343,0.08062801169590644
IFADAUTOS,IFAD Autos PLC,39.3386253928652,-0.3219,-0.3219,2.9667409098837,2.9472731154327882,1.5998831793360133,1.9672202281516782,35.7913,110.22707898935347,11.253061976792576
ORIONPHARM,Orion Pharma Ltd.,16.0652313290598,-3.1063,-3.1063,2.93124023076923,1.1320956410256409,-0.5695178205128205,1.8922000427350427,85.46132,115.55170398717948,1.4309368846153845
MATINSPINN,Matin Spinning PLC,88.868294963586,4.1972,4.1972,3.84136018053134,1.121144937942353,10.47541358088009,14.97408913734742,68.26031,59.2217976612986,4.662657544363524
PRAGATIINS,Pragati Insurance PLC,20.6718080067393,6.005,6.005,4.16990103954145,4.168729156061785,,,57.42827,0.6195103269599728,
JHRML,JMI Hospital Requisite Manufacturing Ltd,12.7055608196139,0.9758,0.9758,1.35076224646456,,2.2644440936254626,3.3326189608897847,34.47727,9.123552581717323,4.140958889371664
ITC,IT Consultants PLC,12.0961692418162,3.3184,3.3184,3.19310732220308,-1.0312536957784777,3.514638673322764,,24.75319,11.18652875097136,3.358267085904682
DOREENPWR,Doreen Power Generations & Systems Ltd.,75.065130215206,4.31,4.31,5.4399483740242,-0.06261439274082169,15.097518949720216,20.979326172037673,56.25733,82.16408250511635,0.29157736000175927
KEYACOSMET,Keya Cosmetic Ltd.,,,,,,,,,,
RUNNERAUTO,Runner Automobiles PLC,104.018897906333,1.3372,1.3372,6.00563815733129,3.8402378116625964,19.184841505806084,20.726653068631396,66.1985,103.56557960594868,16.798466745602774
CONFIDCEM,Confidence Cement PLC,50.1055452867636,10.4201,10.4201,3.06161565770038,3.044042006733849,3.3775428302918633,,94.81617,70.00668668588361,3.252978008270709
FEKDIL,Far East Knitting & Dyeing Industries PLC.,43.2621116701665,-0.7323,-0.7323,-0.235239438677431,-3.808617921983393,0.03558910833788572,0.9201604736704048,19.23473,6.187743686207757,2.0348140385418545
LOVELLO,Taufika Foods and Lovello Ice-cream PLC,16.0750262184874,3.176,3.116,5.68143934810288,2.5910786860198627,4.899637280366692,,13.45073,22.087822602495542,1.2888736541889485
STANDBANKL,Standard Islami Bank PLC,4.499696447811168,0.4129,0.4129,-4.67415332464369,-4.74170193053203,,,17.45325,29.73178624816349,13.44490938060287
GQBALLPEN,G.Q. Ball Pen Industries Limited,,-0.012,-0.012,,,,,,,
PRAGATILIF,Pragati Life Insurance PLC,221.809141131489,50.5664,50.5664,43.2976098918096,35.912902732159644,,,11.23499,0.0,
CVOPRL,CVO Petrochemical Refinery PLC,41.557300225926,6.2318,6.2318,9.09394826447272,8.978055423819052,8.07887935926007,9.043290680439284,31.90222,7.110814336433726,4.469078824021668
PREMIERCEM,Premier Cement Mills PLC,213.32255922238,2.6067,2.6067,5.73715224276909,-8.457965670934092,29.414720056899,38.48602389758179,65.49826,247.2723512280702,17.00130520625889
BNICL,Bangladesh National Insurance Company Ltd,25.2796621694915,5.781,5.781,8.28519306214689,7.910214237288135,,,34.2643,0.0,
BPML,Bashundhara Paper Mill Ltd.,21.2789659359577,-31.0559,-31.0559,-20.6405363081143,-21.60622674162648,-12.195021387733359,-3.9425856420627756,34.39598,172.0819092638745,0.30855527574571406
NTC,National Tea Company Limited,,,,,,,,,,
NRBBANK,NRB Bank PLC,,,,,,,,13.07656,11.983689160470973,20.840661557295007
KPCL,Khulna Power Company Ltd.,0.0,0.8898,0.8898,1.29056281497902,1.2903776147796044,-0.015454369217081248,-0.007924774935558944,19.60968,0.010419719875469956,3.444976891418088
ORIONINFU,Orion Infusion Ltd.,31.8055022750759,1.7442,1.7442,3.27652280773447,3.2406423258427406,3.629584042248042,4.4625447451246965,16.21178,14.520239187495333,0.8823611378523125
EASTRNLUB,Eastern Lubricants Blenders PLC,340.850760057109,42.1078,42.1078,-45.416561686403,-45.63240110859158,32.18316956412195,,162.90921,0.0,188.0973377005123
AMANFEED,Aman Feed PLC,69.6017527242797,0.1466,0.1466,0.949933748388949,0.9096792099588914,4.001398178519726,4.274268537012943,28.17935,43.32405514528473,1.1432567740497088
SEAPEARL,Sea Pearl Beach Resort & Spa Ltd.,6.59230866252588,-2.2287,-2.2287,2.06140983850932,1.7682535817805383,1.8456612008281572,3.3224935817805386,13.66162,51.08322865424431,1.3946220869565218
GENEXIL,Genex Infosys PLC,14.7395342504756,2.1894,2.1894,5.96761842822759,-0.7194188866102398,5.4724251148117276,,23.82136,30.7073251402754,1.840475976338767
MIRAKHTER,Mir Akhter Hossain Ltd,7.48912914065761,1.3659,1.3659,0.0715255390410789,-0.8551373445601388,1.496944723246776,,51.63257,178.83047586531288,2.4915038473424542
ABBANK,AB Bank PLC,-31.514538675720203,-45.4141,-45.4141,-25.1672417653081,-25.640069326788,,,-57.85226,68.62728380246426,9.532205511456
SONALILIFE,Sonali Life Insurance PLC,,,,,,,,,,
APEXFOOT,Apex Footwear Ltd.,999.173410269329,7.8762,7.8762,-33.9308975311003,-60.84256761013026,94.57672769910579,,351.88537,1089.2911430116228,5.064367782988958
TAMIJTEX,Tamijuddin Textile Mills PLC,111.57948979777,6.2835,6.2835,-65.7634288746704,-65.15650384624689,23.215625377972376,,98.56703,210.98170008950387,4.18273301240959
ADNTEL,ADN Telecom Ltd.,31.7124375572936,2.3596,2.3596,6.04819346805386,2.71869606577501,3.681738688682825,6.625658958270309,33.67874,7.872345718051565,4.285032794050505
BBSCABLES,BBS Cables PLC,7.79664897085263,-5.0658,-5.0658,-1.76107078706482,-2.0745091085004126,-1.9658581457888054,,25.35515,15.564486569011244,2.386052453593225
JMISMDL,JMI Syringes & Medical Devices Ltd.,55.6968963817541,-3.0825,-3.0825,2.89126093525419,2.533300838434921,0.8857752195900984,3.0589359861591694,82.93222,0.8472318671812615,6.592644326257652
SHASHADNIM,Shasha Denims PLC,76.5086015114874,0.6655,0.6655,13.1470499109057,5.352547305150866,5.330249650603169,7.2346656961337015,41.72783,28.303596878270223,2.013599160667663
QUASEMIND,Quasem Industries Limited.,17.6557159356416,1.1981,1.1981,1.16259183608035,0.8877349328327616,1.8621112374943272,,27.27553,13.207048945930019,0.22400344153463045
POPULARLIF,Popular Life Insurance Co. Ltd.,,,,,,,,52.58312,0.5271043274086646,
SAIFPOWER,SAIF Powertec Ltd.,,,,,,,,,,
ESQUIRENIT,Esquire Knit Composite PLC,85.8848671923024,-1.0063,-1.0063,-1.63583811369473,-19.41586349817047,4.693831276463521,7.095107674675169,63.62416,51.73945149958783,1.9452955377798806
SAIHAMCOT,Saiham Cotton Mills Ltd.,37.0881080961183,0.9049,0.9049,4.49729568811964,3.505348680893967,2.923607729793312,4.69095876323307,38.40764,19.474075886405643,0.4828548680893967
BPPL,Baraka Patenga Power Ltd.,67.717210780665,3.4882,3.4882,-12.2491269714503,-12.318098030394873,19.49709272186336,23.842989361664742,30.34493,58.103533284058834,4.499686009151869
ECABLES,Eastern Cables Ltd.,10.4147038636364,-4.7113,-4.7113,2.86475215909091,2.7963261363636365,-2.215137121212121,-1.8692617424242424,336.79852,21.218430681818184,1.3885948106060608
NHFIL,National Housing Finance PLC,15.057772371812,0.813,0.813,2.0137687370392,2.0056138098993337,2.622705506969703,2.7070074242828177,17.48576,29.281638866776163,32.86167283130093
EPGL,Energypac Power Generation PLC,13.0174739104118,-12.0309,-12.0309,-5.79713482548591,,0.2486291565451859,2.254443309372723,25.21106,81.04714835596806,1.1973926492702984
KDSALTD,KDS Accessories Ltd.,35.0662933897789,2.1511,2.1511,-2.07644286782176,-2.402136569976091,2.329290941647007,3.530485662452572,28.22755,7.454625750716012,1.2185305565066489
INDEXAGRO,Index Agro Industries Ltd,82.7763175999451,4.9069,4.9069,11.794944350077,8.072187361052553,13.566587178725488,17.6370449479628,83.66069,49.44324805072748,1.1522680707688764
ACMEPL,ACME Pesticides Ltd,,,,,,,,,,
KBPPWBIL,Khan Brothers PP Woven Bag Industries Ltd,2.38771445441352,0.6816,0.6816,0.98351483454654,,0.9303186626141468,1.1049585635185901,12.01959,0.04510805004374139,0.7161226150395764
SAIHAMTEX,Saiham Textile Mills Ltd.,36.9411216011042,0.6235,0.6235,-5.48668701725328,-6.474816949620428,2.723396438923395,4.141649247757074,43.74752,22.632162550724637,0.2568577060041408
UNITEDFIN,United Finance PLC,16.8932762835113,1.1632,1.1632,1.23221174046432,0.985797465607094,4.6641292527212705,5.095592576402491,17.83486,37.14695151832599,16.748932304848957
MONNOCERA,Monno Ceramic Industries Limited.,9.62139953388686,-0.7742,-0.7742,-3.38876112720609,-12.96406400147682,2.13681695019157,4.195547927348824,80.18088,35.248310579088816,0.9242371174009592
ARGONDENIM,Argon Denims Ltd.,37.8216504887377,1.1419,1.1419,3.3481017298136,2.9507165620194935,1.283936927122733,2.123317084772238,23.63279,20.81738141284246,8.725556587413656
ANWARGALV,Anwar Galvanizing Ltd.,21.7811282177673,-5.2252,-5.2252,0.0243869231472542,-0.16684853255101187,-5.260665490004333,-4.246197711073743,5.37423,21.713736505816392,16.90249401399539
LEGACYFOOT,Legacy Footwear Ltd.,2.09291434211436,0.2297,0.2297,-1.26562825702333,-1.3401891087228919,0.15822639657678578,,11.06481,0.03208374284296325,1.9150040923881582
MLDYEING,M.L. Dyeing & Textile Ind. PLC,3.19777302460237,-1.1113,-1.1113,0.0474270706160186,0.2431393777048797,-0.8816739403415395,-0.2543494372963966,12.27352,1.4812036564860172,0.11542318942974329
AFTABAUTO,Aftab Automobiles Ltd.,7.94696983973518,-1.5311,-1.5311,1.33872932581976,1.271531255461237,0.7941900039883464,1.4110644469688023,45.68606,219.2786059253686,2.429683254994706
APEXSPINN,Apex Spinning and Knitting Mills Ltd.,591.545346666667,3.1412,3.1412,5.11942297619047,-11.358340476190476,17.287996428571425,23.839559523809523,68.71631,13.498452380952381,25.236309523809524
GHAIL,Golden Harvest Agro Industries Ltd.,4.44595990520114,-0.2221,-0.2221,0.240229792933086,0.0362748623883322,1.14365896388378,1.499822498506875,12.0406,12.584252306969228,1.238266386377563
FORTUNE,Fortune Shoes Ltd.,8.71693841303394,-1.0633,-1.0633,-1.88371065371376,-1.9017049480938852,0.744083418136791,,13.79076,4.0975638533516925,0.9336770777497543
SPCERAMICS,Shinepukur Ceramics PLC,,,,,,,,,,
ATLASBANG,Atlas Bangladesh Limited,,,,,,,,120.39981,0.06593681525112303,2.6401598654491663
PEOPLESINS,Peoples Insurance PLC,16.9378446320346,5.6354,5.6354,6.25857337662338,4.648348484848484,,,40.88234,0.0,
KAY&QUE,Kay and Que (Bangladesh) Ltd.,65.1481049253337,15.2744,15.2744,2.25194074859192,,17.109900130829914,,111.61108,14.769899939211067,1.820696809074268
CRYSTALINS,Crystal Insurance Company Ltd,16.0076217272727,3.5032,,,4.6907825,,,28.47062,0.3428778181818182,
SANDHANINS,Shandhani Life Insurance Co.Ltd,26.7659237558594,6.0502,6.0502,5.10252487831822,4.95965359932972,,,15.47771,0.09750254590683914,
UNITEDINS,United Insurance Company Limited,13.2366901123595,3.7868,3.7868,6.91560107865169,5.402587865168539,,,34.75937,0.0,
EMERALDOIL,Emerald Oil Industries Ltd.,,,,,,,,,,
EASTERNINS,Eastern Insurance PLC,,,,,,,,48.1831,,
HWAWELLTEX,Hwa Well Textiles (BD)PLC,25.4962585178571,3.338,3.338,1.92423816071429,1.1452946428571429,1.9555208928571428,3.0078675,39.84747,0.0,25.524002660714284
FARCHEM,FAR Chemicals Industries Ltd,17.9069931675426,-3.5707,-3.5707,-6.44049244802978,-7.0529185508411185,-1.9314987675193533,-0.506788906636277,29.26089,22.14033608279773,1.6052888916098884
MAGURAPLEX,Magura Multiplex PLC,38.2723557426453,2.4338,2.4338,3.35038950622459,1.2827059803783205,8.841464646365695,9.442690628076297,75.72629,87.42633550130664,2.6894707083765916
MONNOFABR,Monno Fabrics Ltd.,15.1634527130435,-0.0296,-0.0296,2.35729070434783,1.430478956521739,3.3642554782608696,3.9725930434782613,25.3899,38.0205360173913,0.13085368695652175
PENINSULA,The Peninsula Chittagong PLC,3.09327050194326,0.372,0.372,1.55667846440622,-2.5003042974109015,0.4357031621312785,,27.76207,21.080776316543467,0.9231598222923345
KARNAPHULI,Karnaphuli Insurance PLC,11.5376231894237,2.4656,2.4656,3.18691997678141,2.8619671226872976,,,25.97084,0.0,
BARKAPOWER,Baraka Power Ltd.,4.81939694807558,0.8862,0.8862,-0.32849877418007,-0.3318016294528823,-0.8633599444464218,-0.3301440629170977,23.49666,2.853013429418908,1.201586264419252
ISLAMIINS,Islami Insurance Bangladesh Limited,,,,,,,,25.75421,0.5449372243045494,
DSSL,Dragon Sweater & Spinning Ltd.,,,,,,,,,,
GOLDENSON,Golden Son Limited,0.895471473635917,-2.5167,-2.5167,-1.54709223628388,-3.1973998078795565,-1.4730628070711,-1.1150400875161006,14.7414,28.625815906865583,0.2512111004258481
BDFINANCE,Bangladesh Finance PLC,,,,,,,,-28.83929,21.981539524474314,7.827771217966196
PARAMOUNT,Paramount Insurance PLC.,11.2584095361103,2.0341,2.0341,4.85211621718804,3.992619592993143,,,29.86278,0.11520676053190354,
ACFL,Aman Cotton Fibrous PLC,17.7876865678932,0.2256,0.2256,3.96662561972438,3.947631880818618,0.491969753692462,0.9318887634112026,33.19556,13.888242373184273,9.781207966218869
QUEENSOUTH,Queen South Textile Mills Ltd.,25.9579814250638,0.0717,0.0717,3.06195591641832,2.9332440305494103,1.7828682467404517,2.3972429906116415,16.04799,14.077737589355236,0.2272395412994762
RUPALILIFE,Rupali Life Insurance PLC,76.6520643737192,2.6874,2.6874,5.11403515318531,4.958054904346057,,,29.47527,0.0771377622272311,
ETL,Evince Textiles Ltd.,17.6901988255399,0.6386,0.6386,3.63084776101533,1.622832908829676,1.987764226314873,3.0582474529780566,12.80756,15.722452787574015,0.1945550276471613
EASTLAND,Eastland Insurance PLC,5.65734452888446,1.27,,,,,,22.50068,0.0,
SONALIANSH,Sonali Aansh Industries Limited.,,,,,,,,,,
NPOLYMER,National Polymer Industries PLC,,,,,,,,29.47916,74.28615613016326,4.206910565251393
MEGHNALIFE,Meghna Life Insurance PLC,83.6454434923551,7.723,7.723,,,,,10.03449,0.0,
SHEPHERD,Shepherd Industries PLC,6.99125505457045,-1.6358,-1.6358,1.65818313801965,1.6581831120534647,-0.2310693604779903,0.17392303425213768,12.1464,9.155559913403536,0.2215235138814246
CENTRALINS,Central Insurance PLC,9.24532163744341,1.9213,1.9213,1.92240977075039,1.5834110502164997,,,51.24266,1.8819853629016696,
UNIONINS,Union Insurance PLC,,,,,,,,,,
BDLAMPS,Bangladesh Lamps PLC,193.821081781256,-1.5975,-1.5975,7.92472565931384,5.263638623437565,14.102925974534088,19.097672778661835,46.84353,127.67169848203963,7.480908639035202
NTLTUBES,National Tubes Limited,,,,,,,,136.01888,9.936173724261204,0.1388872081092412
RUPALIINS,Rupali Insurance Company Ltd.,7.10958883400495,0.9951,0.9951,1.58589035673467,0.6784993300303314,,,24.29704,0.0,
SAMORITA,Samorita Hospital Ltd.,19.5668858487795,0.492,0.492,2.18954738422002,0.9930651018625518,0.7601691801947416,1.9027808809885207,48.66515,0.18035955126066602,2.021017759039915
INTRACO,Intraco Refueling Station PLC,12.1276843784327,-0.067,-0.067,-0.107164081822003,-2.7794294879289123,0.786145564817712,,13.43359,4.0739000371264495,0.16993345807290072
NAHEEACP,Nahee Aluminum Composite Panel PLC,4.74086562992246,-7.4232,-7.4232,-0.694591030799227,-1.432649806553993,-7.240632994422483,-6.753498675251785,12.01188,1.916273133357207,0.3659495384446146
AMBEEPHA,Ambee Pharmaceuticals PLC,65.67167625,2.3027,2.3027,-7.66976208333333,-7.6696541666666675,1.8158083333333335,,12.59375,0.10416666666666667,40.77541666666667
PROVATIINS,Provati Insurance PLC,21.9261067303211,2.0721,2.0721,1.19678711950418,1.3301623524390371,,,23.56362,0.8150519902926746,
BGIC,Bangladesh General Insurance Company PLC,11.9102830043836,1.5188,1.5188,0.454709794158523,0.022243958165189034,,,22.04803,6.024287556345405,
SALVO,Salvo Organic Industries PLC,45.6326395115018,0.6155,0.6155,5.65699844668315,2.120172537036359,3.354060629170452,5.241588438072785,16.53404,13.638644621125398,1.2027469198377867
REPUBLIC,Republic Insurance PLC,,,,,,,,20.24707,0.591161190751211,
SSSTEEL,S.S. Steel Ltd,,,,,,,,,,
BENGALWTL,Bengal Windsor Thermoplastics PLC,10.8733398705671,0.5636,0.5636,1.1496358498404,0.9765889413616687,0.9365020333202152,1.7305059250513795,26.32303,0.7640763150990424,2.178309993878176
LRBDL,Lub-rref (Bangladesh) Ltd,2.58112482748239,-6.894,-6.894,-3.35763432661579,-2.3621742861749127,-2.5314244781151256,-1.2563447401000905,30.49617,28.31928619639355,1.7366334826792238
WMSHIPYARD,Western Marine Shipyard Limited,,,,,,,,,,
BBS,Bangladesh Building Systems PLC,2.31265176749538,-0.6471,-0.6471,-0.901834498188247,-0.902920831521893,0.20333409617752213,0.4650848473433637,10.8623,7.580068169632366,0.09267957248785279
MHSML,Mozaffar Hossain Spinning Mills Ltd.,28.6148895570119,0.8319,0.8319,-1.89443889655573,-1.7135987554985537,5.718965879880397,7.6332736442689795,20.19965,43.65709705866446,2.4914682422631014
STANDARINS,Standard Insurance PLC,,,,,,,,23.98292,0.6914164052450134,
TAKAFULINS,Takaful Islami Insurance PLC,,,,,,,,18.65241,,
PRIMEINSUR,Prime Islami Insurance PLC,14.5573385142114,2.2105,2.2105,-1.49020551600296,-1.5834535665563483,,,21.23009,0.0,
AGNISYSL,Agni Systems PLC,9.52072548129318,0.543,0.543,1.73634097280078,0.5084598430965066,1.54879861942038,2.35877786970959,17.51856,0.6424944820698418,0.5633791668669712
RINGSHINE,Ring Shine Textiles Ltd.,,,,,,,,,,
EIL,Express Insurance Ltd.,6.80793996833987,1.624,1.624,1.12728660734411,1.0315749397860015,,,20.78816,0.0,
IBP,Indo-Bangla Pharmaceuticals Ltd.,2.08337949450067,-0.1238,-0.1238,-0.00056222107417623,-0.005381257623476985,-0.03319955329357182,,12.556,0.1561555630507274,0.01360996151135365
WATACHEM,Wata Chemicals Ltd.,65.3752840422657,0.938,0.938,22.0862855670975,21.424437302506213,13.601565526413754,16.02325041365837,60.9099,91.97416839589336,12.910796797164982
ASIAPACINS,Asia Pacific General Insurance PLC,13.8828805194805,2.6421,2.6421,2.81221147579693,2.0867456906729633,,,26.45941,0.0,
SIMTEX,Simtex Industries PLC,27.6626940198954,1.1211,1.1211,3.26991201914091,2.638509513510589,1.8865411298175707,2.9257167573580682,22.38738,7.749385934844637,1.9752222556733536
FEDERALINS,Federal Insurance PLC,,,,,,,,,,
NITOLINS,Nitol Insurance PLC,10.2931792395759,2.0636,2.0636,0.324388874703267,7.0303983938612,,,32.08198,0.0,
BDTHAI,Bangladesh Thai Aluminium Ltd.,0.497559996947766,-2.8068,-2.8068,-1.52904621982739,-1.676256238982119,-1.0836489069675075,-0.4296324209891978,26.30696,16.791216647981514,0.05768184370603854
PHENIXINS,Phoenix Insurance PLC,12.8476095329156,2.2909,2.2909,1.13195209646268,0.8993434861685607,,,35.02556,1.1703841883008428,
FUWANGCER,Fu-Wang Ceramic Industry Ltd.,6.87510125278371,-0.0362,-0.0362,-4.21054418407261,-8.635703768865623,1.538323587432992,,12.01182,55.76565865159167,2.276656299458895
ASIAINS,Asia Insurance PLC,11.5824840601814,2.4161,2.4161,2.622117236895,2.611231374439243,,,25.63521,0.14768300342015053,
AOL,Associated Oxygen Ltd,,,,,,,,,,
AL-HAJTEX,Alhaj Textile Mills Limited,,,,,,,,13.67797,11.582685043766748,14.210675501800589
RDFOOD,Rangpur Dairy and Food Products Limited,16.430270012529,-0.0039,-0.0039,0.546154934988511,-0.9979126267954245,1.378595449208937,,17.36037,7.302390137483429,0.45732712668009545
AAMRANET,aamra networks ltd,,,,,,,,,,
SUNLIFEINS,Sunlife Insurance Co. Ltd.,4.83952790060818,-0.1604,-0.1604,-0.607786734540077,-0.6077080727469185,,,14.53684,3.2100432905517207,
RAHIMTEXT,Rahim Textile Mills Ltd.,97.9097598725031,2.5613,2.5613,22.2769775689101,24.363317460003678,15.07676948582738,22.434938887487032,27.59772,104.377461062913,3.4574033823332133
SILVAPHL,Silva Pharmaceuticals Ltd.,2.4148755970696,-1.1296,-1.1296,-0.0759255238095238,-0.10206153846153847,-1.0340238095238095,-0.6303049816849817,14.75551,0.01794767032967033,0.6860247765567765
BDCOM,BDCOM Online Ltd.,13.1715483993618,0.7321,0.7321,2.60976250147666,1.409698597179933,0.8063656115440203,1.770958071107115,14.47795,2.437273460102277,7.946697365727293
EGEN,eGeneration PLC,5.33268132,0.7329,0.7329,0.40995684,0.1876786666666667,0.9700770666666667,,23.7205,1.5554893333333333,0.2976592666666667
SILCOPHL,Silco Pharmaceuticals Ltd.,3.9372410723747,0.3298,0.3298,0.705105956245725,0.16582677468764148,0.6454751606346393,,23.26818,0.01240690897530995,0.27553752637105394
PHARMAID,Pharma Aids Limited.,158.878056089744,24.8865,24.8865,21.832017948718,3.642160256410256,33.332006410256405,36.37904487179487,154.63518,0.0,12.549969871794872
GLOBALINS,Global Insurance PLC,13.7925731860289,2.0948,2.0948,1.60618207893945,1.5114696739572087,,,16.30759,1.809331939526279,
DHAKAINS,Dhaka Insurance Limited,7.55847967601246,1.6918,1.6918,1.87217779439252,1.8162726479750777,,,37.86653,0.08223107788161994,
AMCLPRAN,Agricultural Marketing Co. Ltd.,480.043448875,4.825,4.825,23.482222625,8.1673475,35.41614,38.83427125,94.49962,119.492375,3.835875
MERCINS,Mercantile Islami Insurance PLC,7.99308788695581,1.5583,1.5583,0.188423579707885,,,,22.21046,0.24663179516309877,
PURABIGEN,Purabi General Insurance Co. Ltd.,4.29866804094335,1.266,1.266,1.70189742273417,1.630708782850594,,,15.49572,0.08406268650833856,
ICBIBANK,ICB Islamic Bank Limited,-0.6654210478886563,-1.5092,-1.5092,-1.22426197712871,-1.23524925368846,,,-22.71697,10.993289066398596,0.45549235349418826
NORTHRNINS,Northern Islami Insurance PLC,7.71164202599035,1.5321,1.5321,-2.17781610807468,-2.184693385975789,,,26.37489,0.0,
AIL,Alif Industries Ltd.,,,,,,,,,,
UTTARAFIN,Uttara Finance and Investments Limited,,,,,,,,,,
YPL,Yeakin Polymer Ltd.,,,,,,,,,,
CLICL,Chartered Life Insurance PLC,23.8986097066667,62.1152,62.1152,0.993938986666667,0.9691759999999999,,,10.0,0.5624197066666666,
JANATAINS,Janata Insurance PLC,10.1675191163317,1.1559,1.1559,1.16605481864556,1.212706951446609,,,15.93263,0.0,
APEXTANRY,Apex Tannery Limited.,36.5863622047244,-17.7205,-17.7205,-27.0023366141732,-28.57987532808399,0.8942145669291338,,218.11232,176.60287303149605,1.7279225721784777
NAVANACNG,Navana CNG Limited,57.0781619634022,0.0134,0.0134,-1.123150597307,-1.461725189910967,7.794546704388292,10.535694970927075,27.36429,177.39750427687815,3.289143580330845
SINOBANGLA,Sinobangla Industries Ltd.,93.0616444957914,1.4334,1.4334,0.154991318699455,-0.8844386862518567,5.669899983495626,8.06866116520878,20.33926,8.657270176596798,1.5618088793530285
COPPERTECH,Coppertech Industries Ltd,28.7949682081807,0.6944,0.6944,0.748920680708181,0.6112838827838828,2.652751068376068,3.3671753663003665,14.54837,11.545011645299146,0.8201624236874238
APEXFOODS,Apex Foods Limited,496.696680695847,7.3358,7.3358,7.50809097923682,6.551316989337822,14.484452160493829,17.10865951178451,157.32148,11.594241021324354,75.11661756453424
ISLAMICFIN,Islamic Finance & Investment PLC,,,,,,,,2.33255,0.8321002486555121,9.610434025121526
RENWICKJA,Renwick Janeswar and Co. (BD) Limited,,,,,,,,,,
GENNEXT,Generation Next Fashions Ltd.,,,,,,,,,,
NFML,National Feed Mill Ltd,1.26010206324837,0.0167,0.0167,-0.117522872747606,-0.1221227325353698,0.20626357012674756,0.30868488968729707,10.98258,7.131738941491447,0.10308084319798207
GHCL,Global Heavy Chemicals Ltd.,1.16060080555556,-3.8768,-3.8768,-3.83766440277778,-4.261495,-1.9060956944444445,-0.749463611111111,69.42524,15.308955833333332,0.37127181944444443
RANFOUNDRY,Rangpur Foundry Limited,153.7037829,3.824,3.824,4.1437231,4.143723,9.478598,10.030023,35.9357,11.6879,1.1514
VFSTDL,VFS Thread Dyeing Ltd.,,,,,,,,20.35078,2.092551533525911,0.04140086875309925
RAHIMAFOOD,Rahima Food Corporation Ltd.,2.50014009859901,0.1192,0.1192,1.37793547064529,1.3779352206477935,0.10785392146078539,0.49053559464405355,9.12561,0.0,1.8878069219307807
CONTININS,Continental Insurance PLC,8.44883949796152,1.7269,1.7269,1.12196709962117,0.39907405593095535,,,23.7085,0.0,
TOSRIFA,Tosrifa Industries PLC,62.6391168096784,0.5363,0.5363,1.61353868317067,0.6695850503757294,3.175631520544496,5.039952271908912,31.37426,31.98868903960161,6.044216793321834
SONARBAINS,Sonar Bangla Insurance Ltd.,9.36666820713405,0.4119,0.4119,1.61305294702153,1.564129137912035,,,20.54155,0.34484912382567806,
FAREASTLIF,Fareast Islami Life Insurance Company Limited,,,,,,,,,,
DACCADYE,Dacca Dyeing and Manufacturing Company Limited,,,,,,,,,,
GBBPOWER,GBB POWER Ltd.,,,,,,,,20.37687,0.0,6.820308512233777
MONNOAGML,Monno Agro & General Machinery Ltd.,22.2707374298223,-0.5812,-0.5812,-1.99726697719405,-4.477087242196818,0.0339184811065538,1.4092316447043083,110.68316,16.31063647205981,0.5832715187480001
ALIF,Alif Manufacturing Company Ltd.,,,,,,,,,,
MAKSONSPIN,Maksons Spinning Mills PLC,,,,,,,,,,
KTL,Kattali Textile Ltd.,,,,,,,,,,
ACTIVEFINE,Active Fine Chemicals Ltd.,,,,,,,,,,
HAKKANIPUL,Hakkani Pulp & Paper Mills PLC,54.0769853157895,0.1058,0.1058,0.994253052631579,-1.2019384210526316,5.791622631578948,8.26757105263158,24.32109,43.27978136842105,8.521683315789474
DSHGARME,Desh Garments Limited.,,,,,,,,156.10384,29.539924872791204,2.5108761197354066
ALLTEX,Alltex Industries Limited,11.6141482811607,-0.0127,-0.0127,2.19235486349342,-0.7364077687249856,2.9518256861063463,4.1944234205260145,26.70558,55.0698434819897,0.2545204402515723
LIBRAINFU,Libra Infusions Ltd.,,,,,,,,,,
ADVENT,Advent Pharma Ltd.,4.92099349131087,0.5052,0.5052,0.433813130275186,-0.021447132035168903,1.1021454841462184,,16.72368,0.8337513281581819,0.009629600471722444
GEMINISEA,Gemini Sea Food PLC,,,,,,,,,,
HFL,Hamid Fabrics PLC,,,,,,,,,,
DGIC,Desh General Insurance Company Ltd,2.506703125,0.5536,0.5536,0.248588525,0.24979075,,,11.83636,1.7475657999999998,
BEACHHATCH,Beach Hatchery Ltd,,,,,,,,,,
SALAMCRST,S. Alam Cold Rolled Steels Limited,,,,,,,,,,
ARAMIT,Aramit Limited,,,,,,,,,,
CENTRALPHL,Central Pharmaceuticals Ltd.,,,,,,,,6.73677,2.2410088446455356,0.0103249523016716
APOLOISPAT,Appollo Ispat Complex Ltd.,,,,,,,,,,
SKTRIMS,SK Trims & Industries Ltd.,,,,,,,,,,
DESHBANDHU,Deshbandhu Polymer Limited,1.70742320356098,-4.8735,-4.8735,0.204495906878742,,-1.8523547974705512,-1.2934137698677508,11.65677,22.05359667498572,0.22059072616949524
PRIMELIFE,Prime Life Insurance Company Limited,131.23250827402,13.6573,13.6573,-3.90978724603321,-4.093280096513034,,,4.97597,0.0,
OIMEX,Oimex Electrode Ltd.,35.4458968140029,-0.4831,-0.4831,-6.89090797166102,-7.186919531167508,6.24714357425522,,3.41975,75.03469685432867,4.681191259230837
OAL,Olympic Accessories Ltd,,,,,,,,,,
ZEALBANGLA,Zeal Bangla Sugar Milla Limited,,,,,,,,-1201.09667,811.578,5.061166666666667
AAMRATECH,Aamra Technologies Limited,,,,,,,,,,
FUWANGFOOD,Fu-Wang Foods Limited,,,,,,,,,,
USMANIAGL,Usmania Glass Sheet Factory Limited,,,,,,,,,,
AGRANINS,Agrani Insurance PLC,4.00484925912647,0.6891,0.6891,1.11194169206227,1.062743300715645,,,19.00886,1.5685968160203902,
PDL,Pacific Denims Ltd.,,,,,,,,,,
KPPL,Khulna Printing & Packaging Ltd,,,,,,,,,,
MIRACLEIND,Miracle Industries Limited,13.9286486434302,-3.0729,-3.0729,-2.23956249145502,-2.2395626334276555,-1.0855182093389315,,8.91556,23.482625176205783,0.06369996866663988
PHPMF1,PHP First Mutual Fund Units 2010-,,,,,,,,,,
BANGAS,Bangas Limited,,,,,,,,21.23647,4.364245775179245,1.0341143841095248
SAMATALETH,Samata Leather Complex (Pvt.) Ltd.,,,,,,,,,,
MEGHNACEM,Meghna Cement Mills PLC,6.05146216047407,-59.7645,-59.7645,-40.7667315952974,-43.142885091518984,-7.10686663798537,-0.37277581451241953,-81.40416,449.24082314055136,1.241672056281188
FAMILYTEX,Familytex (BD) Ltd.,,,,,,,,,,
PRIMEFIN,Prime Finance and Investment Ltd.,,,,,,,,,,
REGENTTEX,Regent Textile Mills Ltd.,,,,,,,,,,
MIDASFIN,MIDAS Financing PLC,,,,,,,,-24.87014,19.411490036795314,7.572969876742782
UNIONCAP,Union Capital Limited,1.36871592411603,-3.339,-3.339,-1.54079160768298,,-3.5969146842259283,-3.4569807893772175,-66.43042,60.02280155515804,11.010958317709827
AFCAGRO,AFC Agro Biotech Ltd.,,,,,,,,,,
STYLECRAFT,Stylecraft Limited,10.199593942995,-1.2355,-1.2355,-1.1254531050253,-1.1254534651326096,1.2796470948342604,2.470186355533949,4.56173,107.21374868110698,3.2382654350996596
INTECH,Intech Ltd.,,,,,,,,,,
RSRMSTEEL,Ratanpur Steel Re-Rolling Mills Ltd,,,,,,,,,,
CNATEX,C & A Textiles Ltd,,,,,,,,,,
BAYLEASING,Bay Leasing and Investment Ltd.,,,,,,,,-21.23566,29.101817921638126,1.6772276570718168
TALLUSPIN,Tallu Spinning Mills Limited,,,,,,,,12.28095,17.283115182535475,0.006593714975730499
METROSPIN,Metro Spinning Ltd.,,,,,,,,,,
ZAHINTEX,Zahintex Industries Ltd.,,,,,,,,,,
PROGRESLIF,Progressive Life Insurance Co. Ltd.,,,,,,,,,,
PADMALIFE,Padma Islami Life Insurance Ltd.,6.07235344650206,-6.3404,-6.3404,-0.866217618312757,-0.8842993827160494,,,-49.24099,39.609053497942384,
ZAHEENSPIN,Zaheen Spinning PLC,0.00205426822951551,0.5023,0.5023,-0.175637623127479,-0.17563758798685405,-0.4645184757458703,-0.3904349221628127,2.89896,0.2672324002747716,0.004710996120053307
GSPFINANCE,GSP Finance Company PLC,,,,,,,,,,
PHOENIXFIN,Phoenix Finance and Investments Ltd.,,,,,,,,-109.35024,22.929347129612296,3.2331642363057136
PRIMETEX,Prime Textile Spining Mills Ltd.,,,,,,,,,,
FIRSTFIN,First Finance Ltd.,,,,,,,,,,
HRTEX,H.R. Textile Mills Ltd.,,,,,,,,,,
PLFSL,Peoples Leasing and Financial Services Ltd.,,,,,,,,-159.9479,17.139053138961867,5.435298056078547
IFILISLMF1,IFIL Islamic Mutual Fund - 1 Units,,,,,,,,,,
NEWLINE,New Line Clothings Ltd.,,,,,,,,,,
TUNGHAI,Tung Hai Knitting & Dyeing Ltd,,,,,,,,,,
STANCERAM,Standard Ceramic Industries Ltd.,,,,,,,,,,
BIFC,Bangladesh Industrial Finance Company Ltd.,,,,,,,,-136.83887,92.75800901319532,0.17689440709263804
ARAMITCEM,Aramit Cement Limited,,,,,,,,,,
NURANI,Nurani Dyeing & Sweater Ltd.,,,,,,,,,,
SHURWID,Shurwid Industries Ltd,,,,,,,,,,
PREMIERLEA,Premier Leasing & Finance Limited,,,,,,,,-103.17173,62.6796256921005,17.269491888446293
NORTHERN,Northern Jute Manufacturing Co. Ltd.,,,,,,,,,,
SBACBANK,SBAC Bank PLC.,4.68489797852235,0.012,0.012,-1.58169256628601,,,,13.96853,3.9175624322328426,8.098686413530155
ICICL,Islami Commercial Insurance PLC.,,,,,,,,,,
SEMLIBBLSF,SEML IBBL Shariah Fund Units,,,,,,,,,,
AIBL1STIMF,AIBL 1st ISLAMIC Mutual Fund 2010- Units,,,,,,,,,,
ICBAGRANI1,ICB AMCL First Agrani Bank Mutual Fund Units,,,,,,,,,,
GRAMEENS2,Grameen Mutual Fund One - Grameen Two Units,,,,,,,,,,
TILIL,Trust Islami Life Insurance Ltd.,,,,,,,,,,
MONOSPOOL,Monospool Bangladesh PLC,47.8015960177932,3.4535,3.4535,1.95029982254854,-2.054073716781266,11.892288150904164,12.378344221160235,41.8292,97.67584425596314,2.9331241691603647
ABB1STMF,AB Bank 1st Mutual Fund 2011 Units,,,,,,,,,,
JUTESPINN,Jute Spinners Limited,,,,,,,,,,
GREENDELMF,Green Delta Mutual Fund 2010 Units,,,,,,,,,,
TRUSTB1MF,Trust Bank 1st Mutual Fund Units,,,,,,,,,,
LRGLOBMF1,LR Global Bangladesh Mutual Fund One Units,,,,,,,,,,
1JANATAMF,First Janata Bank Mutual Fund Units,,,,,,,,,,
PF1STMF,Phoenix Finance 1st Mutual Fund Units,,,,,,,,,,
EXIM1STMF,EXIM Bank 1st Mutual Fund 2013- Units,,,,,,,,,,
POPULAR1MF,Popular Life First Mutual Fund Units 2010-,,,,,,,,,,
MEGCONMILK,Meghna Condensed Milk Industries Ltd.,,,,,,,,,,
DBH1STMF,DBH First Mutual Fund Units,,,,,,,,,,
ICBAMCL2ND,ICB AMCL Second Mutual Fund Units,,,,,,,,,,
MEGHNAPET,Meghna Pet Industries Ltd.,,,,,,,,,,
SEMLFBSLGF,SEML FBLSL Growth Fund Units,,,,,,,,,,
1STPRIMFMF,Prime Finance First Mutual Fund 2009 Units,,,,,,,,,,
BDTHAIFOOD,BD Thai Food & Beverage Ltd.,,,,,,,,,,
NAVANAPHAR,Navana Pharmaceuticals PLC,97.105432946275,5.6433,5.5907,15.4051201590246,10.979096864038322,13.714714481168448,16.368618926189715,49.08199,36.22606047438734,2.887711117838356
MBL1STMF,MBL 1st Mutual Fund 2010- Units,,,,,,,,,,
MITHUNKNIT,Mithun Knitting & Dyeing (CEPZ) Ltd.,,,,,,,,,,
NCCBLMF1,NCCBL Mutual Fund-1 2012- Dividend Units,,,,,,,,,,
EBL1STMF,EBL First Mutual Fund Units,,,,,,,,,,
ICB3RDNRB,ICB AMCL Third NRB Mutual Fund 2010 Units,,,,,,,,,,
ICBSONALI1,ICB AMCL Sonali Bank Ltd 1st Mutual Fund 2013- Units,,,,,,,,,,
SHYAMPSUG,Shyampur Sugar Mills Ltd.,,,,,,,,,,
ANLIMAYARN,Anlima Yarn Dyeing Ltd.,,,,,,,,,,
VAMLRBBF,Vanguard AML Rupali Bank Balanced Fund Units,,,,,,,,,,
ICBEPMF1S1,ICB Employees Provident Mutual Fund One Scheme One Units,,,,,,,,,,
ISNLTD,Information Services Network Ltd.,,,,,,,,,,
CAPMBDBLMF,CAPM BDBL Mutual Fund 01 Units,,,,,,,,,,
AZIZPIPES,Aziz Pipes Limited.,,,,,,,,,,
SAFKOSPINN,Safko Spinning Mills Limited,,,,,,,,,,
BDWELDING,Bangladesh Welding Electrodes Ltd.,,,,,,,,,,
EBLNRBMF,EBL NRB Mutual Fund,,,,,,,,,,
MEGHNAINS,Meghna Insurance PLC,,,,,,,,,,
IFIC1STMF,IFIC Bank 1st Mutual Fund Units,,,,,,,,,,
SICL,"Sikder Insurance Co., Ltd.",8.752437925,2.0097,2.0097,6.19504715,6.11311125,,,14.30496,0.77361245,
DULAMIACOT,Dulamia Cotton Spinning Mills Limited,,,,,,,,,,
GLDNJMF,ICB AMCL CMSF GOLDEN JUBILEE MUTUAL FUND,,,,,,,,,,
CAPITECGBF,CAPITEC GRAMEEN BDT10 (MUTUAL FUND) Units,,,,,,,,,,
TECHNODRUG,Techno Drugs Ltd.,23.4982874158848,1.5334,1.5334,2.90690331294548,-5.638129593112294,5.233089714837601,,31.38001,21.347780137709165,0.291340650827722
CAPMIBBLMF,CAPM IBBL Islamic Mutual Fund Units,,,,,,,,,,
ASIATICLAB,Asiatic Laboratories Ltd,,,,,,,,,,
PRIME1ICBA,Prime Bank 1st ICB AMCL Mutual Fund Units,,,,,,,,,,
MIDLANDBNK,Midland Bank PLC,6.636031779298493,1.227,1.227,20.34448014348,18.4753722291574,,,15.43019,25.545893919107566,15.918418577096567
HAMI,Hami Industries PLC,,,,,,,,,,
DELTASPINN,Delta Spinners Limited,,,,,,,,,,
BDAUTOCA,Bangladesh Autocars Limited,,,,,,,,,,
RELIANCE1,Reliance Insurance Mutual Fund Reliance One Units,,,,,,,,,,
SIPLC,Sena Insurance PLC,,,,,,,,,,
SONARGAON,Sonargaon Textiles Limited.,,,,,,,,,,
FBFIF,First Bangladesh Fixed Income Fund Units,,,,,,,,,,
