Symbol,Name,Price,Change %,Gap %,Volume,Volume Change %
1JANATAMF,First Janata Bank Mutual Fund Units,3.2,0.0,0.0,13501,-98.21807085481389
1STPRIMFMF,Prime Finance First Mutual Fund 2009 Units,21.7,-0.9132420091324169,0.0,280331,-82.77053355656024
AAMRANET,aamra networks ltd,21.1,0.0,1.8957345971563913,200447,-88.57741205700837
AAMRATECH,Aamra Technologies Limited,14.3,-0.694444444444442,1.388888888888884,82299,-66.74975960955743
ABB1STMF,AB Bank 1st Mutual Fund 2011 Units,3.3,0.0,3.030303030303033,53469,-95.64968000507696
ABBANK,AB Bank PLC,5.9,0.0,0.0,101377,-93.57543103175117
ACFL,Aman Cotton Fibrous Ltd.,19.5,-0.5102040816326603,0.0,4000,-97.20246462866214
ACI,Advanced Chemical Industries PLC,191.5,0.10454783063250843,0.36591740721379434,764,-98.7226002775502
ACIFORMULA,ACI Formulations PLC,156.7,0.1918158567774827,1.1508951406649508,1747,-98.87794883652222
ACMELAB,ACME Laboratories Ltd.,84.0,0.11918951132299678,0.23837902264599356,66728,-94.77001647498106
ACMEPL,ACME Pesticides Ltd,16.5,-0.6024096385542254,0.6024096385542039,519521,-84.50356284334258
ACTIVEFINE,Active Fine Chemicals Ltd.,9.2,3.370786516853921,2.2471910112359472,22973,-96.24614982393359
ADNTEL,ADN Telecom Ltd.,82.6,0.0,0.9685230024213213,118434,-86.18547441722122
ADVENT,Advent Pharma Ltd.,15.8,0.6369426751592447,0.6369426751592447,67607,-90.63574751824525
AFCAGRO,AFC Agro Biotech Ltd.,8.1,2.531645569620244,2.531645569620244,20,-99.99647401880758
AFTABAUTO,Aftab Automobiles Ltd.,38.7,2.9255319148936207,0.0,133499,-77.38182976437959
AGNISYSL,Agni Systems PLC,27.8,-0.35842293906809275,0.0,425262,-94.11372257750358
AGRANINS,Agrani Insuarnce Co. Ltd.,27.6,3.370786516853941,0.7490636704119823,147638,-31.34074315211831
AIBL1STIMF,AIBL 1st ISLAMIC Mutual Fund 2010- Units,4.3,0.0,0.0,19948,-96.35433229160955
AIL,Alif Industries Ltd.,59.3,1.022146507666089,0.5110732538330445,296989,-85.20726534466854
AL-HAJTEX,Alhaj Textile Mills Limited,169.5,2.6650514839491253,1.3930950938825024,56502,-67.32023875624652
ALARABANK,Al-Arafah Islami Bank PLC,17.3,0.0,0.5780346820809125,5049,-79.006237006237
ALIF,Alif Manufacturing Company Ltd.,5.8,1.7543859649122744,1.7543859649122744,79002,-90.9110257970771
ALLTEX,Alltex Industries Limited,11.8,0.0,0.0,2000,-97.8802781075123
AMANFEED,Aman Feed Ltd.,27.6,0.3636363636363688,0.3636363636363688,43855,-97.20472051985634
AMBEEPHA,Ambee Pharmaceuticals PLC,848.4,-1.026598226784889,0.32664489034063865,2426,-83.3424883273826
AMCLPRAN,Agricultural Marketing Co. Ltd.,250.6,0.15987210231814775,0.0,7129,-73.79429495662403
ANLIMAYARN,Anlima Yarn Dyeing Ltd.,23.0,-0.8620689655172384,1.2931034482758652,44390,-24.626016674307643
ANWARGALV,Anwar Galvanizing Ltd.,84.8,3.2886723507917206,0.7308160779537254,182788,-50.40374221276781
AOL,Associated Oxygen Ltd,15.3,1.3245033112582854,2.6490066225165587,9013,-97.2032160068019
APEXFOODS,Apex Foods Limited,250.4,0.84575110753121,2.376157873540063,702,-98.0471249339305
APEXFOOT,Apex Footwear Ltd.,236.0,1.1139674378748905,0.6855184233076239,13331,-86.86730371391981
APEXSPINN,Apex Spinning and Knitting Mills Ltd.,152.0,0.5956320317670455,-0.5956320317670455,6930,-96.0777655148994
APEXTANRY,Apex Tannery Limited.,78.0,0.25706940874036355,1.028277634961436,371,-99.41576643255331
APOLOISPAT,Appollo Ispat Complex Ltd.,3.2,6.666666666666672,0.0,289449,-55.91860790954946
ARAMIT,Aramit Limited,235.0,1.2494614390349013,0.2154243860404998,4344,-88.12108616587821
ARAMITCEM,Aramit Cement Limited,12.3,2.500000000000006,2.500000000000006,1,-99.99858276643991
ARGONDENIM,Argon Denims Ltd.,19.8,0.0,1.0101010101010066,36097,-97.65185346608078
ASIAINS,Asia Insurance PLC,30.0,3.4482758620689653,0.6896551724137907,103121,-66.81929044422851
ASIAPACINS,Asia Pacific General Insurance Company Limited,36.2,1.68539325842697,2.528089887640445,9130,-85.32036337326151
ASIATICLAB,Asiatic Laboratories Ltd,56.1,1.2635379061371892,0.18050541516245744,336233,-77.39883577113358
ATLASBANG,Atlas Bangladesh Limited,63.6,-1.8518518518518454,3.08641975308642,2912,-63.51334419245709
AZIZPIPES,Aziz Pipes Limited.,57.3,0.35026269702275964,0.35026269702275964,100,-99.58314227354204
BANGAS,Bangas Limited,130.0,1.1673151750972763,0.38910505836575876,60381,-71.4575415508537
BANKASIA,Bank Asia PLC,19.2,0.5235602094240727,0.0,240135,-92.76144962118448
BARKAPOWER,Baraka Power Ltd.,11.5,0.0,0.8695652173913012,116652,-94.88455697690175
BATASHOE,Bata Shoe Co. (Bangladesh) Ltd.,884.4,0.7518796992481229,0.0,220,-85.10494245091401
BATBC,British American Tobacco Bangladesh Co Ltd,300.0,0.7725898555592917,0.1007725898555631,57724,-77.40946998900294
BAYLEASING,Bay Leasing and Investment Ltd.,4.8,9.09090909090908,9.09090909090908,438041,173.33487251806463
BBS,Bangladesh Building Systems PLC,11.1,0.0,0.9009009009008978,217150,-85.44994284504374
BBSCABLES,BBS Cables PLC,17.1,-0.5813953488371969,1.7441860465116321,77510,-94.77956791175308
BDAUTOCA,Bangladesh Autocars Limited,142.0,1.9382627422828345,1.9382627422828345,22606,-85.0944864237581
BDCOM,BDCOM Online Ltd.,28.2,-1.052631578947371,0.0,356554,-90.60910423369121
BDFINANCE,Bangladesh Finance PLC,9.9,2.0618556701031037,-2.0618556701030855,1563,-99.3413789325535
BDLAMPS,Bangladesh Lamps PLC,162.4,1.6270337922402967,1.8147684605757053,3,-99.98906745381
BDTHAI,Bangladesh Thai Aluminium Ltd.,13.3,0.0,0.7518796992481176,86352,-96.08033070620955
BDTHAIFOOD,BD Thai Food & Beverage Ltd.,15.6,0.0,0.0,66117,-95.42514141396668
BDWELDING,Bangladesh Welding Electrodes Ltd.,10.0,1.0101010101010066,2.0202020202020132,40329,-65.15883232110305
BEACHHATCH,Beach Hatchery Ltd,57.4,1.2345679012345603,0.5291005291005241,151835,-93.00334683649531
BEACONPHAR,Beacon Pharmaceuticals PLC,137.9,-0.14482259232439437,0.6517016654598159,69199,-92.22429851933673
BENGALWTL,Bengal Windsor Thermoplastics PLC,21.0,0.0,0.0,70244,-91.00425429463488
BERGERPBL,Berger Paints Bangladesh Ltd.,1480.0,0.14209351106298862,0.34508424115298114,113,-99.30000619463544
BESTHLDNG,Best Holdings PLC,18.0,-2.173913043478253,0.0,1036590,-70.97228114538223
BEXIMCO,Bangladesh Export Import Company Ltd.,110.1,0.0,0.0,1,-98.33333333333333
BGIC,Bangladesh General Insurance Company PLC,34.0,0.8902077151335227,1.1869436201780372,6500,-95.49746126084938
BIFC,Bangladesh Industrial Finance Company Ltd.,4.5,0.0,0.0,13340,-76.42901316370704
BNICL,Bangladesh National Insurance Company Ltd,45.0,1.3513513513513546,1.3513513513513546,8100,-95.45612637578395
BPML,Bashundhara Paper Mill Ltd.,37.9,1.0666666666666629,-0.2666666666666705,57167,-91.97293373285892
BPPL,Baraka Patenga Power Ltd.,14.6,-0.6802721088435351,0.680272108843547,300610,-90.37431340013666
BRACBANK,BRAC Bank PLC,79.3,3.6601307189542442,2.091503267973849,676056,-81.79955703360584
BSC,Bangladesh Shipping Corporation,120.0,0.671140939597313,1.0067114093959755,111639,-93.4780360790985
BSCPLC,Bangladesh Submarine Cables PLC,150.6,1.825557809330621,0.06761325219742685,83819,-74.68415218684781
BSRMLTD,Bangladesh Steel Re-Rolling Mills Ltd.,90.1,0.1111111111111048,0.1111111111111048,1637,-96.91858823529412
BSRMSTEEL,BSRM Steels Limited,70.0,0.4304160688665669,-0.2869440459110514,74941,-65.57523140173178
BXPHARMA,Beximco Pharmaceuticals Limited,131.7,1.307692307692299,0.1538461538461451,54111,-95.0417471493551
CAPITECGBF,CAPITEC GRAMEEN BDT10 (MUTUAL FUND) Units,7.1,1.4285714285714235,0.0,190157,-91.11042858171326
CAPMBDBLMF,CAPM BDBL Mutual Fund 01 Units,8.8,3.5294117647058907,1.17647058823529,123414,-50.981840713026074
CAPMIBBLMF,CAPM IBBL Islamic Mutual Fund Units,7.7,0.0,3.896103896103894,3401,-98.08048312450616
CENTRALINS,Central Insurance Company Limited,46.0,1.9955654101995532,2.2172949002217295,55149,-96.12078334164525
CENTRALPHL,Central Pharmaceuticals Ltd.,10.5,1.941747572815527,0.0,89780,-92.5919019206761
CITYBANK,City Bank PLC,25.5,0.39370078740158043,0.39370078740158043,1638000,-83.83937722208563
CITYGENINS,City Insurance PLC,60.9,1.3311148086522415,1.3311148086522415,63510,-78.17593270311227
CLICL,Chartered Life Insurance PLC,58.5,4.464285714285714,1.7857142857142856,380947,-67.13781436924292
CNATEX,C & A Textiles Ltd,3.1,0.0,3.2258064516129057,87920,-91.11358180669615
CONFIDCEM,Confidence Cement PLC,64.1,2.7243589743589673,0.32051282051282504,582512,-24.13558677472836
CONTININS,Continental Insurance PLC,28.5,2.517985611510789,0.7194244604316521,124417,-88.70336119880548
COPPERTECH,Coppertech Industries Ltd,22.8,0.0,0.0,37819,-95.7988271508252
CROWNCEMNT,Crown Cement PLC,53.5,0.18726591760299893,0.0,1909,-95.27650624768032
CRYSTALINS,Crystal Insurance Company Ltd,60.4,2.7210884353741522,0.3401360544217735,534268,-60.498737924517975
CVOPRL,CVO Petrochemical Refinery PLC,171.1,1.784651992861392,0.535395597858421,100331,-73.95947966196715
DACCADYE,Dacca Dyeing and Manufacturing Company Limited,20.0,0.0,3.000000000000007,85451,-90.83197879953437
DAFODILCOM,Daffodil Computers PLC.,60.5,0.3316749585406349,0.0,56885,-88.32618149057947
DBH,DBH Finance PLC,38.4,-0.518134715025914,0.0,7351,-98.57234968984389
DBH1STMF,DBH First Mutual Fund Units,5.8,0.0,0.0,37859,-87.80582862001881
DELTALIFE,Delta Life Insurance Company Ltd.,84.5,2.673147023086273,-0.36452004860266973,55481,-80.98115975812091
DELTASPINN,Delta Spinners Limited,5.8,0.0,0.0,61000,-83.99928652556311
DESCO,Dhaka Electric Supply Co. Ltd.,25.5,0.7905138339920921,1.185770750988145,95264,39.85554054847613
DESHBANDHU,Deshbandhu Polymer Limited,20.8,-0.47846889952152094,0.0,96043,-95.17575495770629
DGIC,Desh General Insurance Company Ltd,23.7,1.282051282051285,0.854700854700867,37615,-85.70386107870003
DHAKABANK,Dhaka Bank PLC,11.8,-0.8403361344537785,0.8403361344537785,162365,-93.16063874196023
DHAKAINS,Dhaka Insurance Limited,39.4,0.7672634271099672,0.5115089514066388,2079,-96.09496797460508
DOMINAGE,Dominage Steel Building Systems Ltd,17.6,1.1494252873563382,0.0,1354816,-80.36173523212102
DOREENPWR,Doreen Power Generations & Systems Ltd.,29.7,1.0204081632653086,0.3401360544217735,19411,-98.4768566325906
DSHGARME,Desh Garments Limited.,140.0,9.976433621366851,2.1209740769835057,330639,7.021269020252665
DSSL,Dragon Sweater & Spinning Ltd.,11.4,1.7857142857142954,0.8928571428571557,172280,-94.641166899283
DULAMIACOT,Dulamia Cotton Spinning Mills Limited,114.9,2.5892857142857193,2.5892857142857193,2,-99.99273467015402
DUTCHBANGL,Dutch-Bangla Bank PLC,42.9,1.179245283018868,0.7075471698113308,155905,-68.88645416736516
EASTERNINS,Eastern Insurance Co. Ltd.,55.3,2.0295202952029414,1.4760147601475961,31600,-80.13016002766686
EASTLAND,Eastland Insurance PLC,22.9,6.018518518518505,3.7037037037036904,243031,-71.29841004025977
EASTRNLUB,Eastern Lubricants Blenders PLC,2653.0,0.7978723404255319,0.9878419452887538,246,-98.05932470810981
EBL,Eastern Bank PLC,25.5,-0.39062500000000555,0.0,109838,-91.23108009608944
EBL1STMF,EBL First Mutual Fund Units,4.2,0.0,0.0,4000,-99.28642021999666
EBLNRBMF,EBL NRB Mutual Fund,3.4,0.0,0.0,110000,-27.96238326631652
ECABLES,Eastern Cables Ltd.,134.0,0.0,0.0,370,-99.37135769747015
EGEN,eGeneration PLC,25.0,-1.5748031496062938,0.0,423522,-87.47332859700879
EHL,Eastern Housing Ltd.,93.5,3.0871003307607463,0.22050716648291382,451111,-55.88471434313247
EIL,Express Insurance Ltd.,34.1,1.1869436201780372,0.2967359050444935,140145,-90.96399524940006
EMERALDOIL,Emerald Oil Industries Ltd.,19.6,1.5544041450777237,1.0362694300518096,22663,-94.03181207700207
ENVOYTEX,Envoy Textiles Ltd.,53.9,0.0,0.18552875695733104,103099,-90.78945252546549
EPGL,Energypac Power Generation PLC,22.3,-2.1929824561403506,-0.8771929824561372,644657,-70.94482709509117
ESQUIRENIT,Esquire Knit Composite PLC,26.2,0.7692307692307665,-0.7692307692307665,17701,-96.45213661508859
ETL,Evince Textiles Ltd.,10.9,-0.909090909090906,3.63636363636364,1862856,-79.53855939664071
EXIM1STMF,EXIM Bank 1st Mutual Fund 2013- Units,4.3,-2.2727272727272845,0.0,100705,-91.687577383409
EXIMBANK,Export Import Bank of Bangladesh PLC,4.4,0.0,0.0,643375,-48.99524497345018
FAMILYTEX,Familytex (BD) Ltd.,2.0,0.0,0.0,76043,-89.38448051059696
FARCHEM,FAR Chemicals Industries Ltd,23.3,0.8658008658008627,1.7316017316017254,117829,-84.8654668201155
FAREASTFIN,Fareast Finance & Investment Ltd.,1.9,0.0,0.0,79902,-94.47726820313191
FAREASTLIF,Fareast Islami Life Insurance Company Limited,28.8,0.3484320557491339,-0.3484320557491215,1190,-98.46708746618576
FASFIN,FAS Finance & Investment Limited,1.7,0.0,0.0,198787,-91.04709051947385
FBFIF,First Bangladesh Fixed Income Fund Units,3.4,3.030303030303033,0.0,5655,-86.29888065125745
FEDERALINS,Federal Insurance PLC,23.0,1.7699115044247724,1.7699115044247724,79097,-80.44921546720978
FEKDIL,Far East Knitting & Dyeing Industries PLC.,19.0,0.0,0.5263157894736916,243115,-94.7834537327761
FINEFOODS,Fine Foods Limited,292.0,1.4946124435175572,1.3208202989224926,12431,-92.8991277425841
FIRSTFIN,First Finance Ltd.,2.8,3.7037037037036904,3.7037037037036904,80379,-66.98485589067653
FIRSTSBANK,First Security Islami Bank PLC,2.9,-3.333333333333336,0.0,90224,-93.02752775689083
FORTUNE,Fortune Shoes Ltd.,16.4,1.2345679012345634,1.8518518518518563,92282,-87.86622101722728
FUWANGCER,Fu-Wang Ceramic Industry Ltd.,13.6,0.740740740740738,0.740740740740738,75380,-97.51678099971801
FUWANGFOOD,Fu-Wang Foods Limited,15.3,0.0,0.0,89445,-95.41609054970014
GBBPOWER,GBB POWER Ltd.,6.7,0.0,1.4925373134328304,37651,-83.85670797067273
GEMINISEA,Gemini Sea Food PLC,198.0,2.219927723283434,1.652039235931862,20657,-84.6703573972928
GENEXIL,Genex Infosys PLC,26.3,-0.7547169811320728,0.0,174935,-88.94875624153477
GENNEXT,Generation Next Fashions Ltd.,2.8,3.7037037037036904,0.0,513896,-81.30673453865033
GHAIL,Golden Harvest Agro Industries Ltd.,13.6,0.0,0.0,91406,-93.02255992647451
GHCL,Global Heavy Chemicals Ltd.,23.9,1.271186440677954,-6.3559322033898304,46877,-91.50252511519818
GIB,Global Islami Bank PLC,2.3,-4.1666666666666705,0.0,203436,-83.2185483890925
GLDNJMF,ICB AMCL CMSF GOLDEN JUBILEE MUTUAL FUND,7.0,1.4492753623188355,0.0,94670,-85.27178817013598
GLOBALINS,Global Insurance PLC,29.2,1.388888888888884,2.430555555555553,27401,-94.6480958463708
GOLDENSON,Golden Son Limited,12.1,0.0,0.0,211675,-93.45227857921482
GP,Grameenphone Ltd.,310.0,-0.12886597938143599,0.19329896907217228,10176,-93.67010655569447
GPHISPAT,GPH Ispat Limited,20.7,-0.9569377990430589,0.4784688995215379,250585,-87.86977379114043
GQBALLPEN,G.Q. Ball Pen Industries Limited,398.0,-0.050226017076842946,0.3264691109995006,2442,-96.83903954436606
GRAMEENS2,Grameen Mutual Fund One - Grameen Two Units,13.6,0.0,0.0,31832,-93.20710104629252
GREENDELMF,Green Delta Mutual Fund 2010 Units,3.7,0.0,0.0,1111,-99.70405768610937
GREENDELT,Green Delta Insurance PLC,53.5,0.7532956685499032,4.5197740112994325,3573,-96.76964387425751
GSPFINANCE,GSP Finance Company PLC,3.6,0.0,2.77777777777778,14506,-96.54560651919729
HAKKANIPUL,Hakkani Pulp & Paper Mills PLC,82.4,1.7283950617284023,-0.4938271604938342,111790,-89.09514797978812
HAMI,Hami Industries PLC,107.5,-0.830258302583031,1.4760147601475961,15011,-90.94697609340699
HEIDELBCEM,Heidelberg Materials Bangladesh PLC,259.1,-1.707132018209408,-1.2139605462822631,1130,-97.37166515479264
HFL,Hamid Fabrics PLC,8.7,1.1627906976744147,1.1627906976744147,1000,-99.2717474420129
HRTEX,H.R. Textile Mills Ltd.,32.0,0.9463722397476363,0.9463722397476363,310012,-82.85440914986049
HWAWELLTEX,Hwa Well Textiles (BD)PLC,49.3,0.20325203252031365,-0.40650406504065617,7792,-93.55351115229334
IBNSINA,BN SINA Pharmaceutical Industry PLC,334.6,4.139433551198261,2.552131963896666,82257,-45.383742007449754
IBP,Indo-Bangla Pharmaceuticals Ltd.,13.8,-0.7194244604316521,0.7194244604316521,1323352,-66.07783054295383
ICB,Investment Corporation of Bangladesh,52.3,0.5769230769230715,0.3846153846153901,18494,-94.28355943781432
ICB3RDNRB,ICB AMCL Third NRB Mutual Fund 2010 Units,4.7,2.1739130434782727,2.1739130434782727,500,-99.72177706552706
ICBAGRANI1,ICB AMCL First Agrani Bank Mutual Fund Units,6.7,-2.898550724637684,2.898550724637671,168968,1.9322534913884113
ICBAMCL2ND,ICB AMCL Second Mutual Fund Units,5.8,0.0,0.0,4000,-93.63148593354455
ICBEPMF1S1,ICB Employees Provident Mutual Fund One Scheme One Units,4.8,0.0,2.0833333333333446,60712,206.75020210185932
ICBIBANK,ICB Islamic Bank Limited,2.6,4.0000000000000036,4.0000000000000036,26798,-89.94238961136445
ICBSONALI1,ICB AMCL Sonali Bank Ltd 1st Mutual Fund 2013- Units,5.1,-1.9230769230769333,0.0,7580,-99.1173730787145
ICICL,Islami Commercial Insurance PLC.,23.3,2.1929824561403506,0.8771929824561372,89230,-77.69311343938041
IDLC,IDLC Finance PLC.,40.2,-0.4950495049504845,0.9900990099009866,155646,-84.2728282253656
IFADAUTOS,IFAD Autos PLC,25.1,0.0,0.0,86002,-92.52155221139515
IFIC,IFIC Bank PLC,6.0,0.0,0.0,262516,-94.17810626781252
IFIC1STMF,IFIC Bank 1st Mutual Fund Units,3.5,2.941176470588238,0.0,85466,-86.45097980155076
IFILISLMF1,IFIL Islamic Mutual Fund - 1 Units,4.3,0.0,0.0,9520,-97.43054093590928
ILFSL,International Leasing and Financial Services Ltd.,2.1,5.000000000000004,0.0,62233,-66.98409498445574
INDEXAGRO,Index Agro Industries Ltd,77.8,0.12870012870012137,1.287001287001287,7815,-96.32209332423464
INTECH,Intech Ltd.,34.1,10.000000000000005,3.225806451612903,1567544,20.420333910259217
INTRACO,Intraco Refueling Station PLC,26.9,-0.3703703703703756,0.0,615712,-90.24273052427067
IPDC,IPDC Finance PLC,19.1,0.0,0.0,369206,-92.01291412053597
ISLAMIBANK,Islami Bank Bangladesh PLC,43.6,0.4608294930875642,-2.995391705069118,108454,-86.1512667707784
ISLAMICFIN,Islamic Finance & Investment PLC,7.6,1.3333333333333286,2.6666666666666687,18213,-84.02550586336646
ISLAMIINS,Islami Insurance Bangladesh Limited,41.2,0.9803921568627592,0.9803921568627592,3000,-92.99180040647558
ISNLTD,Information Services Network Ltd.,108.0,3.250478011472281,-4.397705544933073,446205,-70.61008743763276
ITC,IT Consultants PLC,44.8,0.9009009009008978,0.0,244532,-91.86106577129026
JAMUNABANK,Jamuna Bank PLC,21.3,0.0,0.0,839961,-88.38460041792489
JAMUNAOIL,Jamuna Oil Company Limited,191.0,-0.052328623757192216,0.20931449502878371,414,-99.54038811670145
JANATAINS,Janata Insurance PLC,26.5,1.5325670498084236,1.1494252873563109,17986,-88.2051282051282
JHRML,JMI Hospital Requisite Manufacturing Ltd,57.8,-0.5163511187607647,0.34423407917383086,39893,-94.446478463451
JMISMDL,JMI Syringes & Medical Devices Ltd.,160.0,2.105934907466504,0.0,485,-99.57583761139729
JUTESPINN,Jute Spinners Limited,213.0,3.5488575595527525,3.5488575595527525,1,-99.9625468164794
KARNAPHULI,Karnaphuli Insurance PLC,33.0,2.1671826625387087,0.928792569659456,155994,-81.62240362288193
KAY&QUE,Kay and Que (Bangladesh) Ltd.,382.1,3.5220807369276614,2.95312923327011,69333,-68.79099015561067
KBPPWBIL,Khan Brothers PP Woven Bag Industries Ltd,125.6,4.579517069109076,0.33305578684430115,684002,-55.46583640644207
KDSALTD,KDS Accessories Ltd.,45.9,0.2183406113537149,0.8733624454148596,94368,-93.4843038614448
KEYACOSMET,Keya Cosmetic Ltd.,4.9,2.0833333333333446,2.0833333333333446,76506,-95.14810746638187
KOHINOOR,Kohinoor Chemical Co. (Bangladesh) Ltd.,564.4,1.5655929458340707,0.0,9996,-67.24341329138812
KPCL,Khulna Power Company Ltd.,11.3,0.0,0.0,31616,-96.69041869092744
KPPL,Khulna Printing & Packaging Ltd,16.5,0.6097560975609843,0.6097560975609843,24930,-95.68482800759526
KTL,Kattali Textile Ltd.,14.1,0.0,0.7092198581560258,124473,-96.86023739231683
LANKABAFIN,LankaBangla Finance PLC,16.7,1.2121212121212077,0.6060606060606146,530383,-79.33425651591828
LEGACYFOOT,Legacy Footwear Ltd.,73.7,3.366058906030864,0.2805049088359086,214232,-54.17497326203209
LHB,LafargeHolcim Bangladesh PLC,57.8,0.17331022530328305,0.17331022530328305,64436,-92.6441998700897
LIBRAINFU,Libra Infusions Ltd.,806.9,-0.689230769230772,4.615384615384616,12685,-57.00582971800434
LINDEBD,Linde Bangladesh Limited,969.0,0.08262755629001803,0.18591200165254643,851,-95.03963627885288
LOVELLO,Taufika Foods and Lovello Ice-cream PLC,103.9,0.5808325266214991,0.6776379477250754,415145,-88.41877155204278
LRBDL,Lub-rref (Bangladesh) Ltd,14.5,0.694444444444442,0.0,20111,-95.47232084362386
LRGLOBMF1,LR Global Bangladesh Mutual Fund One Units,3.6,2.85714285714286,2.85714285714286,1,-99.99972630559076
MAGURAPLEX,Magura Multiplex PLC,112.0,1.3574660633484164,2.0814479638009025,65630,-89.76472753246186
MAKSONSPIN,Maksons Spinning Mills PLC,6.6,1.538461538461533,3.0769230769230793,66524,-83.96355133428152
MALEKSPIN,Malek Spinning Mills PLC,33.9,0.2958579881656847,0.2958579881656847,213590,-95.36399548532731
MARICO,Marico Bangladesh Limited.,2934.0,0.520761956968611,0.7263258873509598,134,-93.09278350515464
MATINSPINN,Matin Spinning PLC,56.0,-0.3558718861210015,-0.3558718861210015,31820,-90.63729370121139
MBL1STMF,MBL 1st Mutual Fund 2010- Units,4.6,2.2222222222222143,2.2222222222222143,10,-99.99186813365536
MEGCONMILK,Meghna Condensed Milk Industries Ltd.,18.2,0.0,2.7472527472527473,408,-98.79307794704926
MEGHNACEM,Meghna Cement Mills PLC,49.3,1.2320328542094339,-1.0266940451745379,1560,-96.79638566587946
MEGHNAINS,Meghna Insurance Company Ltd,27.9,3.717472118959108,1.4869888475836512,252974,-35.338637984403
MEGHNALIFE,Meghna Life Insurance PLC,65.1,2.68138801261829,1.7350157728706648,151288,-85.25590297945993
MEGHNAPET,Meghna Pet Industries Ltd.,26.2,0.38314176245209913,-1.5325670498084372,40680,-50.32845734938582
MERCANBANK,Mercantile Bank PLC,9.6,-1.0309278350515427,0.0,60143,-96.89164667837798
MERCINS,Mercantile Islami Insurance PLC,27.2,3.422053231939158,0.0,4079,-94.44391473132193
METROSPIN,Metro Spinning Ltd.,11.6,0.8695652173913012,1.7391304347826024,5501,-97.89071277113793
MHSML,Mozaffar Hossain Spinning Mills Ltd.,18.0,0.0,1.1111111111111072,143119,-92.28288035199628
MIDASFIN,MIDAS Financing PLC,6.7,0.0,-1.4925373134328437,2122,-95.57243307530202
MIDLANDBNK,Midland Bank PLC,19.0,0.5291005291005366,0.0,118882,-91.67934667732393
MIRACLEIND,Miracle Industries Limited,29.3,0.3424657534246624,1.0273972602739752,11616,-94.20414232183575
MIRAKHTER,Mir Akhter Hossain Ltd,32.1,1.2618296529968522,0.0,91949,-95.30300661928244
MITHUNKNIT,Mithun Knitting & Dyeing (CEPZ) Ltd.,19.9,-2.9268292682926895,2.4390243902439024,117110,-83.86861273650919
MJLBD,MJL Bangladesh PLC,98.8,0.30456852791877886,0.6091370558375577,39826,-92.42478711000284
MLDYEING,M.L. Dyeing & Textile Ind. PLC,10.1,0.0,0.0,71921,-96.26452721372507
MONNOAGML,Monno Agro & General Machinery Ltd.,389.0,0.855587243972002,1.7630282603059402,2029,-96.2748769919953
MONNOCERA,Monno Ceramic Industries Limited.,91.0,0.5524861878453038,0.44198895027624935,16366,-95.87733263471847
MONNOFABR,Monno Fabrics Ltd.,19.2,0.0,0.0,339939,-90.90658612379588
MONOSPOOL,Monospool Bangladesh PLC,120.0,1.6088060965283708,0.25402201524133056,24945,-92.62283446403539
MPETROLEUM,Meghna Petroleum Limited,210.0,-0.047596382674914,-0.23798191337458352,4121,-93.75180047001743
MTB,Mutual Trust Bank PLC,13.3,0.0,0.7518796992481176,21050,-96.57336897246648
NAHEEACP,Nahee Aluminum Composite Panel PLC,22.8,-0.4366812227074143,0.8733624454148596,114945,-91.79195869736752
NATLIFEINS,National Life Insurance PLC,126.0,3.4482758620689684,0.16420361247947687,70412,-80.28955972589242
NAVANACNG,Navana CNG Limited,22.5,-0.8810572687224639,-0.8810572687224639,12922,-87.34390456508751
NAVANAPHAR,Navana Pharmaceuticals PLC,63.6,0.31545741324921583,0.31545741324921583,87031,-93.74678020001738
NBL,National Bank Limited,3.5,-2.77777777777778,0.0,14871,-93.90465338377606
NCCBANK,National Credit and Commerce Bank PLC,12.2,0.8264462809917326,0.0,133796,-92.42658292262261
NCCBLMF1,NCCBL Mutual Fund-1 2012- Dividend Units,5.0,0.0,0.0,33500,-37.84786641929499
NEWLINE,New Line Clothings Ltd.,6.3,1.6129032258064457,0.0,2712,-98.8222367946775
NFML,National Feed Mill Ltd,10.0,-0.9900990099009866,2.9702970297029774,4300,-97.74273475558542
NHFIL,National Housing Finance PLC,25.8,0.7812499999999972,1.5624999999999944,18048,-98.47815125058393
NITOLINS,Nitol Insurance Co. Ltd.,28.4,2.158273381294956,2.517985611510789,901,-99.34934103628814
NORTHERN,Northern Jute Manufacturing Co. Ltd.,116.3,1.838879159369522,0.17513134851138604,4884,-18.89737628694786
NORTHRNINS,Northern Islami Insurance PLC,32.5,0.0,0.9230769230769144,16128,-71.26619038286803
NPOLYMER,National Polymer Industries PLC,34.0,0.8902077151335227,0.8902077151335227,159295,-84.61412898072408
NRBBANK,NRB Bank PLC,9.0,-1.098901098901095,0.0,396132,-85.92759031671909
NRBCBANK,NRBC Bank PLC,6.6,0.0,0.0,206394,-86.76744388822782
NTC,National Tea Company Limited,218.5,1.8648018648018647,3.4965034965034967,5021,-90.61197015874203
NTLTUBES,National Tubes Limited,84.5,0.0,0.23668639053254772,46460,-95.24729706643862
NURANI,Nurani Dyeing & Sweater Ltd.,2.7,0.0,3.7037037037036904,11700,-95.93210438845969
OAL,Olympic Accessories Ltd,7.3,1.388888888888884,0.0,13410,-97.96773841565432
OIMEX,Oimex Electrode Ltd.,25.0,0.8064516129032229,0.8064516129032229,235187,-90.80689583465256
OLYMPIC,Olympic Industries PLC.,170.7,0.4708652148322442,0.05885815185402844,19056,-95.44065748705005
ONEBANKPLC,One Bank PLC,7.9,0.0,1.265822784810122,7183,-99.67174172933568
ORIONINFU,Orion Infusion Ltd.,552.9,3.34579439252336,2.3925233644859727,127976,-70.78260234285284
ORIONPHARM,Orion Pharma Ltd.,40.4,1.507537688442215,0.5025125628140775,942014,-77.25063248097726
PADMALIFE,Padma Islami Life Insurance Ltd.,21.0,-0.47393364928910625,0.0,12031,-92.70344359132977
PADMAOIL,Padma Oil PLC,201.1,-0.5440158259149329,0.39564787339268614,525,-98.58707645934817
PARAMOUNT,Paramount Insurance PLC.,47.8,2.1367521367521367,2.1367521367521367,25421,-89.88476567162992
PDL,Pacific Denims Ltd.,6.5,1.5624999999999944,1.5624999999999944,16795,-96.72890097305215
PENINSULA,The Peninsula Chittagong PLC,12.9,8.403361344537814,0.8403361344537785,388141,-38.42266999401902
PEOPLESINS,Peoples Insurance Company Limited,36.0,1.4084507042253522,1.1267605633802777,23150,-93.10544059659532
PF1STMF,Phoenix Finance 1st Mutual Fund Units,5.0,0.0,0.0,12000,-97.96927856928906
PHARMAID,Pharma Aids Limited.,620.8,0.0,0.016108247422684078,45,-99.78588761478802
PHENIXINS,Phoenix Insurance Co. Ltd.,28.5,1.4234875444839807,2.135231316725971,14454,-85.83441138421733
PHOENIXFIN,Phoenix Finance and Investments Ltd.,3.5,0.0,2.85714285714286,68564,-91.40026088701585
PHPMF1,PHP First Mutual Fund Units 2010-,3.3,0.0,0.0,1002,-99.45962562086427
PIONEERINS,Pioneer Insurance Co Ltd,47.5,1.7130620985010645,0.0,35270,-81.92514848846683
PLFSL,Peoples Leasing and Financial Services Ltd.,1.5,7.1428571428571495,0.0,168937,-94.42743463483116
POPULAR1MF,Popular Life First Mutual Fund Units 2010-,3.2,-3.0303030303030196,0.0,817510,-29.403342484160206
POPULARLIF,Popular Life Insurance Co. Ltd.,52.4,3.1496062992126013,1.968503937007874,350215,-66.85883053210023
POWERGRID,Power Grid Co. of Bangladesh Ltd.,34.1,-1.1594202898550683,-0.28985507246377223,12002,-96.08968761810434
PRAGATIINS,Pragati Insurance Limited,59.3,0.8503401360544218,0.17006802721088676,9065,-94.58013213356851
PRAGATILIF,Pragati Life Insurance PLC,166.8,0.12004801920769333,0.840336134453785,15481,-95.69929215143736
PREMIERBAN,The Premier Bank PLC,6.5,1.5624999999999944,0.0,72335,-97.78757746231602
PREMIERCEM,Premier Cement Mills PLC,51.5,-0.9615384615384616,-0.9615384615384616,181656,-66.87913883135448
PREMIERLEA,Premier Leasing & Finance Limited,2.0,5.263157894736848,5.263157894736848,6101,-97.39215552173988
PRIME1ICBA,Prime Bank 1st ICB AMCL Mutual Fund Units,5.0,0.0,-1.9999999999999927,600,-98.33036509349955
PRIMEBANK,Prime Bank PLC,28.6,0.3508771929824611,0.0,38311,-96.61043791538968
PRIMEFIN,Prime Finance and Investment Ltd.,2.9,0.0,0.0,22500,-96.57917982415464
PRIMEINSUR,Prime Insurance Company Limited,36.2,2.2598870056497296,2.2598870056497296,5000,-97.1499253280436
PRIMELIFE,Prime Life Insurance Company Limited,46.3,3.1180400890868567,2.0044543429844066,61977,-68.41501760751798
PRIMETEX,Prime Textile Spining Mills Ltd.,14.4,1.4084507042253596,1.4084507042253596,11106,-84.40847383863768
PROGRESLIF,Progressive Life Insurance Co. Ltd.,63.9,0.15673981191222794,0.3134796238244559,9495,-93.36617061412701
PROVATIINS,Provatee Insurance Company Limited,35.2,1.1494252873563382,0.0,38785,-85.46632541791107
PTL,Paramount Textile PLC,56.1,-0.5319148936170163,0.17730496453900962,109725,-88.489402592389
PUBALIBANK,Pubali Bank PLC,29.9,0.673400673400671,0.0,170144,-86.16412857771334
PURABIGEN,Purabi General Insurance Co. Ltd.,18.8,0.0,0.0,1802,-97.95661492056652
QUASEMIND,Quasem Industries Limited.,46.2,0.6535947712418394,0.21786492374727978,261010,-86.55062516585639
QUEENSOUTH,Queen South Textile Mills Ltd.,14.3,0.0,-0.6993006993007091,31592,-97.26809695523214
RAHIMAFOOD,Rahima Food Corporation Ltd.,155.8,2.0969855832241264,0.9174311926605542,178454,-77.50252767839359
RAHIMTEXT,Rahim Textile Mills Ltd.,201.9,4.018547140649155,0.9788768675940267,17029,-75.58531305108318
RAKCERAMIC,RAK Ceramics (Baneladesh) Limited,24.8,-0.4016064257028027,0.8032128514056338,121684,-94.50762781825756
RANFOUNDRY,Rangpur Foundry Limited,167.2,1.7650639074862917,2.251978088861831,96,-99.82454857811244
RDFOOD,Rangpur Dairy and Food Products Limited,26.6,0.3773584905660431,1.1320754716981158,45393,-98.25335895468577
RECKITTBEN,Reckitt Benckiser (Bangladesh) PLC,3430.1,-0.27039599930220914,1.4711868349130635,272,-88.72305140961856
REGENTTEX,Regent Textile Mills Ltd.,3.6,2.85714285714286,-5.71428571428572,10,-99.99363507329213
RELIANCE1,Reliance Insurance Mutual Fund Reliance One Units,14.4,2.1276595744680904,2.1276595744680904,28400,-96.40125043875601
RELIANCINS,Reliance Insurance Ltd.,66.1,1.0703363914372914,2.2935779816513757,501,-99.50570754856597
RENATA,Renata PLC,517.9,-2.0056764427625398,0.0,33592,-85.28112731351655
RENWICKJA,Renwick Janeswar and Co. (BD) Limited,666.0,-0.11997600479903338,-0.11997600479903338,5,-85.29411764705883
REPUBLIC,Republic Insurance Co. Limited,35.1,1.4450867052023122,0.28901734104046656,58944,-88.71476955300578
RINGSHINE,Ring Shine Textiles Ltd.,3.1,3.333333333333336,3.333333333333336,419034,-54.31163911958367
ROBI,Robi Axiata PLc,28.9,0.3472222222222148,0.0,1297980,-88.7144872568252
RSRMSTEEL,Ratanpur Steel Re-Rolling Mills Ltd,9.4,3.2967032967033045,0.0,3520,-97.59753201015589
RUNNERAUTO,Runner Automobiles PLC,31.3,0.6430868167202549,0.0,11159,-97.8869972411103
RUPALIBANK,Rupali Bank PLC,22.3,1.3636363636363669,1.3636363636363669,30971,-96.3355778229752
RUPALIINS,Rupali Insurance Company Ltd.,24.1,0.8368200836820203,0.0,22172,-95.40352841180008
RUPALILIFE,Rupali Life Insurance Co. Ltd.,99.2,4.973544973544977,0.0,366087,-25.179190042613204
SAFKOSPINN,Safko Spinning Mills Limited,15.2,-1.9354838709677464,-0.6451612903225784,12950,-97.29169585849058
SAIFPOWER,SAIF Powertec Ltd.,7.0,4.477611940298504,4.477611940298504,653888,-53.42538736913782
SAIHAMCOT,Saiham Cotton Mills Ltd.,18.5,0.543478260869573,0.543478260869573,365207,-92.24172470037104
SAIHAMTEX,Saiham Textile Mills Ltd.,16.5,0.0,0.0,44050,-95.14822422803897
SALAMCRST,S. Alam Cold Rolled Steels Limited,18.5,1.092896174863384,0.0,78780,-91.10491860289186
SALVOCHEM,Salvo Chemical Industry Ltd.,32.5,0.6191950464396374,-0.30959752321979667,179262,-94.0583328251076
SAMATALETH,Samata Leather Complex (Pvt.) Ltd.,107.6,1.9905213270142126,-0.47393364928909953,15273,-93.98324147793303
SAMORITA,Samorita Hospital Ltd.,73.9,0.9562841530054683,1.7759562841530014,6871,-95.3728458580539
SANDHANINS,Shandhani Life Insurance Co.Ltd,23.8,2.1459227467811157,0.429184549356214,141493,-83.02058870471282
SAPORTL,Summit Alliance Port Limited,29.0,0.0,1.0344827586206922,287576,-86.19592573018654
SBACBANK,SBAC Bank PLC.,7.9,0.0,0.0,60146,-87.68469073515922
SEAPEARL,Sea Pearl Beach Resort & Spa Ltd.,59.6,0.8460236886632826,0.5076142131979647,117316,-94.09345666406874
SEMLFBSLGF,SEML FBLSL Growth Fund Units,5.1,1.9999999999999927,1.9999999999999927,11000,-95.08138079055625
SEMLIBBLSF,SEML IBBL Shariah Fund Units,6.7,-1.4705882352941124,0.0,52179,-58.23942760188239
SEMLLECMF,SEML Lecture Equity Management Fund Units 2015,7.1,1.4285714285714235,0.0,107515,-93.3506748278065
SHAHJABANK,Shahjalal Islami Bank PLC,18.9,0.5319148936170099,0.5319148936170099,69751,-90.43702511427419
SHARPIND,Sharp Industries PLC,19.5,1.0362694300518096,0.5181347150258957,55616,-94.66812899415771
SHASHADNIM,Shasha Denims PLC,21.1,0.476190476190483,2.380952380952381,99355,-93.7985449316033
SHEPHERD,Shepherd Industries PLC,19.4,0.0,0.0,138491,-95.55471744140512
SHURWID,Shurwid Industries Ltd,6.2,5.0847457627118615,1.6949152542372818,25560,-75.9954921111946
SHYAMPSUG,Shyampur Sugar Mills Ltd.,171.9,3.7417018708509464,0.0,33435,-55.67589781660547
SIBL,Social Islami Bank PLC,5.5,0.0,0.0,4893,-95.80737757593934
SICL,"Sikder Insurance Co., Ltd.",23.6,6.787330316742081,1.3574660633484033,347557,-27.98253629810133
SILCOPHL,Silco Pharmaceuticals Ltd.,16.5,-0.6024096385542254,0.0,86530,-95.68568147834588
SILVAPHL,Silva Pharmaceuticals Ltd.,12.5,-0.7936507936507908,-0.7936507936507908,62991,-96.52328407833994
SIMTEX,Simtex Industries PLC,19.4,-0.5128205128205201,1.538461538461542,62188,-97.39398228990794
SINGERBD,Singer Bangladesh Limited,115.0,0.26155187445509775,0.0,7472,-94.93917802281163
SINOBANGLA,Sinobangla Industries Ltd.,58.4,0.5163511187607525,0.6884681583476739,817605,-78.87476242004446
SIPLC,Sena Insurance PLC,50.5,1.609657947686111,1.0060362173038229,4109,-96.89753327846697
SKTRIMS,SK Trims & Industries Ltd.,9.5,1.0638297872340388,1.0638297872340388,200,-99.85473878401837
SONALIANSH,Sonali Aansh Industries Limited.,236.3,1.0260795211628926,0.04275331338178466,48314,-82.65113022245363
SONALILIFE,Sonali Life Insurance Company Ltd,79.7,6.26666666666667,5.200000000000007,182090,56.011172418520175
SONALIPAPR,Sonali Paper & Board Mills Ltd.,280.0,-0.638750887154014,0.35486160397444994,74470,-89.28490750373021
SONARBAINS,Sonar Bangla Insurance Ltd.,30.0,1.694915254237288,0.33898305084746244,65227,-85.1584116062327
SONARGAON,Sonargaon Textiles Limited.,37.7,0.533333333333341,0.2666666666666705,50984,-95.05788930850775
SOUTHEASTB,Southeast Bank PLC,9.1,0.0,1.098901098901095,121722,-97.24618834567687
SPCERAMICS,Shinepukur Ceramics Limited.,20.4,0.49261083743841316,0.0,151207,-94.54424549181422
SPCL,Shahjibazar Power Co Ltd,49.2,0.6134969325153462,0.0,170284,-93.02907553908977
SQUARETEXT,Square Textiles PLC,56.2,-0.35460992907800665,0.35460992907801925,9007,-96.9388414022805
SQURPHARMA,Square Pharmaceuticals PLC,224.5,0.17849174475680754,0.4016064257028138,15511,-93.51853012581849
SSSTEEL,S.S. Steel Ltd,5.5,0.0,0.0,19030,-95.97638690961988
STANCERAM,Standard Ceramic Industries Ltd.,86.3,4.353083434099147,4.836759371221282,1600,-89.56499054327269
STANDARINS,Standard Insurance Ltd.,43.8,1.3888888888888755,0.46296296296295303,7200,-94.97816898461366
STANDBANKL,Standard Bank PLC,6.4,-1.538461538461533,0.0,44324,-93.11888719843512
STYLECRAFT,Stylecraft Limited,83.5,2.203182374541,2.5703794369644974,12198,-92.47260071090048
SUMITPOWER,Summit Power Ltd.,14.9,-0.6666666666666643,0.0,29031,-97.5281784758846
SUNLIFEINS,Sunlife Insurance Co. Ltd.,59.0,3.690685413005275,0.175746924428825,103873,-74.42068350727193
TAKAFULINS,Takaful Islami Insurance PLC,34.8,1.754385964912264,0.877192982456132,5002,-85.41052938602888
TALLUSPIN,Tallu Spinning Mills Limited,6.2,0.0,-3.2258064516129057,6655,-95.79959226695784
TAMIJTEX,Tamijuddin Textile Mills PLC,136.8,1.1086474501108647,1.2564671101256382,1057,-96.76530893288857
TECHNODRUG,Techno Drugs Ltd.,37.5,0.0,0.2666666666666705,180177,-94.18745995706817
TILIL,Trust Islami Life Insurance Ltd.,83.3,-0.951248513674194,0.4756242568371055,273858,-84.71285740362292
TITASGAS,Titas Gas Transmission and Distribution PLC,23.0,0.4366812227074298,0.4366812227074298,7500,-97.75528406131966
TOSRIFA,Tosrifa Industries Ltd,21.3,0.0,1.4084507042253553,113808,-91.69490177248112
TRUSTB1MF,Trust Bank 1st Mutual Fund Units,3.4,-2.85714285714286,0.0,5273,-97.52657303950541
TRUSTBANK,Trust Bank PLC,19.1,0.5263157894736916,0.0,18412,-98.98001862468708
TUNGHAI,Tung Hai Knitting & Dyeing Ltd,2.4,0.0,0.0,11353,-83.0260895567018
UCB,United Commercial Bank PLC,9.8,0.0,0.0,47340,-94.56645249261409
UNILEVERCL,Unilever Consumer Care Limited,2469.3,-0.3912868091972496,-0.5647438483259379,295,29.385964912280706
UNIONBANK,Union Bank PLC,2.4,0.0,0.0,146780,-75.11334465932174
UNIONCAP,Union Capital Limited,4.8,2.1276595744680775,4.255319148936174,10607,-98.49039256624724
UNIONINS,Union Insurance Co. Ltd,38.3,2.680965147453083,0.26809651474531215,105298,-64.69495594329628
UNIQUEHRL,Unique Hotel & Resorts PLC,43.8,0.45871559633026543,-0.22935779816514087,35210,-96.2194623068259
UNITEDFIN,United Finance PLC,13.2,0.7633587786259515,1.5267175572519165,37675,-95.24798756845799
UNITEDINS,United Insurance Company Limited,45.0,3.9260969976905384,1.6166281755196372,156,-99.75885362724335
UPGDCL,United Power Generation & Distribution Co. Ltd.,148.6,0.40540540540540154,0.47297297297296526,9338,-94.17205482187883
USMANIAGL,Usmania Glass Sheet Factory Limited,37.2,0.26954177897574505,0.26954177897574505,132,-99.45395879870935
UTTARABANK,Uttara Bank PLC,21.3,0.0,0.4694835680751073,69290,-96.02024740058229
UTTARAFIN,Uttara Finance and Investments Limited,14.3,-2.054794520547938,2.739726027397263,810,-97.98090585038761
VAMLBDMF1,Vanguard AML BD Finance Mutual Fund One Units 2015,6.9,1.4705882352941255,0.0,111000,-29.804591159172833
VAMLRBBF,Vanguard AML Rupali Bank Balanced Fund Units,5.9,1.7241379310344922,1.7241379310344922,500,-99.77789623312012
VFSTDL,VFS Thread Dyeing Ltd.,8.4,2.4390243902439157,0.0,9000,-97.90133964486003
WALTONHIL,Walton Hi-Tech Industries PLC,521.6,6.340468909276254,1.9367991845056065,59848,-48.85879085665456
WATACHEM,Wata Chemicals Ltd.,159.0,-1.912399753238738,1.6039481801357152,6246,-92.88812980358668
WMSHIPYARD,Western Marine Shipyard Limited,8.6,0.0,1.1627906976744147,26721,-96.19082782245246
YPL,Yeakin Polymer Ltd.,19.9,3.1088082901554293,0.5181347150258957,57005,-83.14698091341265
ZAHEENSPIN,Zaheen Spinning PLC,7.2,0.0,1.388888888888884,128701,-92.71613581273314
ZAHINTEX,Zahintex Industries Ltd.,5.7,-1.7241379310344769,-1.7241379310344769,8266,-99.08747379495428
ZEALBANGLA,Zeal Bangla Sugar Milla Limited,97.0,0.5181347150259068,1.243523316062179,534,-96.60197263760737
