Symbol,Name,Price,Change %,Gap %,Volume,Volume Change %
1JANATAMF,First Janata Bank Mutual Fund Units,4.0,2.5641025641025665,0.0,7432965,37.55737444614991
1STPRIMFMF,Prime Finance First Mutual Fund 2009 Units,23.5,-0.8438818565400814,0.42194092827004825,165503,-52.376663549384936
AAMRANET,aamra networks ltd,21.3,0.4716981132075539,0.943396226415091,185759,-42.44278640878979
AAMRATECH,Aamra Technologies Limited,19.5,1.5625000000000038,0.0,258452,-36.99058949729387
ABB1STMF,AB Bank 1st Mutual Fund 2011 Units,4.1,0.0,0.0,3277448,-29.911176644814574
ABBANK,AB Bank PLC,5.2,4.0000000000000036,0.0,783973,19.0619599124014
ACFL,Aman Cotton Fibrous PLC,23.4,2.6315789473684115,1.3157894736842135,57541,74.9232406140751
ACI,Advanced Chemical Industries PLC,202.0,1.2531328320802004,0.7017543859649151,48110,-4.169073561340956
ACIFORMULA,ACI Formulations PLC,174.4,1.3953488372093057,0.05813953488371762,154865,-41.654610666546105
ACMELAB,ACME Laboratories Ltd.,83.3,0.8474576271186476,0.48426150121066064,107473,-64.51572430870822
ACMEPL,ACME Pesticides Ltd,23.3,9.905660377358497,0.943396226415091,4370608,348.9429736845079
ACTIVEFINE,Active Fine Chemicals Ltd.,6.9,2.9850746268656745,1.4925373134328304,547921,243.2164266519672
ADNTEL,ADN Telecom Ltd.,67.9,1.951951951951969,0.0,83494,-35.82765219930981
ADVENT,Advent Pharma Ltd.,15.7,0.6410256410256387,0.6410256410256387,227322,-50.02846760738004
AFCAGRO,AFC Agro Biotech Ltd.,7.3,1.388888888888884,1.388888888888884,30082,-74.31501293556127
AFTABAUTO,Aftab Automobiles Ltd.,30.8,0.9836065573770515,0.6557377049180304,52897,-46.3328767818191
AGNISYSL,Agni Systems PLC,33.0,1.5384615384615385,0.3076923076923121,769783,-21.129437463627347
AGRANINS,Agrani Insurance PLC,28.8,-1.0309278350515487,1.0309278350515367,99438,-63.54965469714521
AIBL1STIMF,AIBL 1st ISLAMIC Mutual Fund 2010- Units,6.7,-4.285714285714283,1.4285714285714235,2338130,-47.41679699289379
AIL,Alif Industries Ltd.,38.6,-0.2583979328165411,1.033591731266146,70508,-78.9486883983113
AL-HAJTEX,Alhaj Textile Mills Limited,99.3,0.5060728744939271,0.2024291497975737,111591,-49.43701092448017
ALARABANK,Al-Arafah Islami Bank PLC,17.3,-0.5747126436781487,2.298850574712656,3244,-94.76605356566634
ALIF,Alif Manufacturing Company Ltd.,5.7,1.7857142857142954,0.0,348061,-61.35699765407029
ALLTEX,Alltex Industries Limited,19.1,-1.0362694300518096,0.0,83201,-20.698266248558383
AMANFEED,Aman Feed PLC,38.5,1.3157894736842104,0.2631578947368458,606245,-51.40020666606275
AMBEEPHA,Ambee Pharmaceuticals PLC,825.0,2.8293655739748282,0.3988532967717868,1234,41.839080459770116
AMCLPRAN,Agricultural Marketing Co. Ltd.,231.0,1.5831134564643774,-0.1759014951627114,219,-93.58147713950761
ANLIMAYARN,Anlima Yarn Dyeing Ltd.,34.1,3.3333333333333375,0.0,39182,112.3455451983525
ANWARGALV,Anwar Galvanizing Ltd.,114.3,1.3297872340425532,0.9751773049645467,122024,-24.30085113774535
AOL,Associated Oxygen Ltd,17.5,0.0,1.1428571428571388,116278,-24.38285253492183
APEXFOODS,Apex Foods Limited,284.9,1.0642071656615821,2.092940759134457,4962,-69.75865431496831
APEXFOOT,Apex Footwear Ltd.,217.1,0.8828996282527908,0.7434944237918322,45391,-43.97141234848298
APEXSPINN,Apex Spinning and Knitting Mills Ltd.,376.9,0.5602988260405458,0.0,9870,-91.37041635336702
APEXTANRY,Apex Tannery Limited.,105.0,2.239532619279452,0.486854917234664,7076,-81.92869547451221
APOLOISPAT,Appollo Ispat Complex Ltd.,3.2,0.0,0.0,83596,-91.03740561218198
ARAMIT,Aramit Limited,209.9,1.1566265060240992,-0.7228915662650602,4173,-51.52747125101638
ARAMITCEM,Aramit Cement Limited,12.4,0.0,0.8064516129032229,11343,-51.82621252017328
ARGONDENIM,Argon Denims Ltd.,22.6,7.109004739336493,1.421800947867285,6395153,602.7154164052379
ASIAINS,Asia Insurance PLC,42.0,-0.47393364928910625,0.7109004739336425,180837,-20.120413274613824
ASIAPACINS,Asia Pacific General Insurance PLC,44.0,0.22779043280182557,-0.6833712984054605,79853,-48.61884140966328
ASIATICLAB,Asiatic Laboratories Ltd,123.0,1.3179571663920875,0.49423393739702987,430021,-31.177259516279783
ATLASBANG,Atlas Bangladesh Limited,96.0,4.803493449781666,0.5458515283842795,20914,254.23441734417344
AZIZPIPES,Aziz Pipes Limited.,73.3,0.5486968449931295,0.0,10618,-20.547740197545643
BANGAS,Bangas Limited,138.4,1.4662756598240467,0.0,20707,-38.96781419476539
BANKASIA,Bank Asia PLC,18.2,0.0,0.0,566746,-73.15993288396722
BARKAPOWER,Baraka Power Ltd.,8.1,1.2499999999999956,2.499999999999991,110727,-68.91018441564276
BATASHOE,Bata Shoe Co. (Bangladesh) Ltd.,911.0,1.379924326730467,1.8250612063209413,7345,529.3916023993145
BATBC,British American Tobacco Bangladesh Co Ltd,235.8,0.7692307692307742,0.4273504273504274,243165,-57.88665168010031
BAYLEASING,Bay Leasing and Investment Ltd.,5.3,-1.8518518518518614,1.8518518518518452,743855,177.0461274884076
BBS,Bangladesh Building Systems PLC,15.2,2.0134228187919394,0.671140939597313,747908,21.736950732790334
BBSCABLES,BBS Cables PLC,22.7,1.793721973094164,0.896860986547082,718285,-24.595280361715062
BDAUTOCA,Bangladesh Autocars Limited,217.5,6.61764705882353,1.6666666666666694,111807,404.7720090293454
BDCOM,BDCOM Online Ltd.,32.8,1.8633540372670632,1.242236024844716,554981,-30.091086245359715
BDFINANCE,Bangladesh Finance PLC,13.9,2.205882352941182,1.4705882352941255,1526860,-1.8396309808900817
BDLAMPS,Bangladesh Lamps PLC,184.1,2.5055679287305126,1.893095768374168,28917,-11.446945337620578
BDTHAI,Bangladesh Thai Aluminium Ltd.,19.1,-0.5208333333333223,2.0833333333333446,1780292,-67.95087567069345
BDTHAIFOOD,BD Thai Food & Beverage Ltd.,24.6,4.23728813559322,0.0,2869536,35.249441239933596
BDWELDING,Bangladesh Welding Electrodes Ltd.,13.8,0.0,0.7246376811594177,82235,73.8252763744742
BEACHHATCH,Beach Hatchery Ltd,34.1,0.5899705014749347,-1.1799410029498483,63016,-58.97102006003034
BEACONPHAR,Beacon Pharmaceuticals PLC,109.6,1.2003693444136632,0.9233610341643583,119878,27.641133754977748
BENGALWTL,Bengal Windsor Thermoplastics PLC,24.4,2.5210084033613356,0.8403361344537785,192105,-20.222507381613863
BERGERPBL,Berger Paints Bangladesh Ltd.,1403.0,0.2715837621497966,0.34305317324184925,2100,-15.966386554621847
BESTHLDNG,Best Holdings PLC,15.7,0.0,0.0,147246,-22.39059279912717
BEXIMCO,Bangladesh Export Import Company Ltd.,23.1,0.0,-0.43290043290043906,3324340,-47.18407422706618
BGIC,Bangladesh General Insurance Company PLC,39.7,1.01781170483462,2.0356234096692223,12660,-68.63075474503196
BIFC,Bangladesh Industrial Finance Company Ltd.,5.0,2.0408163265306047,4.0816326530612095,286252,-30.654495858679088
BNICL,Bangladesh National Insurance Company Ltd,120.9,2.893617021276601,0.0,204883,-72.66429799855105
BPML,Bashundhara Paper Mill Ltd.,29.2,1.0380622837370268,0.0,22763,-66.22349502173816
BPPL,Baraka Patenga Power Ltd.,20.4,0.9900990099009866,0.0,659642,-32.19956070250597
BRACBANK,BRAC Bank PLC,64.3,-0.6182380216383395,0.30911901081916976,1063752,-39.84718527767222
BSC,Bangladesh Shipping Corporation,122.8,4.06779661016949,0.847457627118644,584005,52.42003888765643
BSCPLC,Bangladesh Submarine Cables PLC,159.6,1.980830670926514,1.5974440894568689,24491,-76.65634084735262
BSRMLTD,Bangladesh Steel Re-Rolling Mills Ltd.,103.7,0.6796116504854397,0.0,173050,-19.16762033771633
BSRMSTEEL,BSRM Steels Limited,95.5,0.4206098843322878,0.10515247108307943,247526,-28.91187721857804
BXPHARMA,Beximco Pharmaceuticals Plc,148.5,0.9517335146159114,0.0,250466,-36.52853942606915
CAPITECGBF,CAPITEC GRAMEEN BDT10 (MUTUAL FUND) Units,9.7,2.1052631578947296,3.157894736842113,3714827,-32.99969898059209
CAPMBDBLMF,CAPM BDBL Mutual Fund 01 Units,10.2,1.9999999999999927,1.9999999999999927,568032,-40.62062585261573
CAPMIBBLMF,CAPM IBBL Islamic Mutual Fund Units,12.9,-2.272727272727265,0.7575757575757683,534928,-56.20968804822003
CENTRALINS,Central Insurance PLC,41.5,0.7281553398058184,1.2135922330097086,77487,-76.90326657505909
CENTRALPHL,Central Pharmaceuticals Ltd.,11.4,4.587155963302751,0.9174311926605472,3077144,169.72072895693876
CITYBANK,City Bank PLC,32.1,0.9433962264150966,0.3144654088050247,4471326,184.48834007334696
CITYGENINS,City Insurance PLC,110.5,2.409638554216862,0.7414272474513411,133651,6.471066216302339
CLICL,Chartered Life Insurance PLC,51.3,1.9880715705765408,9.940357852882704,64980,11.316682084489669
CNATEX,C & A Textiles Ltd,3.3,3.124999999999989,0.0,901922,64.94610441150114
CONFIDCEM,Confidence Cement PLC,69.1,1.0233918128654804,0.29239766081869684,111622,-59.86249501076954
CONTININS,Continental Insurance PLC,33.4,0.0,0.0,146451,-61.11283705739435
COPPERTECH,Coppertech Industries Ltd,27.0,-0.3690036900369056,1.1070110701106906,279267,-66.96316187952492
CROWNCEMNT,Crown Cement PLC,70.0,0.14306151645206625,1.2875536480686571,6007,-57.508665204781785
CRYSTALINS,Crystal Insurance Company Ltd,67.8,-0.2941176470588277,0.2941176470588277,72134,-43.24626278520849
CVOPRL,CVO Petrochemical Refinery PLC,175.8,1.0344827586206962,0.9770114942528669,76217,-44.416650865652485
DACCADYE,Dacca Dyeing and Manufacturing Company Limited,17.1,-1.1560693641618456,0.5780346820809125,177483,60.44966370145368
DAFODILCOM,Daffodil Computers PLC.,162.6,-1.9300361881785386,-0.1206272617611683,53873,-57.079804651088686
DBH,DBH Finance PLC,43.5,0.2304147465437821,0.0,89844,-86.0197619232864
DBH1STMF,DBH First Mutual Fund Units,5.9,1.7241379310344922,1.7241379310344922,1826950,6.245943701484344
DELTALIFE,Delta Life Insurance Company Ltd.,80.6,1.1292346298619718,0.0,46333,-27.326484197317857
DELTASPINN,Delta Spinners Limited,8.0,0.0,1.2499999999999956,1640874,8.064994132035137
DESCO,Dhaka Electric Supply Co. Ltd.,26.0,0.7751937984496096,-1.5503875968992331,16892,-40.64235013001616
DESHBANDHU,Deshbandhu Polymer Limited,24.3,3.8461538461538556,2.1367521367521367,1537331,-74.52036249866786
DGIC,Desh General Insurance Company Ltd,34.2,1.4836795252225519,1.4836795252225519,165757,-56.87117841438347
DHAKABANK,Dhaka Bank PLC,12.3,0.8196721311475527,0.0,811613,9.314773285923053
DHAKAINS,Dhaka Insurance Limited,41.4,-0.7194244604316649,1.1990407673860912,83028,80.02211573903428
DOMINAGE,Dominage Steel Building Systems Ltd,86.2,9.94897959183673,0.0,6674089,186.8059423129813
DOREENPWR,Doreen Power Generations & Systems Ltd.,31.4,0.9646302250803768,0.6430868167202549,117677,-59.63039324320152
DSHGARME,Desh Garments Limited.,169.8,4.1717791411043015,1.656441717791404,99354,32.10914022817328
DSSL,Dragon Sweater & Spinning Ltd.,14.1,-0.7042253521126736,1.4084507042253596,5070568,-57.29285924789443
DULAMIACOT,Dulamia Cotton Spinning Mills Limited,210.8,-0.706547338671691,1.036269430051808,25253,-76.99986338175691
DUTCHBANGL,Dutch-Bangla Bank PLC,49.8,2.0491803278688527,0.6147540983606645,398978,-19.282117474260904
EASTERNINS,Eastern Insurance PLC,57.1,-0.34904013961604846,0.17452006980803042,56042,18.30444786894936
EASTLAND,Eastland Insurance PLC,27.1,0.0,1.4760147601475961,111255,-54.2572743083394
EASTRNLUB,Eastern Lubricants Blenders PLC,2107.6,1.8410244020294713,0.8456148828219376,13329,9.622501850481125
EBL,Eastern Bank PLC,24.4,0.41152263374484715,0.41152263374484715,1413929,-57.56264701124286
EBL1STMF,EBL First Mutual Fund Units,5.1,4.0816326530612095,0.0,775496,1.3559946727380374
EBLNRBMF,EBL NRB Mutual Fund,3.9,0.0,0.0,4422133,-14.410798392395913
ECABLES,Eastern Cables Ltd.,142.6,0.2108222066057505,1.1243851018973956,6633,-46.70148654077943
EGEN,eGeneration PLC,26.8,2.290076335877868,1.145038167938934,509648,-19.298073375464554
EHL,Eastern Housing Ltd.,95.4,2.6910656620021527,0.32292787944025525,393297,-45.29837854979096
EIL,Express Insurance Ltd.,31.1,0.6472491909385205,0.9708737864077693,268248,-34.385777812565735
EMERALDOIL,Emerald Oil Industries Ltd.,27.3,0.7380073800737981,1.4760147601475961,120693,-64.13550256295966
ENVOYTEX,Envoy Textiles Ltd.,57.2,2.142857142857148,0.3571428571428622,160981,-29.68481100016598
EPGL,Energypac Power Generation PLC,20.3,0.0,0.0,193691,-68.8443900406795
ESQUIRENIT,Esquire Knit Composite PLC,26.0,2.362204724409455,3.937007874015748,252438,65.8702937118076
ETL,Evince Textiles Ltd.,14.6,1.388888888888884,0.694444444444442,3997899,-5.349251854294774
EXIM1STMF,EXIM Bank 1st Mutual Fund 2013- Units,5.8,9.433962264150944,0.0,11623856,155.31112585166994
FAMILYTEX,Familytex (BD) Ltd.,2.9,0.0,0.0,5044903,-31.71925558075548
FARCHEM,FAR Chemicals Industries Ltd,26.9,2.6717557251908373,-2.6717557251908373,2665519,-46.83974456135872
FAREASTFIN,Fareast Finance & Investment Ltd.,2.0,5.263157894736848,5.263157894736848,995009,188.30144178391785
FAREASTLIF,Fareast Islami Life Insurance Company Limited,21.8,3.809523809523813,6.66666666666666,3582,-87.14931477362417
FASFIN,FAS Finance & Investment Limited,2.2,10.000000000000009,10.000000000000009,175707,-58.54568875823686
FBFIF,First Bangladesh Fixed Income Fund Units,3.9,2.631578947368424,0.0,1597973,-19.797060045813815
FEDERALINS,Federal Insurance PLC,27.0,0.0,1.1111111111111138,243798,-7.078553188245608
FEKDIL,Far East Knitting & Dyeing Industries PLC.,26.7,-3.2608695652173987,0.0,3212712,-72.37988838342524
FINEFOODS,Fine Foods Limited,487.6,1.2879102617366112,-0.6024096385542123,8341,-92.67362910521831
FIRSTFIN,First Finance Ltd.,4.4,-2.2222222222222143,0.0,87954,-56.103549985776105
FORTUNE,Fortune Shoes Ltd.,20.7,0.4854368932038731,0.9708737864077635,352058,-57.62732875896209
FUWANGCER,Fu-Wang Ceramic Industry Ltd.,16.5,-0.6024096385542254,1.2048192771084292,2361998,-38.85022797855562
FUWANGFOOD,Fu-Wang Foods Limited,12.7,-0.7812500000000111,0.0,379869,-19.86968004320092
GBBPOWER,GBB POWER Ltd.,8.2,0.0,1.2195121951219685,39952,-21.140105009671945
GEMINISEA,Gemini Sea Food PLC,124.5,0.24154589371980445,0.0,11778,-54.153367068898405
GENEXIL,Genex Infosys PLC,40.5,2.791878172588836,0.2538071065989884,1110991,6.571720183178223
GENNEXT,Generation Next Fashions Ltd.,3.1,0.0,0.0,2486258,53.727124951849326
GHAIL,Golden Harvest Agro Industries Ltd.,15.6,0.6451612903225784,0.6451612903225784,541145,-34.19729442164463
GHCL,Global Heavy Chemicals Ltd.,25.5,1.1904761904761934,1.1904761904761934,137382,-87.51435945906645
GLDNJMF,ICB AMCL CMSF GOLDEN JUBILEE MUTUAL FUND,8.4,0.0,1.1904761904761862,1132152,-27.124608556559355
GLOBALINS,Global Insurance PLC,41.4,0.0,0.48309178743962045,179090,-60.74645087333612
GOLDENSON,Golden Son Limited,16.8,0.0,0.0,1227891,-52.94270265464274
GP,Grameenphone Ltd.,260.0,0.038476337052721334,-0.03847633705269946,74358,-57.21363262346869
GPHISPAT,GPH Ispat Limited,19.5,1.5625000000000038,0.0,1119346,-1.2894543761375983
GQBALLPEN,G.Q. Ball Pen Industries Limited,624.8,3.615257048092861,0.16583747927031509,38035,43.87577545770918
GRAMEENS2,Grameen Mutual Fund One - Grameen Two Units,13.5,0.7462686567164152,0.0,258035,-41.52446348040882
GREENDELMF,Green Delta Mutual Fund 2010 Units,5.1,0.0,0.0,1132657,-67.79632584975352
GREENDELT,Green Delta Insurance PLC,66.5,0.15060240963854563,-0.3012048192771127,20139,-77.57124878885412
GSPFINANCE,GSP Finance Company PLC,4.3,4.87804878048781,2.4390243902439157,946628,46.46338368991404
HAKKANIPUL,Hakkani Pulp & Paper Mills PLC,81.9,2.760351317440405,0.7528230865746478,123758,-7.448511045633348
HAMI,Hami Industries PLC,154.5,-0.770712909441226,1.2845215157353886,4324,-66.64609688367787
HEIDELBCEM,Heidelberg Materials Bangladesh PLC,222.1,0.954545454545452,1.7272727272727324,10515,-82.8390971553539
HFL,Hamid Fabrics PLC,15.9,1.2738853503184782,-1.9108280254777004,76742,-57.41689185814879
HRTEX,H.R. Textile Mills Ltd.,21.4,2.3923444976076556,1.4354066985645968,22327,-48.08036648605911
HWAWELLTEX,Hwa Well Textiles (BD)PLC,48.3,1.2578616352201137,0.0,108437,2.8931187611492772
IBNSINA,BN SINA Pharmaceutical Industry PLC,322.0,0.4993757802746638,0.18726591760300337,13248,-33.117932148626814
IBP,Indo-Bangla Pharmaceuticals Ltd.,20.9,3.9800995024875476,0.49751243781093457,9726702,30.608355216195875
ICB,Investment Corporation of Bangladesh,47.2,1.2875536480686725,0.8583690987124433,52840,-29.21065323401747
ICB3RDNRB,ICB AMCL Third NRB Mutual Fund 2010 Units,6.1,0.0,1.6393442622950907,341512,-68.93303507669131
ICBAGRANI1,ICB AMCL First Agrani Bank Mutual Fund Units,8.5,1.1904761904761862,0.0,224609,-16.878286710310604
ICBAMCL2ND,ICB AMCL Second Mutual Fund Units,8.1,3.8461538461538445,2.5641025641025665,106565,-49.331729420546885
ICBEPMF1S1,ICB Employees Provident Mutual Fund One Scheme One Units,6.4,-1.538461538461533,3.0769230769230793,556981,-31.53999700093168
ICBIBANK,ICB Islamic Bank Limited,2.7,0.0,0.0,345678,-54.253794450554025
ICBSONALI1,ICB AMCL Sonali Bank Ltd 1st Mutual Fund 2013- Units,6.4,1.5873015873015959,1.5873015873015959,783218,-39.38832524628731
ICICL,Islami Commercial Insurance PLC.,32.5,3.503184713375801,0.0,958088,76.19782366020115
IDLC,IDLC Finance PLC.,47.5,0.8492569002123113,0.6369426751592296,454693,-50.571045296621776
IFADAUTOS,IFAD Autos PLC,25.8,1.1764705882352968,0.0,110398,-65.81671357664595
IFIC,IFIC Bank PLC,5.1,1.9999999999999927,0.0,586579,-59.47702349256178
IFIC1STMF,IFIC Bank 1st Mutual Fund Units,4.7,2.1739130434782727,0.0,3790256,-56.80066597704367
IFILISLMF1,IFIL Islamic Mutual Fund - 1 Units,5.7,1.7857142857142954,1.7857142857142954,694510,-38.53730630016726
ILFSL,International Leasing and Financial Services Ltd.,2.0,5.263157894736848,5.263157894736848,295293,-76.57261906556411
INDEXAGRO,Index Agro Industries Ltd,74.4,2.19780219780221,0.9615384615384654,58983,-46.75711538982317
INTECH,Intech Ltd.,26.2,0.38314176245209913,1.1494252873563109,42076,-70.04243442599606
INTRACO,Intraco Refueling Station PLC,21.8,1.8691588785046829,1.4018691588785082,335506,-13.845577057397593
IPDC,IPDC Finance PLC,32.6,1.8750000000000044,2.8124999999999956,2239246,-63.65531232303388
ISLAMIBANK,Islami Bank Bangladesh PLC,31.9,0.3144654088050247,0.6289308176100606,120725,79.16505891781188
ISLAMICFIN,Islamic Finance & Investment PLC,12.4,0.8130081300812979,0.8130081300812979,320640,-3.920317149252524
ISLAMIINS,Islami Insurance Bangladesh Limited,58.5,0.5154639175257684,1.2027491408934634,26210,-66.91867876661324
ISNLTD,Information Services Network Ltd.,60.0,1.8675721561969463,1.3582342954159665,30474,-39.212479055294025
ITC,IT Consultants PLC,54.8,3.2015065913370915,0.37664783427494486,4718886,57.78644247677535
JAMUNABANK,Jamuna Bank PLC,24.2,0.41493775933609073,0.41493775933609073,839557,-23.38186550437684
JAMUNAOIL,JAMUNA OIL PLC,181.9,0.16519823788546883,0.0,16938,18.265605362379556
JANATAINS,Janata Insurance PLC,33.0,0.9174311926605416,1.5290519877675839,58501,-63.36429050055422
JHRML,JMI Hospital Requisite Manufacturing Ltd,50.5,2.851323828920567,0.8146639511201601,128963,-25.94759720013092
JMISMDL,JMI Syringes & Medical Devices Ltd.,141.0,-0.4940014114325961,0.07057163020467377,37457,71.01310322786833
JUTESPINN,Jute Spinners Limited,229.0,4.185623293903543,-0.27297543221111137,5648,694.3741209563995
KARNAPHULI,Karnaphuli Insurance PLC,46.4,0.0,0.4310344827586268,342269,-59.439928803102895
KAY&QUE,Kay and Que (Bangladesh) Ltd.,425.7,0.5194805194805168,0.3541912632821724,4442,-76.25360846787127
KBPPWBIL,Khan Brothers PP Woven Bag Industries Ltd,40.5,3.3163265306122374,0.0,638178,40.86290886857713
KDSALTD,KDS Accessories Ltd.,51.1,1.3888888888888946,0.19841269841270123,142571,-51.73367548682393
KEYACOSMET,Keya Cosmetic Ltd.,5.6,3.7037037037036904,0.0,3820095,-1.5538894008646549
KOHINOOR,Kohinoor Chemical Company (Bangladesh) PLC,528.0,-0.5836942195443462,1.5816230465072447,1832,-80.21384598768766
KPCL,Khulna Power Company Ltd.,10.4,0.9708737864077635,1.941747572815527,61397,-49.625454336607014
KPPL,Khulna Printing & Packaging Ltd,15.1,-0.657894736842103,1.3157894736842175,357176,216.18568747565595
KTL,Kattali Textile Ltd.,12.2,6.086956521739125,0.0,1650311,29.042349973531756
LANKABAFIN,LankaBangla Finance PLC,18.3,1.6666666666666705,0.5555555555555635,1247826,-66.49606273842664
LEGACYFOOT,Legacy Footwear Ltd.,74.4,1.3623978201634876,0.27247956403268203,275013,-5.036291687097286
LHB,LafargeHolcim Bangladesh PLC,58.6,0.17094017094017336,0.17094017094017336,867349,-28.134859873793616
LIBRAINFU,Libra Infusions Ltd.,642.4,0.29664324746291604,1.467603434816546,607,-70.40468064358849
LINDEBD,Linde Bangladesh Limited,725.8,-1.6397885892397375,-0.2574874644260709,8202,66.67344035765088
LOVELLO,Taufika Foods and Lovello Ice-cream PLC,70.8,1.4326647564469914,2.2922636103151985,970450,-29.09203166728165
LRBDL,Lub-rref (Bangladesh) Ltd,15.9,1.2738853503184782,0.6369426751592447,739513,-67.94712647464465
LRGLOBMF1,LR Global Bangladesh Mutual Fund One Units,4.7,0.0,0.0,684304,-30.524197601306863
MAGURAPLEX,Magura Multiplex PLC,92.4,1.2048192771084432,0.8762322015334032,81618,58.13151470531251
MAKSONSPIN,Maksons Spinning Mills PLC,6.6,8.196721311475411,0.0,1950835,454.8071235183037
MALEKSPIN,Malek Spinning Mills PLC,45.3,3.4246575342465757,0.4566210045662165,3337302,19.42389714657465
MARICO,Marico Bangladesh Limited.,2758.9,0.4478264035534909,-0.2402970945896712,1566,-79.24728332891598
MATINSPINN,Matin Spinning PLC,56.8,2.898550724637671,0.9057971014492754,80968,-70.92021807681533
MBL1STMF,MBL 1st Mutual Fund 2010- Units,7.2,1.4084507042253596,0.0,865274,-79.83327281346534
MEGCONMILK,Meghna Condensed Milk Industries Ltd.,36.3,-0.27472527472527863,1.098901098901095,170840,18.647128272796724
MEGHNACEM,Meghna Cement Mills PLC,32.0,-1.8404907975460165,0.0,7165,70.79856972586413
MEGHNAINS,Meghna Insurance PLC,37.6,-0.5291005291005179,0.0,759069,-47.93440468506608
MEGHNALIFE,Meghna Life Insurance PLC,60.3,1.1744966442952949,1.342281879194626,46889,-35.961485932805246
MEGHNAPET,Meghna Pet Industries Ltd.,88.4,0.0,1.8099547511312153,128127,34.06612953855813
MERCANBANK,Mercantile Bank PLC,7.6,1.3333333333333286,1.3333333333333286,111023,-59.58317406578205
MERCINS,Mercantile Islami Insurance PLC,42.3,-1.3986013986014019,0.4662004662004729,85859,-77.64833597134289
METROSPIN,Metro Spinning Ltd.,9.9,7.608695652173925,1.086956521739146,243286,1413.2549605025813
MHSML,Mozaffar Hossain Spinning Mills Ltd.,23.2,1.7543859649122744,0.8771929824561372,616048,7.932036147406854
MIDASFIN,MIDAS Financing PLC,6.2,1.6393442622950907,1.6393442622950907,91282,92.01497717663392
MIDLANDBNK,Midland Bank PLC,19.1,2.1390374331550914,0.5347593582887776,2378680,72.74740916650326
MIRACLEIND,Miracle Industries Limited,30.0,1.0101010101010124,2.0202020202020248,280475,52.70427718977307
MIRAKHTER,Mir Akhter Hossain Ltd,41.9,0.23923444976076896,0.4784688995215379,350506,-21.912824568634225
MITHUNKNIT,Mithun Knitting & Dyeing (CEPZ) Ltd.,14.8,1.3698630136986376,-0.6849315068493127,25526,-18.56696229183947
MJLBD,MJL Bangladesh PLC,93.9,0.3205128205128327,0.4273504273504335,25480,-23.398370561885578
MLDYEING,M.L. Dyeing & Textile Ind. PLC,18.3,1.6666666666666705,-2.7777777777777777,5214432,-47.710188829398916
MONNOAGML,Monno Agro & General Machinery Ltd.,346.2,-0.20178725857595525,0.8936292879792513,7551,-4.393517346163586
MONNOCERA,Monno Ceramic Industries Limited.,94.4,0.9625668449197923,0.10695187165774794,95291,-61.83902798468611
MONNOFABR,Monno Fabrics Ltd.,22.6,2.262443438914027,0.4524886877827958,747763,-29.64481954010011
MONOSPOOL,Monospool Bangladesh PLC,121.4,0.9983361064891871,0.8319467554076538,85492,-66.789292332076
MPETROLEUM,Meghna Petroleum PLC,215.0,0.0,0.3720930232558192,7298,-55.656823429335276
MTB,Mutual Trust Bank PLC,13.8,1.4705882352941255,0.7352941176470562,359918,-13.536329021176414
NAHEEACP,Nahee Aluminum Composite Panel PLC,38.4,1.3192612137203166,0.5277044854881342,894097,0.19768404844379847
NATLIFEINS,National Life Insurance PLC,101.8,0.19685039370079022,-0.0984251968503881,4284,-88.8591267261332
NAVANACNG,Navana CNG Limited,22.6,0.44444444444445075,0.8888888888888857,17926,-69.71857157336396
NAVANAPHAR,Navana Pharmaceuticals PLC,71.7,1.558073654390947,0.14164305949009706,165221,-42.987529244508245
NBL,National Bank PLC,3.9,2.631578947368424,0.0,688667,-37.7905789809343
NCCBANK,National Credit and Commerce Bank PLC,15.6,-0.6369426751592334,1.2738853503184782,1999820,-22.667499870456403
NCCBLMF1,NCCBL Mutual Fund-1 2012- Dividend Units,7.3,7.352941176470589,1.4705882352941255,1765751,163.03847815400198
NEWLINE,New Line Clothings Ltd.,6.6,9.999999999999993,3.333333333333336,1943515,88.31688540712857
NFML,National Feed Mill Ltd,21.1,3.940886699507393,0.9852216748768439,2522592,39.78537286007343
NHFIL,National Housing Finance PLC,30.9,1.644736842105263,0.9868421052631603,305201,-50.65305264519468
NITOLINS,Nitol Insurance PLC,34.8,0.869565217391296,-0.5797101449275445,23156,-58.70088640781894
NORTHERN,Northern Jute Manufacturing Co. Ltd.,120.0,3.806228373702427,3.4602076124567476,4044,-8.713318284424378
NORTHRNINS,Northern Islami Insurance PLC,37.5,-0.2659574468085144,0.7978723404255244,48955,-47.316028497019005
NPOLYMER,National Polymer Industries PLC,36.2,0.0,1.1049723756906038,465825,-55.445871264798775
NRBBANK,NRB Bank PLC,6.8,4.615384615384613,0.0,842464,57.74884187741315
NRBCBANK,NRBC Bank PLC,8.2,1.2345679012345634,0.0,162620,-55.84026242756358
NTC,National Tea Company Limited,173.0,1.1695906432748537,2.3391812865497075,4016,107.01030927835052
NTLTUBES,National Tubes Limited,69.6,0.7235890014471781,1.3024602026049288,33323,-71.57734922083571
NURANI,Nurani Dyeing & Sweater Ltd.,3.0,0.0,0.0,42646,-86.68959662417758
OAL,Olympic Accessories Ltd,6.8,3.030303030303033,1.5151515151515234,98226,-49.86985944820406
OIMEX,Oimex Electrode Ltd.,16.6,1.2195121951219685,1.2195121951219685,70734,-49.922122791119165
OLYMPIC,Olympic Industries PLC.,154.3,0.0,0.38885288399221923,66836,-9.655442760783465
ONEBANKPLC,One Bank PLC,8.0,1.265822784810122,0.0,451939,57.84622584836334
ORIONINFU,Orion Infusion Ltd.,287.3,1.8072289156626589,0.42523033309709024,44372,-52.23835613489338
ORIONPHARM,Orion Pharma Ltd.,29.3,1.7361111111111112,0.0,81001,-57.66026177134733
PADMALIFE,Padma Islami Life Insurance Ltd.,17.7,0.568181818181806,1.1363636363636322,16883,-43.5200053526027
PADMAOIL,Padma Oil PLC,202.2,0.4470938897168292,0.596125186289115,11163,10.876042908224075
PARAMOUNT,Paramount Insurance PLC.,62.7,-1.104100946372233,0.6309148264984206,111482,-49.35421881601483
PDL,Pacific Denims Ltd.,5.8,3.5714285714285747,0.0,420233,163.89251714350306
PENINSULA,The Peninsula Chittagong PLC,25.1,0.8032128514056338,1.6064257028112534,225853,-29.7919432001517
PEOPLESINS,Peoples Insurance PLC,61.9,3.33889816360601,0.0,643276,-57.22577560681088
PF1STMF,Phoenix Finance 1st Mutual Fund Units,12.8,0.0,1.5624999999999944,693409,-68.85811268420362
PHARMAID,Pharma Aids Limited.,622.0,0.974025974025974,0.5519480519480482,4576,-65.6508031827053
PHENIXINS,Phoenix Insurance PLC,44.0,0.0,1.3636363636363669,83258,-38.53411490247612
PHOENIXFIN,Phoenix Finance and Investments Ltd.,4.0,-2.439024390243894,0.0,327662,-55.919119625464134
PHPMF1,PHP First Mutual Fund Units 2010-,4.0,2.5641025641025665,2.5641025641025665,2643515,56.324343822902414
PIONEERINS,Pioneer Insurance PLC,67.0,0.0,1.0447761194029892,79773,-61.375179753356605
PLFSL,Peoples Leasing and Financial Services Ltd.,2.0,5.263157894736848,5.263157894736848,189724,-83.73960606315126
POPULAR1MF,Popular Life First Mutual Fund Units 2010-,4.1,5.1282051282051215,2.5641025641025665,1924687,-18.38235075853149
POPULARLIF,Popular Life Insurance Co. Ltd.,59.0,1.2006861063464886,1.886792452830191,77543,23.535128245977376
POWERGRID,Power Grid Co. of Bangladesh Ltd.,39.9,2.046035805626591,1.7902813299232627,107370,17.636102680968087
PRAGATIINS,Pragati Insurance PLC,75.7,-0.7863695937090359,0.9174311926605542,43874,-69.83194895208757
PRAGATILIF,Pragati Life Insurance PLC,167.4,2.0731707317073207,0.5487804878048815,36603,-63.0186811077321
PREMIERBAN,The Premier Bank PLC,5.6,0.0,-1.7857142857142794,527035,-80.32117297436359
PREMIERCEM,Premier Cement Mills PLC,49.6,1.0183299389002036,1.2219959266802474,81816,-36.375513251213135
PREMIERLEA,Premier Leasing & Finance Limited,2.9,3.5714285714285747,0.0,1323380,-59.99829520156672
PRIME1ICBA,Prime Bank 1st ICB AMCL Mutual Fund Units,6.6,1.538461538461533,1.538461538461533,205089,-63.61289567110396
PRIMEBANK,Prime Bank PLC,30.6,0.32786885245902103,0.0,492100,11.77841479536441
PRIMEFIN,Prime Finance and Investment Ltd.,3.8,5.555555555555548,2.77777777777778,1376511,17.7859162883828
PRIMEINSUR,Prime Islami Insurance PLC,46.1,0.21739130434782916,1.3043478260869596,67750,-56.27170278957492
PRIMELIFE,Prime Life Insurance Company Limited,39.9,1.526717557251912,1.781170483460567,11498,-77.19420036892318
PRIMETEX,Prime Textile Spining Mills Ltd.,18.2,5.813953488372093,1.1627906976744147,171662,16.239952870753456
PROGRESLIF,Progressive Life Insurance Co. Ltd.,40.9,6.788511749347263,0.0,9893,-82.00192842978514
PROVATIINS,Provati Insurance PLC,56.4,-1.5706806282722487,1.04712041884817,212780,-37.172434767460054
PTL,Paramount Textile PLC,64.1,1.7460317460317372,0.0,140632,-42.13817846680491
PUBALIBANK,Pubali Bank PLC,38.2,0.5263157894736916,0.0,230521,-50.31607306428148
PURABIGEN,Purabi General Insurance Co. Ltd.,30.3,-0.3289473684210456,1.3157894736842175,137884,-56.608048740574766
QUASEMIND,Quasem Industries Limited.,46.5,1.9736842105263126,0.8771929824561372,776971,112.31674358995379
QUEENSOUTH,Queen South Textile Mills Ltd.,18.2,4.597701149425292,1.1494252873563382,5366250,-34.03127111368122
RAHIMAFOOD,Rahima Food Corporation Ltd.,89.2,0.7909604519774044,1.1299435028248588,11199,-56.92360950842372
RAHIMTEXT,Rahim Textile Mills Ltd.,211.0,0.5240590757503546,2.2391615054787937,6501,-29.69611765978155
RAKCERAMIC,RAK Ceramics (Baneladesh) Limited,31.8,0.9523809523809548,0.9523809523809548,351745,-46.220554666226334
RANFOUNDRY,Rangpur Foundry Limited,163.5,1.3011152416356841,1.1771995043370544,5193,-48.563787638668785
RDFOOD,Rangpur Dairy and Food Products Limited,28.3,2.5362318840579685,0.3623188405797024,707173,58.31723310371384
RECKITTBEN,Reckitt Benckiser (Bangladesh) PLC,3304.0,-0.11487998065179822,-0.0846484067960633,161,-34.01639344262295
REGENTTEX,Regent Textile Mills Ltd.,6.9,4.5454545454545565,4.5454545454545565,370295,-63.21519253922905
RELIANCE1,Reliance Insurance Mutual Fund Reliance One Units,12.1,0.0,1.6528925619834798,497228,-32.71045744027239
RELIANCINS,Reliance Insurance PLC,115.0,0.0,0.08695652173912549,60742,-59.585623228519346
RENATA,Renata PLC,479.3,0.7144358058415705,0.10506408909434756,28932,-10.38285218684178
RENWICKJA,Renwick Janeswar and Co. (BD) Limited,916.0,0.18593459477196167,2.121841846221163,275,-95.08313963883425
REPUBLIC,Republic Insurance PLC,35.7,0.5633802816901489,0.8450704225352033,32253,-89.45628935135241
RINGSHINE,Ring Shine Textiles Ltd.,4.8,9.09090909090908,2.2727272727272645,7930045,-22.861187792837647
ROBI,Robi Axiata PLc,32.7,0.6153846153846242,0.3076923076923121,1143525,-34.935935914862675
RSRMSTEEL,Ratanpur Steel Re-Rolling Mills Ltd,7.6,0.0,1.3157894736842175,61232,-62.15223908273325
RUNNERAUTO,Runner Automobiles PLC,44.8,3.94431554524361,0.0,1968029,28.046442176627313
RUPALIBANK,Rupali Bank PLC,17.7,1.1428571428571388,1.7142857142857182,154937,-29.786645881105382
RUPALIINS,Rupali Insurance Company Ltd.,29.0,0.694444444444442,2.430555555555553,79118,-79.17437688697497
RUPALILIFE,Rupali Life Insurance Co. Ltd.,88.4,0.454545454545461,1.1363636363636365,62541,-55.20146126571398
SAFKOSPINN,Safko Spinning Mills Limited,20.5,0.4901960784313796,2.9411764705882426,56876,8.714184681843378
SAIFPOWER,SAIF Powertec Ltd.,10.0,4.1666666666666705,-1.041666666666663,500524,21.292692738296605
SAIHAMCOT,Saiham Cotton Mills Ltd.,22.8,6.04651162790698,0.46511627906977404,15688419,369.7450695002325
SAIHAMTEX,Saiham Textile Mills Ltd.,20.0,4.1666666666666705,1.041666666666663,2856183,346.30439572287776
SALAMCRST,S. Alam Cold Rolled Steels Limited,13.9,2.9629629629629655,2.9629629629629655,77955,-55.86561815309883
SALVO,Salvo Organic Industries PLC,38.3,0.5249343832020885,1.0498687664041957,394391,-60.93301305069215
SAMATALETH,Samata Leather Complex (Pvt.) Ltd.,105.8,3.0185004868549115,0.09737098344692728,49250,40.60581836868701
SAMORITA,Samorita Hospital Ltd.,96.2,-0.10384215991692038,3.2191069574247235,144732,-67.3640393799862
SANDHANINS,Shandhani Life Insurance Co.Ltd,27.6,1.4705882352941255,1.102941176470591,130776,-56.58844735383257
SAPORTL,Summit Alliance Port Limited,54.3,0.5555555555555503,2.7777777777777777,2209020,-14.696412338903567
SBACBANK,SBAC Bank PLC.,7.8,9.859154929577468,0.0,1558682,141.1551195964972
SEAPEARL,Sea Pearl Beach Resort & Spa Ltd.,41.1,3.526448362720399,0.5037783375314754,674318,18.060932031423715
SEMLFBSLGF,SEML FBLSL Growth Fund Units,7.4,1.3698630136986376,2.739726027397263,310105,-57.437069367811354
SEMLIBBLSF,SEML IBBL Shariah Fund Units,8.0,-1.2345679012345634,0.0,59191,-61.023679081283255
SHAHJABANK,Shahjalal Islami Bank PLC,17.5,0.0,0.0,39545,-73.60587351910563
SHARPIND,Sharp Industries PLC,37.1,1.64383561643836,0.8219178082191704,6038375,40.49799934245994
SHASHADNIM,Shasha Denims PLC,28.8,0.6993006993006968,0.6993006993006968,445433,-77.27652784133315
SHEPHERD,Shepherd Industries PLC,17.2,1.775147928994087,1.1834319526627388,1454668,29.492132558992456
SHURWID,Shurwid Industries Ltd,6.0,0.0,1.6666666666666607,76607,367.9718998167379
SHYAMPSUG,Shyampur Sugar Mills Ltd.,304.5,-2.0270270270270307,-0.257400257400261,15269,-5.653732081067721
SICL,"Sikder Insurance Co., Ltd.",37.8,-0.5263157894736916,0.0,253461,-43.65592593004257
SILCOPHL,Silco Pharmaceuticals Ltd.,21.7,0.9302325581395315,0.9302325581395315,705583,-36.1799486605245
SILVAPHL,Silva Pharmaceuticals Ltd.,17.2,1.775147928994087,1.775147928994087,1266904,-1.671860265669082
SIMTEX,Simtex Industries PLC,27.9,2.5735294117647034,1.102941176470591,834754,-4.227068243695194
SINGERBD,Singer Bangladesh Limited,78.9,-0.2528445006320969,0.1264222503160664,10523,-75.7081188393084
SINOBANGLA,Sinobangla Industries Ltd.,57.7,1.0507880910683036,0.17513134851138604,99938,-70.78622125042386
SIPLC,Sena Insurance PLC,117.7,0.9433962264151018,0.17152658662092868,117597,-88.14058604748726
SKTRIMS,SK Trims & Industries Ltd.,15.0,2.739726027397263,2.0547945205479503,326829,61.30702373490349
SONALIANSH,Sonali Aansh Industries Limited.,214.6,0.2335357309668379,1.3545072396076627,70655,-56.30272369690523
SONALILIFE,Sonali Life Insurance PLC,83.7,-0.5938242280285035,0.0,123537,-20.06405901193827
SONALIPAPR,Sonali Paper & Board Mills Ltd.,243.1,1.2494793835901707,1.1661807580174977,97877,-28.177902360633123
SONARBAINS,Sonar Bangla Insurance Ltd.,37.5,-1.8324607329843003,0.5235602094240727,219168,-9.89195322906902
SONARGAON,Sonargaon Textiles Limited.,95.6,-0.829875518672211,0.207468879668038,148280,-14.425046890780552
SOUTHEASTB,Southeast Bank PLC,10.8,0.0,0.9259259259259226,1205444,-55.22958023042517
SPCERAMICS,Shinepukur Ceramics PLC,22.8,1.3333333333333366,0.8888888888888857,408267,-37.46772044295364
SPCL,Shahjibazar Power Co Ltd,56.8,1.2477718360071226,0.7130124777183575,137907,-54.25423931215667
SQUARETEXT,Square Textiles PLC,50.4,0.0,0.19841269841270123,15435,-47.35854848061117
SQURPHARMA,Square Pharmaceuticals PLC,218.9,0.22893772893772896,0.04578754578754318,175992,-75.47734268209248
SSSTEEL,S.S. Steel Ltd,7.4,2.77777777777778,2.77777777777778,816652,39.66357007018648
STANCERAM,Standard Ceramic Industries Ltd.,72.7,0.0,-0.2751031636863863,2761,-43.52628349355697
STANDARINS,Standard Insurance PLC,48.7,-0.6122448979591778,0.0,14266,-84.90162667880237
STANDBANKL,Standard Islami Bank PLC,5.2,1.960784313725501,0.0,436961,56.16849117765841
STYLECRAFT,Stylecraft Limited,59.3,1.5410958904109566,0.1712328767123312,5961,-55.98139122729287
SUMITPOWER,Summit Power Ltd.,16.9,1.807228915662633,1.807228915662633,390633,-47.93559273239077
SUNLIFEINS,Sunlife Insurance Co. Ltd.,67.7,0.744047619047619,-0.5952380952381037,130443,-14.342844009587289
TAKAFULINS,Takaful Islami Insurance PLC,50.5,1.0,1.0,162058,-58.96039829619988
TALLUSPIN,Tallu Spinning Mills Limited,8.3,1.2195121951219685,1.2195121951219685,198967,-20.657258273550557
TAMIJTEX,Tamijuddin Textile Mills PLC,132.7,1.1432926829268295,1.0670731707317118,62009,6.020038298454384
TECHNODRUG,Techno Drugs Ltd.,47.2,1.070663811563169,-0.4282655246252738,1122985,-44.099980238108394
TILIL,Trust Islami Life Insurance Ltd.,51.6,0.7812499999999972,0.0,91853,-46.122216747612676
TITASGAS,Titas Gas Transmission and Distribution PLC,20.4,1.4925373134328215,0.49751243781093457,308662,-38.98296373319206
TOSRIFA,Tosrifa Industries PLC,24.1,0.8368200836820203,0.0,629121,-31.531175619774
TRUSTB1MF,Trust Bank 1st Mutual Fund Units,4.0,0.0,0.0,3274577,-33.38961874818959
TRUSTBANK,Trust Bank PLC,15.7,0.0,0.6369426751592447,547611,-62.73865392348785
TUNGHAI,Tung Hai Knitting & Dyeing Ltd,3.0,3.448275862068969,0.0,331903,76.7086383601757
UCB,United Commercial Bank PLC,9.8,0.0,-1.0204081632653206,250266,-88.03763852030866
UNILEVERCL,Unilever Consumer Care Limited,2050.0,-0.1655790396415745,0.034089802279137923,206,-41.31054131054131
UNIONCAP,Union Capital Limited,5.0,6.382978723404251,2.1276595744680775,244658,-62.19740759797219
UNIONINS,Union Insurance PLC,50.2,-0.7905138339920921,1.7786561264822105,114852,-56.77413041678271
UNIQUEHRL,Unique Hotel & Resorts PLC,45.3,1.342281879194618,0.4474272930648674,192718,-33.23540721904848
UNITEDFIN,United Finance PLC,17.6,0.0,1.1363636363636322,1100023,-49.220926818729886
UNITEDINS,United Insurance Company Limited,50.6,0.5964214711729707,-1.39165009940357,111708,-57.62794155578146
UPGDCL,United Power Generation & Distribution Co. Ltd.,125.9,0.9623095429029693,0.9623095429029693,7979,-86.16582287259865
USMANIAGL,Usmania Glass Sheet Factory Limited,67.2,0.14903129657229292,0.8941877794336939,42151,-55.77855179504396
UTTARABANK,Uttara Bank PLC,21.4,0.0,0.4672897196261749,810032,-40.393855953094025
UTTARAFIN,Uttara Finance and Investments Limited,13.9,2.205882352941182,2.205882352941182,31284,-28.05629656885291
VAMLRBBF,Vanguard AML Rupali Bank Balanced Fund Units,8.2,1.2345679012345634,3.7037037037037126,28080,-34.78866697631212
VFSTDL,VFS Thread Dyeing Ltd.,17.5,0.0,0.5714285714285796,2798026,-54.00437661221545
WALTONHIL,Walton Hi-Tech Industries PLC,397.1,0.5571030640668639,0.4051658647758984,13180,-25.561956398960806
WATACHEM,Wata Chemicals Ltd.,140.7,-0.2834868887314002,-0.07087172218284502,3640,-81.5854707340517
WMSHIPYARD,Western Marine Shipyard Limited,10.3,0.9803921568627592,0.0,949435,3.6590491974744546
YPL,Yeakin Polymer Ltd.,24.9,-0.40000000000000563,1.5999999999999945,203223,-59.503293970420025
ZAHEENSPIN,Zaheen Spinning PLC,5.6,1.818181818181812,0.0,290001,26.955101826396067
ZAHINTEX,Zahintex Industries Ltd.,9.1,1.1111111111111072,0.0,62252,124.91509502131657
ZEALBANGLA,Zeal Bangla Sugar Milla Limited,219.9,-3.0850594975760246,2.688408990744819,14623,-43.50345786809875
