Symbol,Name,Tech Rating,MA Rating,Os Rating,RSI (14),Mom (10),AO,CCI (20),"Stoch (14,3,3) %K","Stoch (14,3,3) %D",Patterns
1JANATAMF,First Janata Bank Mutual Fund Units,Strong sell,Strong sell,Sell,38.21702015539306,-0.09999999999999964,-0.16117647058821793,-81.81818181818913,27.777777777777814,28.703703703703724,
1STPRIMFMF,Prime Finance First Mutual Fund 2009 Units,Buy,Strong buy,Neutral,57.84508394905214,1.9000000000000021,-0.21794117647050015,147.56897636379875,73.11827956989248,74.0890083632019,"Long Upper Shadow, Shooting Star"
AAMRANET,aamra networks ltd,Neutral,Strong buy,Sell,74.86956499159994,3.099999999999998,1.8267647058823933,211.43847487001275,85.06204858428674,89.61626343261925,
AAMRATECH,Aamra Technologies Limited,Buy,Strong buy,Neutral,71.8776336813546,2.200000000000001,1.1264705882353283,238.8451443569414,70.01262626262627,76.46254208754208,
ABB1STMF,AB Bank 1st Mutual Fund 2011 Units,Sell,Strong sell,Neutral,39.39120080993375,0.0,-0.2720588235294126,-82.25108225108264,17.777777777777725,17.03703703703698,White Marubozu
ABBANK,AB Bank PLC,Sell,Strong sell,Neutral,37.9300483008288,-0.2999999999999998,-0.6644117647058811,-54.79930191971336,30.555555555555568,30.55555555555557,
ACFL,Aman Cotton Fibrous Ltd.,Buy,Strong buy,Neutral,61.42246230139422,0.3999999999999986,1.041176470588237,96.84425705890106,58.41975308641975,65.2345679012346,"Gravestone Doji, Long Upper Shadow"
ACI,Advanced Chemical Industries PLC,Neutral,Sell,Neutral,47.86230889633378,-3.1999999999999886,-2.454411764706464,-85.04801097393296,19.76190476190479,17.936507936507887,
ACIFORMULA,ACI Formulations PLC,Strong buy,Strong buy,Buy,62.523138570777924,8.0,12.801176470588217,58.87273566401253,67.04918312172731,69.57792301077822,
ACMELAB,ACME Laboratories Ltd.,Buy,Strong buy,Buy,60.631224159973115,2.1000000000000085,2.2432352941175964,118.62396204032449,64.84364925854298,69.03037466867265,"Long Upper Shadow, Shooting Star"
ACMEPL,ACME Pesticides Ltd,Strong buy,Strong buy,Buy,64.89075233797395,1.299999999999999,1.1811764705882286,140.9610215053762,75.74005305039789,72.57368656602374,"Long Upper Shadow, Shooting Star"
ACTIVEFINE,Active Fine Chemicals Ltd.,Buy,Strong buy,Neutral,53.484124583905995,0.0,0.032941176470592026,0.5797101449282451,50.0,45.71632071632073,
ADNTEL,ADN Telecom Ltd.,Buy,Strong buy,Neutral,71.60681011526968,7.700000000000003,5.885588235294122,187.9619852164712,82.66662076088824,79.7249922974082,"Long Upper Shadow, Shooting Star"
ADVENT,Advent Pharma Ltd.,Strong buy,Strong buy,Neutral,71.64284661789853,1.9999999999999982,0.6179411764705787,256.9900316071014,94.12528058361397,92.54606247661808,
AFCAGRO,AFC Agro Biotech Ltd.,Buy,Buy,Neutral,52.350373141200095,0.5,-0.12764705882346927,9.661835748791917,62.50000000000002,61.111111111111136,
AFTABAUTO,Aftab Automobiles Ltd.,Strong buy,Strong buy,Buy,65.90349325720767,3.0,1.9652941176470904,133.9256791151865,71.51176333566274,62.10885938349255,Shooting Star
AGNISYSL,Agni Systems PLC,Buy,Strong buy,Neutral,66.10391411974385,2.0,1.2358823529411929,204.12338684292754,75.42015699910439,77.36552341815501,
AGRANINS,Agrani Insuarnce Co. Ltd.,Buy,Strong buy,Sell,62.073238856365215,1.3000000000000007,1.1770588235294497,124.15540540539162,82.73273273273274,78.66929429429429,
AIBL1STIMF,AIBL 1st ISLAMIC Mutual Fund 2010- Units,Sell,Strong sell,Buy,35.27685646045859,0.0,-0.780588235294112,-64.85355648535675,13.227513227513251,14.100529100529132,White Marubozu
AIL,Alif Industries Ltd.,Buy,Strong buy,Sell,73.73960366490661,9.700000000000003,9.447647058823627,100.2735467199624,89.65534979423872,83.57510288065848,
AL-HAJTEX,Alhaj Textile Mills Limited,Strong buy,Strong buy,Buy,81.84921231975947,26.900000000000006,24.497647058823446,109.50158704467962,90.4135494797146,89.2196469197955,
ALARABANK,Al-Arafah Islami Bank PLC,Sell,Strong sell,Neutral,45.19240027752058,0.0,-0.38147058823525626,-69.30693069306801,24.24242424242445,21.127946127946284,
ALIF,Alif Manufacturing Company Ltd.,Buy,Buy,Buy,59.47419989357614,0.20000000000000018,-0.024705882352942687,159.99999999999665,74.99999999999996,61.11111111111108,"Dragonfly Doji, Long Lower Shadow"
ALLTEX,Alltex Industries Limited,Strong buy,Strong buy,Buy,59.33962901395879,0.5,0.4764705882352942,74.63369963369959,63.78353973168215,64.29867561059514,Shooting Star
AMANFEED,Aman Feed Ltd.,Buy,Strong buy,Neutral,68.1259722974059,2.1000000000000014,2.275588235294137,129.31231437057133,81.6326530612245,78.6848072562358,
AMBEEPHA,Ambee Pharmaceuticals PLC,Buy,Buy,Buy,49.69589881253629,12.599999999999909,13.728235294116757,-11.119511605537859,37.614035087719316,46.86549707602342,
AMCLPRAN,Agricultural Marketing Co. Ltd.,Buy,Strong buy,Neutral,61.66888248080924,1.5999999999999943,10.209705882353376,67.95523906409828,60.38095238095232,63.75511723234943,
ANLIMAYARN,Anlima Yarn Dyeing Ltd.,Strong buy,Strong buy,Neutral,62.00851073922848,0.0,0.9529411764705777,127.18046305106249,70.11494252873563,59.62962962962964,
ANWARGALV,Anwar Galvanizing Ltd.,Buy,Strong buy,Neutral,64.040169585662,4.1000000000000085,6.128235294117644,62.13398461094076,51.136363636363605,46.26707594008521,Doji
AOL,Associated Oxygen Ltd,Buy,Strong buy,Neutral,58.24203907738324,1.200000000000001,0.2020588235294163,99.75669099756462,62.82051282051284,62.82051282051281,
APEXFOODS,Apex Foods Limited,Buy,Strong buy,Neutral,65.82455092411968,13.000000000000028,16.405294117647088,90.66238171754947,70.0563423222549,59.946479104784395,
APEXFOOT,Apex Footwear Ltd.,Buy,Strong buy,Neutral,71.5384530565805,12.599999999999994,9.163235294117584,226.883843369508,85.30880045642562,80.38558455759996,
APEXSPINN,Apex Spinning and Knitting Mills Ltd.,Buy,Buy,Buy,55.25485279366523,-7.0,3.332058823529536,-109.99086970879975,13.157894736842144,13.05189497040096,"Dragonfly Doji, Long Lower Shadow"
APEXTANRY,Apex Tannery Limited.,Buy,Strong buy,Neutral,61.244736221760476,2.5999999999999943,3.359705882352813,76.55983120667287,69.7361745306951,54.23931317834083,
APOLOISPAT,Appollo Ispat Complex Ltd.,Sell,Strong sell,Neutral,45.95321709398525,-0.10000000000000009,-0.27205882352941213,-24.193548387097614,63.88888888888891,59.10493827160496,Doji
ARAMIT,Aramit Limited,Buy,Strong buy,Neutral,70.28996281295608,37.39999999999998,28.06323529411759,181.6290427069302,78.85763258721518,76.57182919876544,
ARAMITCEM,Aramit Cement Limited,Buy,Buy,Buy,52.29030469120738,-0.3000000000000007,-0.8314705882352875,-5.3567080594095104,53.84615384615384,44.444444444444485,
ARGONDENIM,Argon Denims Ltd.,Buy,Strong buy,Buy,65.97976116849684,1.6000000000000014,1.6905882352941042,108.68907054193093,65.43209876543216,69.16235231647421,
ASIAINS,Asia Insurance PLC,Strong buy,Strong buy,Neutral,64.62254255795875,3.0,1.5552941176470085,99.93892197282065,77.97619047619045,72.61904761904759,
ASIAPACINS,Asia Pacific General Insurance Company Limited,Buy,Strong buy,Neutral,60.428897176826176,1.2999999999999972,1.9223529411764773,63.40785651130305,63.615384615384535,65.5933423301844,
ASIATICLAB,Asiatic Laboratories Ltd,Buy,Strong buy,Neutral,69.38528763598939,0.8999999999999986,5.253529411764731,65.5408122235623,74.69961452842125,77.05788628462368,
ATLASBANG,Atlas Bangladesh Limited,Buy,Strong buy,Neutral,55.02572727638572,-0.6999999999999957,2.472058823529423,50.45625335479883,39.189189189189186,38.78533706119912,
AZIZPIPES,Aziz Pipes Limited.,Buy,Strong buy,Sell,55.06136990618623,-2.6000000000000014,1.8200000000000713,18.93837560115855,35.0018480384392,34.73696252882059,
BANGAS,Bangas Limited,Buy,Strong buy,Buy,72.41348488427462,21.200000000000003,16.47794117647051,157.11434274308377,79.31593690107623,79.66466177854663,
BANKASIA,Bank Asia PLC,Strong buy,Strong buy,Buy,63.79205385838864,1.6000000000000014,0.7164705882352784,152.441807393884,88.52941176470586,86.37254901960785,
BARKAPOWER,Baraka Power Ltd.,Buy,Strong buy,Neutral,59.96887337511786,0.8000000000000007,0.41529411764710567,134.75177304964424,80.03663003663006,78.81562881562884,Black Marubozu
BATASHOE,Bata Shoe Co. (Bangladesh) Ltd.,Strong buy,Strong buy,Neutral,59.52285810049821,14.199999999999932,-1.6988235294127207,180.2337096454639,91.80547050418447,65.28876077095258,
BATBC,British American Tobacco Bangladesh Co Ltd,Buy,Buy,Buy,53.26624821700061,7.699999999999989,-1.2591176470608616,71.99913644215593,52.94117647058823,61.20841869085945,"Long Upper Shadow, Shooting Star"
BAYLEASING,Bay Leasing and Investment Ltd.,Buy,Buy,Neutral,62.66122879396645,0.7000000000000002,0.06941176470586452,179.95088189328087,88.23529411764706,88.56209150326795,
BBS,Bangladesh Building Systems PLC,Strong buy,Strong buy,Neutral,65.58853372883726,1.0,0.33470588235293874,247.51580849141592,72.79040404040404,67.78198653198653,
BBSCABLES,BBS Cables PLC,Strong buy,Strong buy,Buy,72.9031138264818,2.8999999999999986,0.9541176470587978,256.52498135719605,79.41970310391362,71.16696656170338,
BDAUTOCA,Bangladesh Autocars Limited,Buy,Strong buy,Sell,61.25624864600154,0.6999999999999886,17.520588235294028,43.205615004026775,60.82434561106452,62.99646642595866,
BDCOM,BDCOM Online Ltd.,Strong buy,Strong buy,Buy,83.39340410810613,6.800000000000001,3.7626470588235534,243.26149689936818,88.90518084066473,87.30531117627896,
BDFINANCE,Bangladesh Finance PLC,Sell,Sell,Neutral,47.4716406092576,-0.29999999999999893,-0.8673529411765042,-54.87804878048804,39.122807017543835,37.39278752436645,"Dragonfly Doji, Long Lower Shadow"
BDLAMPS,Bangladesh Lamps PLC,Buy,Strong buy,Neutral,59.84842598374203,0.5999999999999943,13.437352941176641,43.00041214452559,50.76094276094276,52.571726735469404,"Long Upper Shadow, Shooting Star"
BDTHAI,Bangladesh Thai Aluminium Ltd.,Strong buy,Strong buy,Buy,66.05759747273325,1.1999999999999993,0.3876470588235357,220.72072072072643,77.56613756613757,75.61796228462897,Shooting Star
BDTHAIFOOD,BD Thai Food & Beverage Ltd.,Buy,Strong buy,Buy,65.40150034500152,1.0,0.8629411764705619,179.51759588770287,66.96969696969694,59.64207290294244,
BDWELDING,Bangladesh Welding Electrodes Ltd.,Buy,Strong buy,Buy,53.390251832951165,-0.09999999999999964,-0.26617647058819394,45.212765957431785,30.769230769230784,26.49572649572654,
BEACHHATCH,Beach Hatchery Ltd,Buy,Strong buy,Buy,73.82316836208449,5.200000000000003,6.855588235294256,93.71225125564354,83.59788359788361,78.75929759987731,Long Upper Shadow
BEACONPHAR,Beacon Pharmaceuticals PLC,Strong buy,Strong buy,Neutral,68.21028670642728,16.700000000000003,19.580588235294115,86.10779124694105,75.51239659070276,76.93449231071116,White Spinning Top
BENGALWTL,Bengal Windsor Thermoplastics PLC,Strong buy,Strong buy,Buy,71.15689959229113,2.3000000000000007,1.533823529411766,200.53578262533318,79.020979020979,72.92152292152291,
BERGERPBL,Berger Paints Bangladesh Ltd.,Sell,Strong sell,Neutral,32.091064863380254,-49.90000000000009,-50.44882352940772,-80.3451199441478,3.7305851845910922,3.01570116110174,
BESTHLDNG,Best Holdings PLC,Strong buy,Strong buy,Buy,69.13586010663832,2.200000000000003,1.427058823529432,174.7361887026687,80.20833333333337,80.55555555555556,
BEXIMCO,Bangladesh Export Import Company Ltd.,Sell,Sell,Buy,48.1697557197655,0.0,6.963318810448982e-13,-35.0877192982374,2.706168622523819e-15,3.2932761456155245e-15,
BGIC,Bangladesh General Insurance Company PLC,Buy,Strong buy,Neutral,60.27008087457932,1.2999999999999972,1.493235294117639,82.15564348973,82.63888888888886,82.40740740740739,
BIFC,Bangladesh Industrial Finance Company Ltd.,Strong sell,Strong sell,Sell,31.490722137270197,-1.5,-1.304705882352942,-86.41975308641979,26.38888888888889,28.240740740740737,
BNICL,Bangladesh National Insurance Company Ltd,Buy,Strong buy,Neutral,62.00216262264991,1.7999999999999972,2.8494117647058985,58.00494212511602,71.8614718614719,71.57287157287162,
BPML,Bashundhara Paper Mill Ltd.,Buy,Strong buy,Buy,67.73271408827163,5.0,3.7397058823529434,119.06416492935007,82.12168598133512,79.27484110719978,
BPPL,Baraka Patenga Power Ltd.,Strong buy,Strong buy,Neutral,58.56198660611688,1.0999999999999996,0.06617647058824616,211.5990365017628,80.50802139037434,77.9144385026738,
BRACBANK,BRAC Bank PLC,Buy,Strong buy,Sell,75.0515134540641,9.199999999999989,6.705882352941174,169.98420221168956,86.48018648018643,88.53627853627853,
BSC,Bangladesh Shipping Corporation,Buy,Buy,Buy,54.49494671718502,-2.8999999999999915,4.320000000000022,-38.32936822627393,22.079053843759723,35.10291328271354,
BSCPLC,Bangladesh Submarine Cables PLC,Buy,Strong buy,Neutral,59.76887005480406,2.3000000000000114,4.472941176470556,39.661847199178666,50.60606060606076,41.10062619165154,Long Lower Shadow
BSRMLTD,Bangladesh Steel Re-Rolling Mills Ltd.,Strong buy,Strong buy,Neutral,63.176960871134995,2.799999999999997,3.2994117647055248,102.17934976776539,57.1259609698403,54.72632893094154,"Gravestone Doji, Long Upper Shadow"
BSRMSTEEL,BSRM Steels Limited,Buy,Strong buy,Neutral,66.66645691108565,1.4000000000000057,3.4994117647059255,84.26874898324381,85.79842498841909,86.20651622438406,
BXPHARMA,Beximco Pharmaceuticals Limited,Buy,Strong buy,Neutral,62.2115047261672,4.8999999999999915,12.413823529411928,43.77000103231166,67.8572454233743,73.30584428996967,"Hanging Man, Long Lower Shadow"
CAPITECGBF,CAPITEC GRAMEEN BDT10 (MUTUAL FUND) Units,Buy,Buy,Buy,51.785957484562054,0.10000000000000053,-0.24352941176470466,0.7843137254869756,54.166666666666686,51.697530864197546,
CAPMBDBLMF,CAPM BDBL Mutual Fund 01 Units,Strong buy,Strong buy,Buy,62.73828405913046,1.6999999999999993,-0.18352941176470594,196.58119658119526,89.10130718954247,80.05647288155029,
CAPMIBBLMF,CAPM IBBL Islamic Mutual Fund Units,Neutral,Sell,Buy,46.764640098061044,0.3000000000000007,-0.5064705882353238,-17.336485421590428,38.88888888888892,31.790123456790138,
CENTRALINS,Central Insurance Company Limited,Buy,Strong buy,Neutral,58.691890148905266,3.1000000000000014,4.092058823529378,58.560066306442984,55.06556473829201,58.20015741833925,
CENTRALPHL,Central Pharmaceuticals Ltd.,Buy,Buy,Buy,53.04878940176477,0.1999999999999993,-0.5008823529411899,124.99999999999737,68.68686868686866,57.82828282828285,"Gravestone Doji, Long Upper Shadow"
CITYBANK,City Bank PLC,Strong buy,Strong buy,Buy,76.45505152169278,4.099999999999998,1.5364705882352254,229.00976290097762,91.85185185185185,88.6537330981775,
CITYGENINS,City Insurance PLC,Buy,Strong buy,Neutral,76.93573060001854,2.5999999999999943,6.3976470588234235,110.14070839398357,85.6589701188848,86.62335970622526,
CLICL,Chartered Life Insurance PLC,Strong buy,Strong buy,Buy,83.7428472980251,17.799999999999997,9.252941176470635,203.18952014808565,96.8444556791372,92.17649696871551,White Marubozu
CNATEX,C & A Textiles Ltd,Neutral,Sell,Neutral,51.8790763742537,0.0,-0.10323529411765264,6.837606837607632,74.6031746031746,69.04761904761905,"Dragonfly Doji, Long Lower Shadow"
CONFIDCEM,Confidence Cement PLC,Buy,Strong buy,Buy,71.74890712188208,5.099999999999994,4.804705882352984,167.47651441528836,81.640199243292,84.4492591147618,Hanging Man
CONTININS,Continental Insurance PLC,Buy,Strong buy,Neutral,64.76088685140438,2.900000000000002,2.7802941176470135,77.58925415340975,65.23809523809526,66.50793650793652,
COPPERTECH,Coppertech Industries Ltd,Strong buy,Strong buy,Neutral,64.3375762201886,1.6999999999999993,1.2317647058823873,148.8404292142619,80.81232492997201,78.21720354808592,
CROWNCEMNT,Crown Cement PLC,Strong buy,Strong buy,Buy,69.43956473926589,3.1000000000000014,2.435588235293963,153.90266299357495,85.47561588738057,82.04753379358831,
CRYSTALINS,Crystal Insurance Company Ltd,Buy,Strong buy,Neutral,73.39184022636645,10.0,9.725294117647074,80.38477624424935,81.67856198784035,80.33084192051916,
CVOPRL,CVO Petrochemical Refinery PLC,Buy,Strong buy,Neutral,62.372350394893814,5.399999999999977,13.911764705881808,50.08524734696029,58.334790939436544,61.61408804292304,
DACCADYE,Dacca Dyeing and Manufacturing Company Limited,Buy,Strong buy,Buy,75.87241691690453,3.3999999999999986,2.297058823529394,142.91133238501575,86.04651162790695,85.270702596284,
DAFODILCOM,Daffodil Computers PLC.,Buy,Strong buy,Neutral,66.93009442316503,4.200000000000003,4.33000000000014,166.0528958821575,77.99766593002758,74.51300606223047,
DBH,DBH Finance PLC,Strong buy,Strong buy,Buy,58.85379825635304,1.7999999999999972,0.24705882352901654,152.31481481480947,66.66666666666676,66.11111111111124,"Gravestone Doji, Long Upper Shadow"
DBH1STMF,DBH First Mutual Fund Units,Sell,Sell,Sell,33.016697282280546,-0.40000000000000036,-0.25911764705882145,-155.5555555555553,35.55555555555552,37.40740740740737,
DELTALIFE,Delta Life Insurance Company Ltd.,Buy,Strong buy,Neutral,69.44533828277015,8.5,7.437352941176059,92.7529292848761,82.4817518248175,78.26439578264394,
DELTASPINN,Delta Spinners Limited,Sell,Sell,Neutral,48.74342974584776,0.0,-0.036470588235300916,-16.915422885571044,34.52380952380952,40.674603174603156,
DESCO,Dhaka Electric Supply Co. Ltd.,Buy,Strong buy,Neutral,52.90836704230759,0.09999999999999787,0.24294117647063374,73.17073170733009,64.44444444444449,68.66096866096873,
DESHBANDHU,Deshbandhu Polymer Limited,Strong buy,Strong buy,Buy,65.3677719447832,2.099999999999998,1.2391176470588015,191.60104986876945,71.36752136752135,68.61584470280118,
DGIC,Desh General Insurance Company Ltd,Sell,Sell,Neutral,49.8474794054919,-0.5999999999999979,-0.2517647058823975,35.34430225472331,61.72595520421611,65.5028546332894,"Dragonfly Doji, Long Lower Shadow"
DHAKABANK,Dhaka Bank PLC,Buy,Strong buy,Neutral,56.845593893917254,0.40000000000000036,-0.01999999999999602,97.64664559185152,62.39316239316241,60.612535612535645,
DHAKAINS,Dhaka Insurance Limited,Buy,Strong buy,Neutral,57.103628668126014,0.7999999999999972,1.646470588235239,50.59868675163733,59.090909090909065,60.43771043771043,
DOMINAGE,Dominage Steel Building Systems Ltd,Buy,Strong buy,Neutral,77.88246523185683,1.5999999999999979,3.3423529411764843,121.57765836897316,87.23544973544976,86.06337408224204,
DOREENPWR,Doreen Power Generations & Systems Ltd.,Buy,Strong buy,Neutral,77.57035854777698,5.899999999999999,3.9514705882354164,156.05861767279086,86.1346194679528,83.14324425435537,
DSHGARME,Desh Garments Limited.,Buy,Strong buy,Buy,64.70222452745976,17.700000000000003,7.6582352941174605,197.51791644817317,78.83060507654581,76.03106720187289,
DSSL,Dragon Sweater & Spinning Ltd.,Strong buy,Strong buy,Buy,62.42063931103485,0.8000000000000007,0.540882352941157,113.31861662987673,65.39682539682535,62.275132275132215,
DULAMIACOT,Dulamia Cotton Spinning Mills Limited,Strong buy,Strong buy,Buy,74.83020951102671,18.39999999999999,17.194411764705933,179.90185914714237,94.29277028420056,88.34884405308127,
DUTCHBANGL,Dutch-Bangla Bank PLC,Buy,Buy,Buy,53.546614967348255,1.5,-1.5085294117647905,52.58799171842216,81.97530864197529,64.38271604938272,
EASTERNINS,Eastern Insurance Co. Ltd.,Strong buy,Strong buy,Neutral,66.80190795617357,4.199999999999996,5.928235294117741,69.18333962501728,64.1612554112554,65.34541847041847,
EASTLAND,Eastland Insurance PLC,Buy,Strong buy,Sell,72.99326953744684,2.5,2.1150000000000233,142.70635423263533,77.55102040816325,83.47707554056764,
EASTRNLUB,Eastern Lubricants Blenders PLC,Sell,Sell,Sell,46.14528588835391,-31.90000000000009,-52.34029411764095,-37.211029316804094,28.914575329413633,41.66452914350494,
EBL,Eastern Bank PLC,Buy,Strong buy,Neutral,56.770535661967294,0.5,-0.12117647058817127,70.83333333333553,37.25490196078439,37.25490196078439,Hanging Man
EBL1STMF,EBL First Mutual Fund Units,Sell,Strong sell,Buy,42.88953952172867,0.0,-0.1979411764705885,-22.72727272726096,46.6666666666666,57.77777777777774,"Gravestone Doji, Long Upper Shadow"
EBLNRBMF,EBL NRB Mutual Fund,Strong sell,Strong sell,Sell,35.96181823397802,-0.10000000000000009,-0.1429411764705848,-147.4747474747472,4.736951571734001e-15,11.111111111111114,
ECABLES,Eastern Cables Ltd.,Strong buy,Strong buy,Neutral,69.18415609614557,15.900000000000006,11.984411764705897,170.5166258011798,85.80643344036956,83.80553987745932,
EGEN,eGeneration PLC,Buy,Strong buy,Neutral,74.61647154281798,3.599999999999998,3.232352941176476,156.33367662203918,82.30348886086593,82.5495045472171,
EHL,Eastern Housing Ltd.,Strong buy,Strong buy,Buy,66.1294032550251,3.5999999999999943,5.493235294117554,128.0373831775707,81.58467202141902,75.33520045092655,
EIL,Express Insurance Ltd.,Sell,Strong sell,Neutral,39.85842774132055,-1.6999999999999957,-1.1708823529411063,-25.64102564102186,37.837837837837846,39.639639639639654,
EMERALDOIL,Emerald Oil Industries Ltd.,Sell,Strong sell,Neutral,40.56565935878294,-1.7000000000000028,-1.779999999999884,-55.216923628540414,34.14634146341464,32.520325203252064,"Dragonfly Doji, Long Lower Shadow"
ENVOYTEX,Envoy Textiles Ltd.,Strong buy,Strong buy,Buy,72.57105763095367,9.0,7.437058823529362,130.8557596468745,81.27936195782804,80.53832575084505,Shooting Star
EPGL,Energypac Power Generation PLC,Buy,Strong buy,Neutral,69.71344930401588,5.5,4.244117647058836,129.34926958831244,72.42798353909464,75.03429355281207,Bearish Harami
ESQUIRENIT,Esquire Knit Composite PLC,Strong buy,Strong buy,Buy,70.63189075068337,3.8000000000000007,2.767941176470714,132.4200913242001,81.62055335968381,78.2678776665826,
ETL,Evince Textiles Ltd.,Buy,Strong buy,Sell,74.60378843244874,2.1999999999999993,1.442941176470578,171.7469682071481,85.18518518518518,87.68371546149324,
EXIM1STMF,EXIM Bank 1st Mutual Fund 2013- Units,Sell,Sell,Neutral,36.057930044215915,-0.20000000000000018,-0.2641176470588231,-137.95853269538014,20.83333333333339,30.555555555555603,
EXIMBANK,Export Import Bank of Bangladesh PLC,Sell,Strong sell,Neutral,29.647155483698256,-0.39999999999999947,-1.1608823529412193,-72.2238358021108,8.888888888888877,8.580246913580226,
FAMILYTEX,Familytex (BD) Ltd.,Sell,Strong sell,Neutral,38.95815672358737,-0.20000000000000018,-0.24617647058823078,-77.51937984496121,33.33333333333334,33.33333333333334,"Dragonfly Doji, Long Lower Shadow"
FARCHEM,FAR Chemicals Industries Ltd,Strong buy,Strong buy,Neutral,57.71401989647499,1.0999999999999979,0.2791176470588148,80.28673835125602,68.52394916911047,68.07863582057132,
FAREASTFIN,Fareast Finance & Investment Ltd.,Sell,Strong sell,Neutral,18.354197934954996,-1.2,-1.203235294117646,-130.35870516185474,2.08333333333333,1.3888888888888882,"Dragonfly Doji, Long Lower Shadow"
FAREASTLIF,Fareast Islami Life Insurance Company Limited,Buy,Strong buy,Buy,58.0732610434546,2.0,0.5335294117646967,84.21052631578578,57.723577235772346,59.62059620596205,White Marubozu
FASFIN,FAS Finance & Investment Limited,Strong sell,Strong sell,Sell,19.32500507772201,-0.8999999999999999,-0.8870588235294155,-102.46382479468113,15.598290598290598,15.455840455840454,
FBFIF,First Bangladesh Fixed Income Fund Units,Sell,Strong sell,Neutral,39.507449539269466,0.0,-0.13794117647058446,-80.24691358024455,33.33333333333325,32.40740740740733,
FEDERALINS,Federal Insurance PLC,Buy,Strong buy,Neutral,64.2984971841185,1.1000000000000014,1.4035294117646337,106.28415300546531,86.27450980392162,85.64133986928108,
FEKDIL,Far East Knitting & Dyeing Industries PLC.,Strong buy,Strong buy,Buy,67.08083286207241,1.3999999999999986,1.5805882352941154,94.63942727431451,72.68673355629873,73.46711259754734,
FINEFOODS,Fine Foods Limited,Buy,Strong buy,Neutral,81.41490550304357,25.19999999999999,21.73617647058842,119.8883192528946,93.3360572672478,93.41663043815778,"Long Upper Shadow, Shooting Star"
FIRSTFIN,First Finance Ltd.,Sell,Sell,Neutral,48.03499261110393,-0.20000000000000018,-0.3479411764705902,2.229654403567791,64.8148148148148,49.1358024691358,
FIRSTSBANK,First Security Islami Bank PLC,Sell,Strong sell,Neutral,27.950381169054012,-0.6000000000000001,-0.7805882352941174,-83.72827804107449,9.393939393939405,12.222222222222237,"Gravestone Doji, Long Upper Shadow"
FORTUNE,Fortune Shoes Ltd.,Buy,Strong buy,Buy,62.83886672461596,1.3000000000000007,0.24382352941175256,224.79338842975187,70.85921325051757,64.19944789510005,
FUWANGCER,Fu-Wang Ceramic Industry Ltd.,Strong buy,Strong buy,Buy,63.23784507158371,0.8999999999999986,0.31499999999997996,213.41222879684221,72.27564102564097,66.82692307692304,
FUWANGFOOD,Fu-Wang Foods Limited,Strong buy,Strong buy,Buy,63.4101736019501,1.0,0.2767647058823268,241.18673647469535,69.67178175618074,66.85137823245242,
GBBPOWER,GBB POWER Ltd.,Sell,Strong sell,Sell,42.159086500691224,-0.6000000000000005,-0.6238235294117676,-52.99313052011803,41.02564102564102,42.36874236874237,
GEMINISEA,Gemini Sea Food PLC,Buy,Strong buy,Neutral,71.02879804514143,18.799999999999983,26.05647058823618,62.936784733916504,63.720602732009574,67.14825740169451,Long Lower Shadow
GENEXIL,Genex Infosys PLC,Buy,Strong buy,Sell,72.46891817992203,3.6000000000000014,1.9002941176469967,214.26734557424473,85.73690460482914,85.20864343593611,
GENNEXT,Generation Next Fashions Ltd.,Buy,Strong buy,Buy,71.38588283129948,0.19999999999999973,0.049705882352942155,224.25629290617965,88.88888888888887,85.18518518518516,"Dragonfly Doji, Long Lower Shadow"
GHAIL,Golden Harvest Agro Industries Ltd.,Strong buy,Strong buy,Buy,59.12884179499322,0.5999999999999996,0.4223529411764595,134.20348058902528,48.333333333333286,47.540610786224796,Shooting Star
GHCL,Global Heavy Chemicals Ltd.,Buy,Strong buy,Buy,72.02461300018933,2.599999999999998,2.249117647058654,133.1619537275066,70.2020202020202,75.08352758352756,
GIB,Global Islami Bank PLC,Sell,Strong sell,Neutral,22.409065521887527,-0.40000000000000036,-0.5270588235294151,-102.39507800483487,9.523809523809494,7.53968253968253,"Dragonfly Doji, Long Lower Shadow"
GLDNJMF,ICB AMCL CMSF GOLDEN JUBILEE MUTUAL FUND,Sell,Strong sell,Buy,39.00320136988062,0.0,-0.4273529411764718,-42.28855721392809,41.66666666666666,42.43827160493826,
GLOBALINS,Global Insurance PLC,Buy,Strong buy,Neutral,54.42851366701971,0.1999999999999993,0.1411764705882561,60.52631578947603,66.66666666666671,66.66666666666671,
GOLDENSON,Golden Son Limited,Strong buy,Strong buy,Buy,72.71810938951486,1.9000000000000004,0.47852941176472186,243.7126580519645,83.11111111111116,78.70899470899472,
GP,Grameenphone Ltd.,Buy,Strong buy,Buy,57.00245131785193,9.199999999999989,-1.5717647058823445,47.99624479259459,78.721174004193,67.50540360456993,
GPHISPAT,GPH Ispat Limited,Buy,Strong buy,Buy,64.97538226737657,1.5999999999999979,1.060588235294265,151.2789768185414,78.39093273875874,83.55196333457195,
GQBALLPEN,G.Q. Ball Pen Industries Limited,Buy,Strong buy,Neutral,85.86794019187452,68.5,110.18500000000006,79.62905591011429,90.25151679788246,90.2587301967405,
GRAMEENS2,Grameen Mutual Fund One - Grameen Two Units,Buy,Strong buy,Neutral,54.04652108549155,0.1999999999999993,-0.14147058823528624,29.49852507374464,46.66666666666668,42.22222222222225,
GREENDELMF,Green Delta Mutual Fund 2010 Units,Sell,Strong sell,Neutral,30.40647000159106,-0.10000000000000009,-0.3017647058823507,-98.43937575029996,8.333333333333359,15.000000000000036,
GREENDELT,Green Delta Insurance PLC,Strong buy,Strong buy,Buy,69.21405841539047,3.700000000000003,3.73117647058816,89.6675143637536,67.56978653530382,69.12431487894531,
GSPFINANCE,GSP Finance Company PLC,Sell,Strong sell,Neutral,33.09716410288742,-1.0000000000000004,-1.0761764705882486,-90.99562154959496,16.17933723196882,20.597790773229377,White Marubozu
HAKKANIPUL,Hakkani Pulp & Paper Mills PLC,Buy,Strong buy,Neutral,60.1420072830794,-0.3999999999999915,5.07617647058818,-33.55366698143014,55.075652308167385,49.50465750604707,
HAMI,Hami Industries PLC,Buy,Buy,Buy,53.690696805467155,3.0999999999999943,1.8708823529413223,53.84336475707243,40.384615384615415,47.090227136098726,
HEIDELBCEM,Heidelberg Materials Bangladesh PLC,Strong buy,Strong buy,Buy,57.35672205095636,12.299999999999983,9.376470588234923,91.99208342848537,53.300834574336044,63.17904434612627,
HFL,Hamid Fabrics PLC,Sell,Strong sell,Neutral,48.32285073502062,0.0,-0.06882352941177317,4.629629629631313,37.50000000000006,51.190476190476204,
HRTEX,H.R. Textile Mills Ltd.,Buy,Strong buy,Neutral,57.320005721074764,3.1999999999999993,3.3426470588235304,108.01963993453286,70.78843226788432,74.58954845256214,
HWAWELLTEX,Hwa Well Textiles (BD)PLC,Buy,Strong buy,Neutral,57.17617117963216,0.0,3.4067647058824235,23.99349328995405,44.73004215966273,53.28929444036144,"Gravestone Doji, Long Upper Shadow"
IBNSINA,BN SINA Pharmaceutical Industry PLC,Buy,Strong buy,Neutral,69.5053685230078,22.0,10.904999999999916,184.11182410585513,72.79693486590037,75.56934865900382,Black Marubozu
IBP,Indo-Bangla Pharmaceuticals Ltd.,Strong buy,Strong buy,Buy,67.15282839387648,1.4000000000000004,0.41617647058830265,253.27510917030818,77.93062200956939,68.55728335991495,"Gravestone Doji, Long Upper Shadow"
ICB,Investment Corporation of Bangladesh,Buy,Strong buy,Neutral,61.335514139084516,0.9000000000000057,1.4091176470588351,59.73393292111772,51.249644785450464,54.28665878154367,
ICB3RDNRB,ICB AMCL Third NRB Mutual Fund 2010 Units,Sell,Strong sell,Neutral,44.87222175085382,0.0,-0.167352941176504,-31.674208144798325,66.66666666666659,62.407407407407355,
ICBAGRANI1,ICB AMCL First Agrani Bank Mutual Fund Units,Sell,Strong sell,Neutral,46.635369152978235,0.0,-0.1635294117647117,-66.11570247934137,23.809523809523842,21.16402116402121,
ICBAMCL2ND,ICB AMCL Second Mutual Fund Units,Sell,Strong sell,Neutral,44.40863356767204,0.0,-0.2282352941176029,-41.269841269852186,46.666666666666686,46.349206349206376,
ICBEPMF1S1,ICB Employees Provident Mutual Fund One Scheme One Units,Strong sell,Strong sell,Sell,39.613283316274654,-0.20000000000000018,-0.2502941176470648,-95.23809523810046,22.22222222222227,25.925925925925966,
ICBIBANK,ICB Islamic Bank Limited,Sell,Strong sell,Sell,40.81462240562119,-0.2999999999999998,-0.25117647058822046,-80.85430968726006,27.7777777777778,24.444444444444446,
ICBSONALI1,ICB AMCL Sonali Bank Ltd 1st Mutual Fund 2013- Units,Sell,Strong sell,Neutral,40.69178053024453,-0.09999999999999964,-0.3785294117647169,-54.901960784315754,37.7777777777778,44.02116402116403,
ICICL,Islami Commercial Insurance PLC.,Buy,Strong buy,Neutral,65.8385162115419,1.0,1.0088235294117354,119.70709964979564,91.5750915750916,86.7496947496948,
IDLC,IDLC Finance PLC.,Strong buy,Strong buy,Buy,68.14067842046943,4.100000000000001,1.2138235294117052,201.8870363189886,80.58605249125266,77.40294750955893,
IFADAUTOS,IFAD Autos PLC,Buy,Strong buy,Neutral,64.94447775247019,1.7000000000000028,1.2961764705882288,174.09024745269465,75.96786082854197,74.00594115444123,
IFIC,IFIC Bank PLC,Sell,Strong sell,Neutral,46.06423461757606,-0.09999999999999964,-0.40205882352941735,-42.735042735050655,28.571428571428545,28.730158730158706,White Marubozu
IFIC1STMF,IFIC Bank 1st Mutual Fund Units,Sell,Sell,Neutral,46.911757090189916,0.0,-0.2608823529411781,-44.590643274853576,16.666666666666654,12.433862433862389,White Marubozu
IFILISLMF1,IFIL Islamic Mutual Fund - 1 Units,Sell,Strong sell,Neutral,40.78206542530922,0.0,-0.3508823529411753,-37.97979797980226,52.2222222222222,44.44444444444446,
ILFSL,International Leasing and Financial Services Ltd.,Strong sell,Strong sell,Neutral,22.72159481741589,-0.7000000000000002,-0.7608823529411748,-94.88139825218524,21.212121212121204,22.558922558922557,
INDEXAGRO,Index Agro Industries Ltd,Strong buy,Strong buy,Buy,75.65148225855395,10.599999999999994,6.327058823529711,330.0576075906491,71.32832080200502,52.898913951545545,
INTECH,Intech Ltd.,Buy,Strong buy,Neutral,91.78279121274822,14.799999999999997,9.599705882352946,232.91721419185293,96.8954248366013,98.81894278179111,
INTRACO,Intraco Refueling Station PLC,Buy,Strong buy,Sell,80.36989250967889,4.699999999999999,3.943529411764679,164.6807753868055,87.30711999836929,88.89182856737956,
IPDC,IPDC Finance PLC,Strong buy,Strong buy,Buy,65.05028468930398,1.5999999999999979,0.6488235294118958,219.44840703756924,80.61728395061728,76.50205761316876,"Gravestone Doji, Long Upper Shadow"
ISLAMIBANK,Islami Bank Bangladesh PLC,Neutral,Sell,Neutral,47.00268766036971,-1.3999999999999986,-2.085000000000079,-69.75397973950955,35.71428571428571,37.318401937045984,
ISLAMICFIN,Islamic Finance & Investment PLC,Sell,Strong sell,Neutral,43.15836694155281,-0.40000000000000036,-0.47117647058823486,-7.1684587813627365,60.41666666666668,55.239898989899,
ISLAMIINS,Islami Insurance Bangladesh Limited,Strong buy,Strong buy,Neutral,59.910379935912864,2.5,1.499705882352984,83.35817188275948,62.5228758169935,62.017429193899794,
ISNLTD,Information Services Network Ltd.,Buy,Strong buy,Sell,92.97211540116403,44.0,47.00558823529418,110.60024056182829,90.70069455075225,89.87455394426128,
ITC,IT Consultants PLC,Buy,Strong buy,Sell,71.57923885598262,5.099999999999994,4.32882352941165,177.54868270332287,81.71906197392632,78.34965898704823,
JAMUNABANK,Jamuna Bank PLC,Strong buy,Strong buy,Buy,73.39606106307187,1.6999999999999993,1.1094117647058432,249.62630792227623,83.06878306878305,77.77777777777776,
JAMUNAOIL,Jamuna Oil Company Limited,Buy,Strong buy,Neutral,57.19315374242233,2.3000000000000114,0.8250000000005286,48.894062863818675,62.09150326797394,65.41727802232006,
JANATAINS,Janata Insurance PLC,Strong buy,Strong buy,Buy,62.12234313070837,1.6999999999999993,1.0945418714705681,82.63953129818186,74.4444444444445,75.92592592592598,
JHRML,JMI Hospital Requisite Manufacturing Ltd,Strong buy,Strong buy,Buy,68.12654002754502,4.0,4.2752941176470145,120.86367701545942,75.51131616921089,70.86023138654714,Shooting Star
JMISMDL,JMI Syringes & Medical Devices Ltd.,Buy,Strong buy,Neutral,58.068510705066714,5.800000000000011,6.975000000000335,37.48155435316879,42.811447811447835,42.52177387479659,
JUTESPINN,Jute Spinners Limited,Sell,Strong sell,Sell,43.00682642258519,-35.099999999999994,-5.183823529411626,-59.319557503653236,26.901669758812584,29.354772211915076,Black Marubozu
KARNAPHULI,Karnaphuli Insurance PLC,Buy,Strong buy,Neutral,57.64668691941278,-0.5,1.3950000000000102,47.46776303494438,52.08333333333338,52.546296296296326,
KAY&QUE,Kay and Que (Bangladesh) Ltd.,Strong buy,Strong buy,Buy,78.26919763994181,65.69999999999999,65.82705882352934,137.3443568131499,90.00918003139203,86.39277447053418,Doji
KBPPWBIL,Khan Brothers PP Woven Bag Industries Ltd,Strong buy,Strong buy,Neutral,74.91327421756327,24.39999999999999,6.3597058823529835,317.83505402738547,91.65057989041792,81.64424642723314,"Gravestone Doji, Long Upper Shadow"
KDSALTD,KDS Accessories Ltd.,Strong buy,Strong buy,Buy,65.30336012422352,4.399999999999999,3.822647058823499,109.50947779713827,71.15740740740739,70.21604938271604,
KEYACOSMET,Keya Cosmetic Ltd.,Buy,Strong buy,Neutral,54.00798177408759,0.20000000000000018,0.05000000000000071,66.35071090046871,50.0,54.44444444444443,
KOHINOOR,Kohinoor Chemical Co. (Bangladesh) Ltd.,Strong buy,Strong buy,Buy,68.96050381262123,34.39999999999998,30.78999999999985,137.28492867254707,89.90395578472642,78.60516538329217,
KPCL,Khulna Power Company Ltd.,Buy,Buy,Neutral,55.91771205486536,0.1999999999999993,-0.03764705882334063,117.64705882351642,58.974358974359006,62.20322886989559,
KPPL,Khulna Printing & Packaging Ltd,Neutral,Neutral,Buy,50.663280149507436,-0.1999999999999993,-1.18676470588235,27.893175074184303,35.48387096774193,30.82437275985662,Doji
KTL,Kattali Textile Ltd.,Strong buy,Strong buy,Buy,68.41167783160873,1.4000000000000004,1.583235294117653,93.04310712761671,77.77777777777781,76.54320987654323,
LANKABAFIN,LankaBangla Finance PLC,Buy,Buy,Neutral,51.03983070260333,-0.29999999999999716,-0.503529411764724,-18.326693227091393,27.272727272727252,25.757575757575722,
LEGACYFOOT,Legacy Footwear Ltd.,Strong buy,Strong buy,Buy,63.54279312669323,6.299999999999997,7.43852941176479,83.60826001955016,76.80706422195227,74.16979523070101,
LHB,LafargeHolcim Bangladesh PLC,Buy,Strong buy,Neutral,56.688030663411475,1.3000000000000043,0.8029411764707675,56.68333823674108,57.333638583638624,66.28459503459509,
LIBRAINFU,Libra Infusions Ltd.,Buy,Strong buy,Buy,54.33751806766532,20.399999999999977,21.753823529412557,55.071205086237285,37.84167704186458,52.017832821807524,
LINDEBD,Linde Bangladesh Limited,Neutral,Sell,Neutral,51.75798148935961,-5.2999999999999545,4.459411764708079,-3.585900983520135,28.10810810810804,44.2155858482389,Black Marubozu
LOVELLO,Taufika Foods and Lovello Ice-cream PLC,Buy,Strong buy,Neutral,66.37409072723321,17.299999999999997,7.752058823529467,163.91404723849993,79.14602805415574,81.09201603162674,
LRBDL,Lub-rref (Bangladesh) Ltd,Buy,Strong buy,Neutral,57.452417292137916,0.3000000000000007,-0.07088235294117773,154.7918412964477,69.69696969696969,67.67676767676768,"Gravestone Doji, Long Upper Shadow"
LRGLOBMF1,LR Global Bangladesh Mutual Fund One Units,Sell,Strong sell,Sell,32.62239520711107,-0.20000000000000018,-0.1794117647058866,-71.42857142857119,-1.0658141036401503e-14,-8.881784197001252e-16,Black Marubozu
MAGURAPLEX,Magura Multiplex PLC,Strong buy,Strong buy,Buy,66.3666414469277,14.299999999999997,14.153529411764637,76.21388176285069,78.77123266323827,78.13403632711723,
MAKSONSPIN,Maksons Spinning Mills PLC,Buy,Strong buy,Neutral,54.57800127518831,0.1999999999999993,-0.026470588235321557,3.838771593090483,48.4126984126984,41.313932980599645,Doji
MALEKSPIN,Malek Spinning Mills PLC,Strong buy,Strong buy,Buy,71.5030460141356,3.599999999999998,4.762647058823539,105.46726221391224,76.43567874911162,74.66595593461268,"Gravestone Doji, Long Upper Shadow"
MARICO,Marico Bangladesh Limited.,Buy,Strong buy,Neutral,64.45952613125144,9.0,86.69470588235936,69.19023849140699,74.07142857142857,74.22030096364698,
MATINSPINN,Matin Spinning PLC,Buy,Strong buy,Neutral,68.60307031647966,3.5999999999999943,4.261176470588239,82.62872069842842,71.7639927720213,75.94538580111806,"Dragonfly Doji, Long Lower Shadow"
MBL1STMF,MBL 1st Mutual Fund 2010- Units,Buy,Buy,Neutral,50.88789773701093,0.2999999999999998,-0.18441176470588072,45.11784511784498,63.690476190476204,59.98677248677248,Black Marubozu
MEGCONMILK,Meghna Condensed Milk Industries Ltd.,Buy,Buy,Neutral,51.86267174482462,-2.3000000000000007,-0.0029411764705820076,4.095653322763265,16.071428571428584,14.317720074587415,
MEGHNACEM,Meghna Cement Mills PLC,Strong buy,Strong buy,Neutral,66.06320516681487,0.7000000000000028,4.855882352941109,64.20898732494663,60.29040404040404,55.65235690235691,
MEGHNAINS,Meghna Insurance Company Ltd,Buy,Strong buy,Neutral,58.833473400871746,0.3999999999999986,0.9105882352940995,74.62481068428708,64.70588235294115,61.66789522826673,"Gravestone Doji, Long Upper Shadow"
MEGHNALIFE,Meghna Life Insurance PLC,Buy,Strong buy,Neutral,76.76906056030249,8.400000000000006,7.524411764705967,139.09956430530818,86.33160483978197,82.72257964749177,
MEGHNAPET,Meghna Pet Industries Ltd.,Strong buy,Strong buy,Buy,58.64581891126241,-1.6000000000000014,0.417647058823551,29.22077922078108,32.812499999999986,23.323401950162502,
MERCANBANK,Mercantile Bank PLC,Strong buy,Strong buy,Buy,58.92112911804287,0.5999999999999996,0.32911764705879065,88.1355932203389,61.111111111111065,65.30864197530857,
MERCINS,Mercantile Islami Insurance PLC,Strong buy,Strong buy,Neutral,58.39958657286919,1.0,0.32970588235289,97.69882922890736,57.72357723577236,56.82926829268292,
METROSPIN,Metro Spinning Ltd.,Buy,Buy,Buy,55.532028801435295,0.6000000000000014,-0.02529411764701095,100.84033613445294,61.53846153846155,64.78632478632478,
MHSML,Mozaffar Hossain Spinning Mills Ltd.,Strong buy,Strong buy,Buy,68.05944520326366,2.5999999999999996,1.7776470588235398,144.70812875067833,80.27332144979208,81.00613982966928,Doji
MIDASFIN,MIDAS Financing PLC,Sell,Strong sell,Neutral,43.82827344330257,-0.20000000000000018,-0.6738235294117692,-45.36862003780828,40.07936507936507,38.41269841269841,
MIDLANDBNK,Midland Bank PLC,Sell,Strong sell,Buy,39.38315702695379,-0.8999999999999986,-2.0461764705882537,-63.41981489910574,16.666666666666693,20.20202020202021,Inverted Hammer
MIRACLEIND,Miracle Industries Limited,Strong buy,Strong buy,Buy,78.93596089458288,7.0,1.9447058823529098,316.0873794994243,91.5352852852853,86.61104286104289,
MIRAKHTER,Mir Akhter Hossain Ltd,Strong buy,Strong buy,Buy,69.1541189207481,4.700000000000003,3.365882352941181,139.94131904579882,84.65608465608467,81.1816578483245,
MITHUNKNIT,Mithun Knitting & Dyeing (CEPZ) Ltd.,Buy,Strong buy,Buy,56.59472660330319,0.09999999999999787,2.0176470588235382,39.07203907203827,39.992257065427815,45.009108452103355,
MJLBD,MJL Bangladesh PLC,Buy,Buy,Neutral,51.3129108586717,0.0,0.20647058823539055,-50.536266133437195,36.58330312915311,46.164069107164444,
MLDYEING,M.L. Dyeing & Textile Ind. PLC,Buy,Strong buy,Buy,55.30432245138563,0.5999999999999996,0.3617647058823579,108.97435897436284,62.500000000000036,65.97222222222226,Black Marubozu
MONNOAGML,Monno Agro & General Machinery Ltd.,Strong buy,Strong buy,Buy,64.74155595728702,40.5,22.090294117646977,125.80841976814996,64.44444444444447,54.23535463568144,
MONNOCERA,Monno Ceramic Industries Limited.,Strong buy,Strong buy,Buy,62.474111914927846,7.0,1.976176470588328,124.46835767358884,72.14663311179582,66.15546392816519,
MONNOFABR,Monno Fabrics Ltd.,Strong buy,Strong buy,Buy,79.27158488708172,5.5,4.193235294117681,134.48444204629953,85.15862247205528,82.89780252099798,
MONOSPOOL,Monospool Bangladesh PLC,Buy,Strong buy,Neutral,60.10183673240435,8.5,8.07294117647028,57.96154055673316,59.12094898693304,60.7589218491191,
MPETROLEUM,Meghna Petroleum Limited,Buy,Strong buy,Neutral,56.19870512926016,0.6999999999999886,-1.0523529411767072,46.44261443726169,48.94514767932484,43.17862165963424,
MTB,Mutual Trust Bank PLC,Strong buy,Strong buy,Buy,62.04110493197203,0.5999999999999996,0.2482352941176469,149.82164090370452,78.1481481481481,81.29629629629626,
NAHEEACP,Nahee Aluminum Composite Panel PLC,Strong buy,Strong buy,Buy,73.01545189006966,3.6999999999999993,1.7364705882353562,216.42942891442408,82.27450980392156,78.4052287581699,
NATLIFEINS,National Life Insurance PLC,Buy,Strong buy,Neutral,70.4734804152588,18.599999999999994,14.08588235294107,126.8867259133863,82.46913580246913,85.8223080962099,"Gravestone Doji, Long Upper Shadow"
NAVANACNG,Navana CNG Limited,Strong buy,Strong buy,Buy,60.49069555891717,1.3999999999999986,0.5361764705881988,138.50786216124536,59.999999999999964,59.91769547325102,"Gravestone Doji, Long Upper Shadow"
NAVANAPHAR,Navana Pharmaceuticals PLC,Strong buy,Strong buy,Buy,70.25277802697887,7.5,6.142941176470579,127.94985250737528,76.63817663817666,75.23741690408359,Shooting Star
NBL,National Bank Limited,Sell,Strong sell,Neutral,44.19099896676699,-0.10000000000000009,-0.18558823529412027,-95.95959595959236,16.666666666666682,16.666666666666682,"Dragonfly Doji, Long Lower Shadow"
NCCBANK,National Credit and Commerce Bank PLC,Buy,Strong buy,Neutral,57.72546802625797,0.5,0.08352941176477024,13.239875389406354,40.47619047619052,35.714285714285744,White Marubozu
NCCBLMF1,NCCBL Mutual Fund-1 2012- Dividend Units,Strong sell,Strong sell,Neutral,34.81898794034379,-0.09999999999999964,-0.3476470588235214,-52.32755691471359,35.000000000000064,33.994708994709036,"Gravestone Doji, Long Upper Shadow"
NEWLINE,New Line Clothings Ltd.,Sell,Strong sell,Neutral,45.526337587149825,-0.7000000000000002,-0.5850000000000328,-52.583862194013896,31.372549019607845,32.02614379084969,"Dragonfly Doji, Long Lower Shadow"
NFML,National Feed Mill Ltd,Sell,Sell,Neutral,45.805459523325446,-0.09999999999999964,-0.4117647058823568,-38.461538461535746,38.095238095237995,40.4761904761904,
NHFIL,National Housing Finance PLC,Strong buy,Strong buy,Buy,58.42045687877344,1.8000000000000007,0.36823529411780953,175.69258266309242,67.63167388167392,66.12944925444926,Shooting Star
NITOLINS,Nitol Insurance Co. Ltd.,Buy,Strong buy,Sell,56.466385390317214,0.5,0.8229411764706178,36.70395554580519,52.136752136752165,54.01109611635929,
NORTHERN,Northern Jute Manufacturing Co. Ltd.,Neutral,Neutral,Neutral,49.1808165468899,-18.099999999999994,0.9697058823528977,-78.73246937688609,7.575217559179076,11.783341748591694,
NORTHRNINS,Northern Islami Insurance PLC,Buy,Strong buy,Neutral,59.48662228265257,3.3000000000000007,2.1455882352941202,63.29999588426602,60.43694570625135,67.42180084900444,Doji
NPOLYMER,National Polymer Industries PLC,Strong buy,Strong buy,Buy,70.7323874508394,5.300000000000001,3.074705882352898,159.31145629736272,86.80351906158357,80.97745562748605,
NRBBANK,NRB Bank PLC,Neutral,Neutral,Buy,51.993278179905545,0.5999999999999996,-0.6376470588235197,131.39059304703687,79.67032967032965,75.27472527472524,
NRBCBANK,NRBC Bank PLC,Sell,Strong sell,Neutral,44.87458766206947,-0.20000000000000018,-0.41676470588240555,-58.77680698967202,16.666666666666675,10.956790123456793,
NTC,National Tea Company Limited,Buy,Strong buy,Buy,58.05864520704068,3.6999999999999886,23.750294117647513,65.98395081586196,69.21049264235442,77.27597884726269,Black Marubozu
NTLTUBES,National Tubes Limited,Strong buy,Strong buy,Buy,59.843612490690916,4.799999999999997,0.28823529411732807,184.0867645647285,63.56975887442485,51.39409002961492,
NURANI,Nurani Dyeing & Sweater Ltd.,Strong sell,Strong sell,Sell,37.08672653718934,-0.3999999999999999,-0.3385294117647075,-101.31894484412433,49.99999999999999,52.16049382716049,
OAL,Olympic Accessories Ltd,Neutral,Sell,Neutral,49.25645805715927,-0.10000000000000053,-0.17617647058823227,71.82599898836736,62.96296296296291,65.43209876543206,"Gravestone Doji, Long Upper Shadow"
OIMEX,Oimex Electrode Ltd.,Buy,Strong buy,Buy,58.737081263717876,1.8999999999999986,0.720000000000077,146.4160171175287,72.00956937799042,71.01423592651662,
OLYMPIC,Olympic Industries PLC.,Buy,Strong buy,Neutral,55.19634771470851,1.3999999999999773,2.6435294117650017,72.62885765066765,46.900584795321606,52.865497076023416,
ONEBANKPLC,One Bank PLC,Buy,Strong buy,Neutral,51.632271734414694,0.09999999999999964,-0.2550000000000132,23.614895549499792,42.857142857142854,39.68253968253969,
ORIONINFU,Orion Infusion Ltd.,Strong buy,Strong buy,Buy,79.87337616922309,56.200000000000045,110.95117647058805,99.81868083351165,89.6424447609571,89.82446840760129,
ORIONPHARM,Orion Pharma Ltd.,Buy,Strong buy,Neutral,83.40044851247433,10.100000000000001,6.140882352941169,164.11212372272874,93.13222079589218,92.9629035325441,Black Spinning Top
PADMALIFE,Padma Islami Life Insurance Ltd.,Strong buy,Strong buy,Buy,54.48045205734575,2.1000000000000014,0.20147058823529918,93.08469308469328,62.69841269841271,64.02116402116404,
PADMAOIL,Padma Oil PLC,Strong buy,Strong buy,Neutral,58.57077136692302,1.9000000000000057,1.7249999999997954,40.79351774242526,52.222222222222115,58.70370370370358,White Marubozu
PARAMOUNT,Paramount Insurance PLC.,Buy,Strong buy,Neutral,61.05149368664106,3.200000000000003,4.813529411764655,60.10154681780622,57.85714285714287,59.92063492063491,
PDL,Pacific Denims Ltd.,Buy,Strong buy,Buy,58.746541469461334,0.5,-0.11558823529413687,76.3473053892238,81.81818181818181,74.32659932659934,"Dragonfly Doji, Long Lower Shadow"
PENINSULA,The Peninsula Chittagong PLC,Buy,Strong buy,Neutral,76.58502340501758,2.0,1.0608823529411904,205.4054054054031,89.27777777777779,88.53703703703707,
PEOPLESINS,Peoples Insurance Company Limited,Buy,Strong buy,Sell,61.88064104455067,0.7000000000000028,1.7364705882352567,75.47372954349495,67.3758865248227,69.0307328605201,
PF1STMF,Phoenix Finance 1st Mutual Fund Units,Strong sell,Strong sell,Sell,39.43584691341324,-0.1999999999999993,-0.279705882352947,-89.42009738822198,15.000000000000071,22.777777777777818,
PHARMAID,Pharma Aids Limited.,Buy,Strong buy,Neutral,53.76764272342638,-3.800000000000068,1.9049999999999727,-52.635067948292175,14.749262536873166,15.421173385775171,
PHENIXINS,Phoenix Insurance Co. Ltd.,Strong buy,Strong buy,Buy,67.53276794923065,1.8999999999999986,1.5767647058822298,150.3710874475644,87.59689922480622,86.61917731685178,
PHOENIXFIN,Phoenix Finance and Investments Ltd.,Sell,Strong sell,Buy,45.06431870456649,0.0,-0.21441176470591916,-38.59649122806997,56.66666666666666,62.82828282828283,
PHPMF1,PHP First Mutual Fund Units 2010-,Sell,Strong sell,Neutral,43.43815642109327,-0.09999999999999964,-0.1617647058823506,-72.72727272726887,11.111111111111114,17.59259259259257,
PIONEERINS,Pioneer Insurance Co Ltd,Buy,Strong buy,Neutral,64.45657673280618,1.7000000000000028,2.8508823529411202,91.08747942777522,70.8571428571429,71.17460317460325,Black Marubozu
PLFSL,Peoples Leasing and Financial Services Ltd.,Strong sell,Strong sell,Sell,14.172830285408665,-0.5999999999999999,-0.4932352941176483,-127.19298245613997,4.761904761904791,4.761904761904794,Black Marubozu
POPULAR1MF,Popular Life First Mutual Fund Units 2010-,Strong sell,Strong sell,Sell,31.70115936525343,-0.2999999999999998,-0.25588235294117334,-138.9337641357006,16.6666666666667,27.77777777777777,Black Marubozu
POPULARLIF,Popular Life Insurance Co. Ltd.,Buy,Strong buy,Buy,77.11962895874079,8.799999999999997,4.378529411764738,185.94104308389905,92.2669491525424,89.63352944508163,
POWERGRID,Power Grid Co. of Bangladesh Ltd.,Buy,Strong buy,Buy,54.26858957448338,0.6000000000000014,0.22000000000002018,110.74829931973161,59.9365079365078,66.7926887926887,
PRAGATIINS,Pragati Insurance Limited,Buy,Strong buy,Neutral,64.68679399251366,3.200000000000003,5.5808823529409395,62.624596136660216,69.3117959173005,72.67658154508307,
PRAGATILIF,Pragati Life Insurance PLC,Strong buy,Strong buy,Neutral,74.68881607980433,19.400000000000006,34.74088235294087,72.6339362618431,80.1856177107663,82.79887375319174,
PREMIERBAN,The Premier Bank PLC,Sell,Strong sell,Sell,38.881513755827946,-0.40000000000000036,-0.5752941176470623,-94.63869463869163,24.242424242424224,19.949494949494945,"Gravestone Doji, Long Upper Shadow"
PREMIERCEM,Premier Cement Mills PLC,Buy,Strong buy,Neutral,64.91995073140956,3.5,2.318235294117599,169.65728006985282,72.36842105263158,74.6345029239766,
PREMIERLEA,Premier Leasing & Finance Limited,Strong sell,Strong sell,Sell,27.84341430860418,-0.8000000000000003,-0.8111764705882367,-88.44133099824904,19.444444444444425,14.8148148148148,
PRIME1ICBA,Prime Bank 1st ICB AMCL Mutual Fund Units,Sell,Strong sell,Neutral,44.85392268412711,-0.09999999999999964,-0.21235294117647818,-27.989821882951926,47.6190476190477,46.0317460317461,Doji
PRIMEBANK,Prime Bank PLC,Strong buy,Strong buy,Neutral,73.37059649634159,1.8000000000000007,0.9311764705882091,229.58870472682392,87.77011494252868,89.80685725513308,
PRIMEFIN,Prime Finance and Investment Ltd.,Strong sell,Strong sell,Sell,16.90553887826121,-1.7000000000000002,-1.213235294117641,-134.83146067415723,0.0,3.657407407407401,Black Marubozu
PRIMEINSUR,Prime Insurance Company Limited,Neutral,Buy,Sell,51.79630781891933,-1.5999999999999943,-0.034705882352952244,-34.38256658595335,38.518518518518555,41.23456790123458,"Dragonfly Doji, Long Lower Shadow"
PRIMELIFE,Prime Life Insurance Company Limited,Buy,Strong buy,Sell,73.84353990002714,6.600000000000001,5.914705882352941,155.8599213575081,85.14319307970102,81.26892839798295,
PRIMETEX,Prime Textile Spining Mills Ltd.,Strong buy,Strong buy,Buy,68.35823029884858,1.0999999999999996,0.4658823529411755,222.22222222222376,74.89177489177489,58.92255892255891,Hanging Man
PROGRESLIF,Progressive Life Insurance Co. Ltd.,Buy,Strong buy,Neutral,63.937984068738196,10.700000000000003,10.527941176470712,76.32074536624076,75.94954648526074,83.95678487444357,
PROVATIINS,Provatee Insurance Company Limited,Buy,Strong buy,Neutral,57.108466535902124,0.0,1.1823529411764397,53.820467491651996,55.626780626780636,57.842671731560635,
PTL,Paramount Textile PLC,Buy,Strong buy,Neutral,74.14457929171051,8.799999999999997,7.200882352941164,102.40800865800908,85.19868304257959,85.98257200948113,"Long Upper Shadow, Shooting Star"
PUBALIBANK,Pubali Bank PLC,Strong buy,Strong buy,Buy,64.30246166553087,1.8000000000000007,1.1194117647059407,177.48344370861108,73.04905239687845,63.442958008175374,
PURABIGEN,Purabi General Insurance Co. Ltd.,Buy,Strong buy,Neutral,63.36342004037506,0.6000000000000014,0.5944117647058,109.34041611333404,78.49927849927853,75.66137566137569,
QUASEMIND,Quasem Industries Limited.,Buy,Strong buy,Sell,72.05936206343972,5.400000000000006,4.891470588235265,158.73607101840804,81.34481519955732,80.71225940091517,
QUEENSOUTH,Queen South Textile Mills Ltd.,Strong buy,Strong buy,Buy,62.44347360462388,0.7999999999999989,0.871470588235308,86.29856850715726,70.19632414369258,73.47813979392932,Shooting Star
RAHIMAFOOD,Rahima Food Corporation Ltd.,Neutral,Neutral,Neutral,51.726263823625935,-4.699999999999989,0.3582352941176623,-93.70413286982935,39.37801719062757,38.127020764903065,
RAHIMTEXT,Rahim Textile Mills Ltd.,Buy,Buy,Neutral,54.83317690121131,5.200000000000017,12.991764705882389,-44.32132963988699,27.635327635327656,28.732176528070237,Long Upper Shadow
RAKCERAMIC,RAK Ceramics (Baneladesh) Limited,Strong buy,Strong buy,Buy,73.75115398941318,4.300000000000001,2.0979411764706413,224.57857531267499,85.55488010807159,82.8355285376562,
RANFOUNDRY,Rangpur Foundry Limited,Strong buy,Strong buy,Neutral,63.69307838741352,10.400000000000006,6.292647058823718,153.03379416283076,73.3850129198967,65.03014642549532,
RDFOOD,Rangpur Dairy and Food Products Limited,Strong buy,Strong buy,Buy,65.2892778676616,2.1000000000000014,2.2317647058823376,103.29996292176817,76.28205128205127,73.93162393162395,
RECKITTBEN,Reckitt Benckiser (Bangladesh) PLC,Buy,Buy,Neutral,57.70877440881973,53.59999999999991,27.952352941173558,108.10810810810132,56.21315192743756,67.98986226510836,
REGENTTEX,Regent Textile Mills Ltd.,Sell,Strong sell,Neutral,46.2579695818399,-0.10000000000000009,-0.19117647058823373,-48.85057471264331,51.851851851851855,61.41975308641977,
RELIANCE1,Reliance Insurance Mutual Fund Reliance One Units,Sell,Strong sell,Neutral,27.933638498779743,-2.3999999999999986,-2.094999999999997,-157.42511153601123,14.097744360902283,17.376775271512127,
RELIANCINS,Reliance Insurance Ltd.,Buy,Strong buy,Sell,62.75954926164589,2.0,4.685294117646947,71.54858583030033,64.55146161028513,70.4278292513587,Black Marubozu
RENATA,Renata PLC,Buy,Strong buy,Buy,56.75881742770177,18.600000000000023,8.032058823531315,99.75551175589908,51.47679324894518,62.12376933895923,
RENWICKJA,Renwick Janeswar and Co. (BD) Limited,Sell,Sell,Sell,46.31266434405033,-26.5,-15.539705882351768,-55.28906292489435,18.688024408848175,15.153826595474149,
REPUBLIC,Republic Insurance Co. Limited,Buy,Strong buy,Neutral,65.05258089212194,4.0,4.390882352941183,72.97449513235081,67.01388888888893,68.62113402061861,"Gravestone Doji, Long Upper Shadow"
RINGSHINE,Ring Shine Textiles Ltd.,Buy,Buy,Neutral,51.193319643982264,0.0,-0.05352941176470427,47.61904761905134,58.333333333333286,61.111111111111065,
ROBI,Robi Axiata PLc,Buy,Strong buy,Neutral,72.6960418727015,2.1999999999999993,1.335588235294093,229.07153729072493,83.22023809523812,81.63293650793652,"Long Upper Shadow, Shooting Star"
RSRMSTEEL,Ratanpur Steel Re-Rolling Mills Ltd,Sell,Strong sell,Neutral,42.83479384140308,-0.7999999999999989,-0.9402941176470474,-58.94465894465498,16.666666666666647,13.112745098039184,
RUNNERAUTO,Runner Automobiles PLC,Strong buy,Strong buy,Neutral,67.66498433191538,2.900000000000002,2.1347058823529395,141.16177389131784,81.98147097750052,76.9395600932754,Black Spinning Top
RUPALIBANK,Rupali Bank PLC,Buy,Strong buy,Neutral,55.18354974452462,0.3999999999999986,-0.5764705882353205,72.1868365180486,51.51515151515145,45.45454545454542,Shooting Star
RUPALIINS,Rupali Insurance Company Ltd.,Buy,Strong buy,Neutral,70.66775379327184,1.5,1.8141176470587972,92.97052154195,83.73983739837398,82.90650406504061,
RUPALILIFE,Rupali Life Insurance Co. Ltd.,Buy,Strong buy,Neutral,68.5970059812837,9.900000000000006,7.587352941176675,129.0154167434436,82.70042194092825,83.17416124402426,
SAFKOSPINN,Safko Spinning Mills Limited,Strong buy,Strong buy,Buy,70.89031281357985,3.5,2.258529411764691,255.1704464413034,71.17117117117117,62.46246246246242,"Dragonfly Doji, Long Lower Shadow"
SAIFPOWER,SAIF Powertec Ltd.,Neutral,Sell,Neutral,50.75972452426343,0.20000000000000018,-0.3285294117646913,45.50499445061089,79.16666666666671,76.38888888888893,"Gravestone Doji, Long Upper Shadow"
SAIHAMCOT,Saiham Cotton Mills Ltd.,Strong buy,Strong buy,Buy,73.81217493702367,1.8999999999999986,2.4797058823529454,100.86021505376361,83.92857142857143,84.89417989417989,
SAIHAMTEX,Saiham Textile Mills Ltd.,Strong buy,Strong buy,Buy,73.63550204125096,1.5,1.2949999999999786,125.02449539486557,85.547201336675,84.01559454191029,
SALAMCRST,S. Alam Cold Rolled Steels Limited,Neutral,Sell,Buy,46.190054764689734,-0.09999999999999787,-1.1258823529411046,-7.388462631432316,39.99999999999997,38.33333333333331,
SALVOCHEM,Salvo Chemical Industry Ltd.,Buy,Strong buy,Neutral,73.44131310534726,5.900000000000002,5.4026470588235505,93.46627304628751,84.54459950685073,83.21174068142726,
SAMATALETH,Samata Leather Complex (Pvt.) Ltd.,Buy,Strong buy,Sell,70.58187365510192,17.200000000000003,21.747352941176487,82.78867102396548,60.21220159151195,56.34590152196093,Shooting Star
SAMORITA,Samorita Hospital Ltd.,Strong buy,Strong buy,Neutral,72.4978696202078,10.5,7.842941176470646,209.2865413023467,86.25657068742987,83.68678302853381,
SANDHANINS,Shandhani Life Insurance Co.Ltd,Buy,Strong buy,Neutral,71.21015195161783,2.3000000000000007,1.8941176470588346,144.33599526767267,81.35802469135804,72.962962962963,
SAPORTL,Summit Alliance Port Limited,Buy,Strong buy,Neutral,84.30742779178415,6.199999999999999,4.883823529411767,148.36391882706965,96.39166182076629,93.19679560351203,
SBACBANK,SBAC Bank PLC.,Sell,Sell,Neutral,48.82620624982166,0.09999999999999964,-0.3261764705882353,-22.710622710622314,43.333333333333314,45.55555555555554,
SEAPEARL,Sea Pearl Beach Resort & Spa Ltd.,Strong buy,Strong buy,Buy,60.334086082074336,2.8000000000000043,3.8273529411766134,53.35611886452106,54.34041437188569,62.47195267651605,
SEMLFBSLGF,SEML FBLSL Growth Fund Units,Neutral,Sell,Buy,44.786759950426124,0.09999999999999964,-0.3361764705882466,-13.754045307445844,26.666666666666586,26.666666666666604,
SEMLIBBLSF,SEML IBBL Shariah Fund Units,Sell,Strong sell,Neutral,40.45403150432231,0.0,-0.19205882352939962,-53.410553410553234,47.61904761904764,60.31746031746032,Black Marubozu
SEMLLECMF,SEML Lecture Equity Management Fund Units 2015,Sell,Strong sell,Buy,34.23106346014096,0.0,-1.2620588235294505,-57.047678534253066,34.47802197802204,31.898656898656935,
SHAHJABANK,Shahjalal Islami Bank PLC,Buy,Strong buy,Neutral,63.86293855885413,0.5,0.3038235294117442,159.75422427033854,95.83333333333341,91.46825396825407,
SHARPIND,Sharp Industries PLC,Buy,Strong buy,Buy,55.21210624576196,0.6999999999999993,0.7314705882352825,79.77756389690869,50.091575091575116,57.09989598878491,
SHASHADNIM,Shasha Denims PLC,Buy,Strong buy,Buy,72.37488568057698,2.1000000000000014,1.9232352941176565,122.77091906721228,74.50980392156863,74.44219066937121,
SHEPHERD,Shepherd Industries PLC,Strong buy,Strong buy,Buy,58.68276095742172,2.1999999999999993,1.0944117647058782,101.78631614425467,59.957325746799405,62.28070175438594,
SHURWID,Shurwid Industries Ltd,Sell,Strong sell,Sell,42.1231646140306,-0.7999999999999998,-0.7814705882352913,-59.158134243457944,39.58333333333335,33.33333333333335,"Dragonfly Doji, Long Lower Shadow"
SHYAMPSUG,Shyampur Sugar Mills Ltd.,Buy,Strong buy,Sell,72.32761137380899,29.5,28.066470588235376,135.10966104767078,87.33613896848136,91.9396204878455,"Gravestone Doji, Long Upper Shadow, Shooting Star"
SIBL,Social Islami Bank PLC,Sell,Strong sell,Neutral,21.841710031808176,-0.8999999999999995,-1.7502941176470275,-77.3547094188378,8.189556015642973,8.365922858676482,
SICL,"Sikder Insurance Co., Ltd.",Strong buy,Strong buy,Neutral,68.34326004017993,1.5,1.0914705882352997,179.15358157619227,89.78835978835978,83.63315696649032,
SILCOPHL,Silco Pharmaceuticals Ltd.,Buy,Strong buy,Neutral,67.34846759281524,1.700000000000001,1.0258823529411814,195.01133786848075,76.18083670715248,76.69418644650843,
SILVAPHL,Silva Pharmaceuticals Ltd.,Strong buy,Strong buy,Buy,60.01894384004697,1.299999999999999,1.1714705882352945,131.11726685133743,63.33333333333328,64.57004830917872,
SIMTEX,Simtex Industries PLC,Strong buy,Strong buy,Buy,81.02387106972832,2.8000000000000007,2.277647058823611,161.51449796309637,85.4166666666667,83.26388888888887,
SINGERBD,Singer Bangladesh Limited,Buy,Strong buy,Buy,55.32978291267832,3.5999999999999943,1.5061764705883292,104.473540643741,56.85990338164249,62.4557165861514,"Long Upper Shadow, Shooting Star"
SINOBANGLA,Sinobangla Industries Ltd.,Buy,Strong buy,Neutral,81.35983739735597,16.4,11.820294117646974,161.78141331515488,88.75032331966152,89.72156969901086,
SIPLC,Sena Insurance PLC,Strong buy,Strong buy,Buy,60.84755903282506,0.29999999999999716,1.0897058823529022,89.3450918028055,56.547619047619,52.6971855250178,
SKTRIMS,SK Trims & Industries Ltd.,Neutral,Neutral,Neutral,53.75446419605749,0.29999999999999893,-0.3608823529411662,47.39884393062555,80.30303030303024,66.58249158249158,
SONALIANSH,Sonali Aansh Industries Limited.,Buy,Strong buy,Buy,73.39919194496807,24.099999999999994,31.909999999999997,97.07829163146945,79.86689668402589,79.9334539674764,Doji
SONALILIFE,Sonali Life Insurance Company Ltd,Buy,Strong buy,Sell,83.0673787697433,16.099999999999994,13.036176470588146,122.24802969844897,79.34959349593497,82.34266787112314,
SONALIPAPR,Sonali Paper & Board Mills Ltd.,Strong buy,Strong buy,Buy,81.47098579617747,68.5,82.36941176470606,89.52675824265708,84.279414707573,86.20231825134023,
SONARBAINS,Sonar Bangla Insurance Ltd.,Buy,Strong buy,Sell,68.3603474409463,2.3999999999999986,2.5032352941176406,109.21200449366196,87.27272727272724,88.01493192797538,"Dragonfly Doji, Long Lower Shadow"
SONARGAON,Sonargaon Textiles Limited.,Strong buy,Strong buy,Buy,60.27251566792099,2.299999999999997,2.5161764705882064,85.22429416610368,54.237288135593296,53.91241611628346,"Long Upper Shadow, Shooting Star"
SOUTHEASTB,Southeast Bank PLC,Buy,Strong buy,Neutral,53.86951006780066,0.10000000000000142,0.08588235294119784,-6.26959247649755,26.190476190476165,22.222222222222186,
SPCERAMICS,Shinepukur Ceramics Limited.,Buy,Strong buy,Neutral,56.19672911566652,1.0,0.24823529411764866,159.62441314553396,54.76190476190476,50.79365079365081,"Long Upper Shadow, Shooting Star"
SPCL,Shahjibazar Power Co Ltd,Strong buy,Strong buy,Buy,68.0242823552589,7.0,5.06647058823512,114.3497757847468,73.72677017172431,73.98264085406427,
SQUARETEXT,Square Textiles PLC,Buy,Strong buy,Neutral,60.83100976557037,1.7000000000000028,2.6852941176469685,82.81938325991914,70.01633986928107,73.14036725801434,
SQURPHARMA,Square Pharmaceuticals PLC,Buy,Buy,Neutral,55.11174255140524,1.1999999999999886,0.6970588235304263,11.035378123960832,65.06612285255221,58.22583897638052,
SSSTEEL,S.S. Steel Ltd,Buy,Buy,Neutral,53.378492859969086,0.0,-0.26705882352942645,77.05192629815714,63.09523809523807,60.71428571428569,
STANCERAM,Standard Ceramic Industries Ltd.,Strong buy,Strong buy,Neutral,64.20089430385516,6.700000000000003,7.287941176470483,75.21782089284086,49.69065163802494,36.17869149097236,
STANDARINS,Standard Insurance Ltd.,Neutral,Neutral,Neutral,48.54962236319242,-2.1000000000000014,-1.1058823529412578,-97.54582168375474,24.904214559387018,23.05053822295208,
STANDBANKL,Standard Bank PLC,Sell,Sell,Sell,45.49282025637978,-0.39999999999999947,-0.3420588235294142,-72.75953859804996,20.83333333333334,23.302469135802454,
STYLECRAFT,Stylecraft Limited,Buy,Strong buy,Neutral,58.23498183415227,2.1999999999999886,5.272352941176607,35.292728989611575,55.1613045588949,47.03117443149739,
SUMITPOWER,Summit Power Ltd.,Buy,Strong buy,Buy,55.66630216187738,0.29999999999999893,0.0841176470588163,72.63294422826988,29.662698412698386,30.423280423280403,
SUNLIFEINS,Sunlife Insurance Co. Ltd.,Buy,Buy,Neutral,57.69252230145376,4.600000000000001,1.823823529411733,114.6258195111615,74.99999999999999,74.38979337053172,
TAKAFULINS,Takaful Islami Insurance PLC,Strong buy,Strong buy,Neutral,56.538009350530956,0.10000000000000142,0.12882352941176833,157.55627009645852,55.59139784946236,46.84587813620072,
TALLUSPIN,Tallu Spinning Mills Limited,Buy,Strong buy,Neutral,57.176271889676684,0.09999999999999964,0.22617647058823476,36.863480162450195,58.33333333333335,55.29100529100531,White Marubozu
TAMIJTEX,Tamijuddin Textile Mills PLC,Strong buy,Strong buy,Neutral,62.872246702724524,7.800000000000011,6.325294117647019,107.43338932252881,48.37962962962956,42.283950617283914,
TECHNODRUG,Techno Drugs Ltd.,Buy,Strong buy,Neutral,65.81661667119045,0.7999999999999972,3.593235294117669,60.04810483536537,77.89074960127591,80.2565124933546,
TILIL,Trust Islami Life Insurance Ltd.,Buy,Strong buy,Neutral,90.45531475994864,27.4,24.516176470588213,142.1648707667093,91.56981536432575,89.5329810555498,
TITASGAS,Titas Gas Transmission and Distribution PLC,Strong buy,Strong buy,Buy,59.90106461351636,0.3000000000000007,0.9720588235292915,105.35047698050366,59.259259259259274,58.61823361823361,
TOSRIFA,Tosrifa Industries Ltd,Strong buy,Strong buy,Buy,64.30947077673453,2.1999999999999993,1.0505882352940255,146.66666666666862,84.52380952380956,79.76190476190482,
TRUSTB1MF,Trust Bank 1st Mutual Fund Units,Strong sell,Strong sell,Neutral,34.32092057767156,-0.10000000000000009,-0.18794117647059005,-92.81045751634193,33.33333333333332,38.88888888888888,
TRUSTBANK,Trust Bank PLC,Neutral,Neutral,Neutral,48.7040498817907,0.3000000000000007,-0.8076470588235125,-24.518932340159747,27.450980392156847,25.49019607843137,
TUNGHAI,Tung Hai Knitting & Dyeing Ltd,Sell,Strong sell,Neutral,37.7970797965756,-0.30000000000000027,-0.228235294117634,-69.94738471061812,29.166666666666643,33.333333333333314,
UCB,United Commercial Bank PLC,Sell,Strong sell,Neutral,46.01964743752144,0.0,-0.5502941176470433,-42.44694132334914,29.62962962962958,26.980920314253627,
UNILEVERCL,Unilever Consumer Care Limited,Buy,Strong buy,Sell,55.28624846355122,-0.7999999999997272,8.846470588231568,51.73020431877001,59.05844487458315,54.691347875561064,
UNIONBANK,Union Bank PLC,Sell,Strong sell,Sell,11.599851997393358,-0.40000000000000036,-0.40970588235293803,-123.04866850321535,1.8947806286936004e-14,5.5555555555555785,
UNIONCAP,Union Capital Limited,Buy,Buy,Neutral,53.99697646106548,0.39999999999999947,-0.1985294117647225,55.005500550056425,76.19047619047615,78.44932844932843,
UNIONINS,Union Insurance Co. Ltd,Buy,Strong buy,Neutral,60.39859521367067,-0.6999999999999957,1.3702941176470276,48.86943836615569,53.33333333333338,58.05787037037039,Shooting Star
UNIQUEHRL,Unique Hotel & Resorts PLC,Strong buy,Strong buy,Buy,66.16114931893347,4.199999999999996,3.0999999999999375,120.56434373664253,82.17377437579727,82.33627969139172,
UNITEDFIN,United Finance PLC,Strong buy,Strong buy,Buy,64.05638608912795,0.8000000000000007,0.11676470588235865,208.83534136546183,73.93939393939388,74.570707070707,
UNITEDINS,United Insurance Company Limited,Strong buy,Strong buy,Neutral,68.85560295947349,2.5,3.4550000000000125,84.85875706215182,66.66666666666666,63.85372714486638,
UPGDCL,United Power Generation & Distribution Co. Ltd.,Strong buy,Strong buy,Buy,67.5736169798788,10.400000000000006,9.399117647058915,115.90708142432076,69.71717171717161,69.79797979797969,
USMANIAGL,Usmania Glass Sheet Factory Limited,Strong buy,Strong buy,Buy,66.11901089910992,0.3999999999999986,2.0129411764705907,97.83340061902815,62.393162393162434,52.70655270655274,
UTTARABANK,Uttara Bank PLC,Strong buy,Strong buy,Buy,52.69668051903942,0.29999999999999716,-0.09441176470592438,115.38461538461127,44.444444444444436,41.97530864197537,
UTTARAFIN,Uttara Finance and Investments Limited,Sell,Strong sell,Sell,44.93748610370355,-1.200000000000001,-0.9135294117646708,-98.48484848484851,29.256410256410263,33.468577174459526,Long Upper Shadow
VAMLBDMF1,Vanguard AML BD Finance Mutual Fund One Units 2015,Sell,Strong sell,Sell,43.54243222307028,-0.10000000000000053,-0.13676470588233958,-92.40924092410724,33.333333333333336,38.888888888888964,Black Marubozu
VAMLRBBF,Vanguard AML Rupali Bank Balanced Fund Units,Strong sell,Strong sell,Sell,43.7249239425303,-0.2999999999999998,-0.15617647058824424,-89.08467939304788,47.61904761904759,45.74955908289238,
VFSTDL,VFS Thread Dyeing Ltd.,Buy,Strong buy,Neutral,68.24949864923047,0.40000000000000036,0.5794117647058812,136.6723259762313,74.83660130718955,68.73638344226582,
WALTONHIL,Walton Hi-Tech Industries PLC,Buy,Strong buy,Neutral,68.37235654147452,37.5,29.630588235294056,160.5526187872131,67.20930232558142,73.40732910500356,
WATACHEM,Wata Chemicals Ltd.,Strong buy,Strong buy,Neutral,72.4223389549201,18.099999999999994,20.926176470588246,99.65189139011416,83.16316316316316,83.4948120163174,White Marubozu
WMSHIPYARD,Western Marine Shipyard Limited,Strong buy,Strong buy,Buy,58.904608371248244,0.40000000000000036,-0.14999999999999503,125.98425196850219,70.83333333333331,61.111111111111086,"Dragonfly Doji, Long Lower Shadow"
YPL,Yeakin Polymer Ltd.,Strong buy,Strong buy,Buy,68.40396326743347,1.5,2.4588235294117844,81.01462404555419,67.43386243386244,69.55820105820104,
ZAHEENSPIN,Zaheen Spinning PLC,Strong buy,Strong buy,Buy,58.15375452113413,0.2999999999999998,0.13382352941174513,159.5092024539947,58.333333333333336,59.32539682539683,Doji
ZAHINTEX,Zahintex Industries Ltd.,Buy,Strong buy,Neutral,67.00743977447284,0.9000000000000004,1.0041176470588322,69.03073286052121,71.66666666666669,77.74853801169593,
ZEALBANGLA,Zeal Bangla Sugar Milla Limited,Strong buy,Strong buy,Buy,68.45539320550236,10.799999999999997,6.805882352941097,176.56373713380705,77.77777777777779,64.43004816076343,
