Symbol,Name,Tech Rating,MA Rating,Os Rating,RSI (14),Mom (10),AO,CCI (20),"Stoch (14,3,3) %K","Stoch (14,3,3) %D",Patterns
1JANATAMF,First Janata Bank Mutual Fund Units,Neutral,Neutral,Neutral,45.365837219180364,-0.49999999999999956,0.10147058823529553,-145.57255447380516,4.761904761904769,5.026455026455005,Black Marubozu
1STPRIMFMF,Prime Finance First Mutual Fund 2009 Units,Sell,Sell,Sell,43.006314266633,-1.6999999999999993,0.07588235294115364,-135.03229802672817,19.688663996064374,36.364701197085765,
AAMRANET,aamra networks ltd,Sell,Sell,Sell,41.436817772324844,-1.2000000000000028,-0.405588235294136,-205.9447983014856,14.814814814814753,28.46768336964408,Black Marubozu
AAMRATECH,Aamra Technologies Limited,Buy,Strong buy,Neutral,57.69720974389854,-0.5,2.511176470588211,6.3669539560526545,45.33333333333332,57.111111111111114,
ABB1STMF,AB Bank 1st Mutual Fund 2011 Units,Neutral,Neutral,Neutral,44.786639269249214,-0.5,0.02558823529411791,-160.3603603603599,4.16666666666665,6.944444444444398,Doji
ABBANK,AB Bank PLC,Sell,Strong sell,Neutral,48.88094745863996,0.0,-0.07000000000001716,-96.16951915240395,11.111111111111171,12.037037037037093,White Marubozu
ACFL,Aman Cotton Fibrous PLC,Sell,Sell,Neutral,40.95556557190578,-1.1999999999999993,-0.6441176470588168,-112.50000000000018,24.43977591036412,24.033161651757464,
ACI,Advanced Chemical Industries PLC,Sell,Strong sell,Neutral,38.72286435560147,-8.299999999999983,-4.244705882353088,-184.59191456903363,2.881022615535956,4.734185512946587,
ACIFORMULA,ACI Formulations PLC,Neutral,Sell,Neutral,46.82254864557792,-7.699999999999989,3.6341176470587584,-146.07257694074596,13.246491336379028,29.384286125859187,
ACMELAB,ACME Laboratories Ltd.,Sell,Strong sell,Sell,33.477914582621736,-2.700000000000003,-1.726470588235216,-264.73222281927366,8.222222222222035,14.915161466885491,
ACMEPL,ACME Pesticides Ltd,Sell,Strong sell,Sell,46.263027820358296,-2.8000000000000007,0.7952941176470567,-33.83084577114381,27.162267162267167,46.65718838132631,
ACTIVEFINE,Active Fine Chemicals Ltd.,Strong sell,Strong sell,Sell,43.641895797411955,-0.2999999999999998,-0.047941176470611246,-103.01953818828814,15.00000000000003,28.33333333333341,
ADNTEL,ADN Telecom Ltd.,Sell,Strong sell,Neutral,33.760418593425285,-4.100000000000001,-2.912647058823609,-200.9966777408656,17.885304659498228,18.327359617682244,
ADVENT,Advent Pharma Ltd.,Sell,Sell,Sell,39.08905706313811,-1.3000000000000007,-0.16205882352941892,-115.19007994778997,5.567022130489639,15.448206573077575,
AFCAGRO,AFC Agro Biotech Ltd.,Sell,Strong sell,Neutral,42.95024083208403,-0.09999999999999964,-0.22647058823525246,-153.42837746096671,25.555555555555515,38.67724867724868,
AFTABAUTO,Aftab Automobiles Ltd.,Strong sell,Strong sell,Neutral,26.395095591713414,-2.3999999999999986,-1.3000000000000291,-268.0180180180193,5.492424242424241,7.515102000396151,
AGNISYSL,Agni Systems PLC,Sell,Sell,Sell,37.96617592017377,-3.200000000000003,-0.8802941176470398,-208.15450643776595,8.89021630573568,23.133188370985568,
AGRANINS,Agrani Insurance PLC,Neutral,Buy,Sell,50.740709412592715,-1.5,1.326470588235285,-13.703208556149868,31.339519010291728,50.540654236063006,
AIBL1STIMF,AIBL 1st ISLAMIC Mutual Fund 2010- Units,Sell,Sell,Neutral,39.618061946224174,-1.2999999999999998,0.031470588235290364,-243.24324324324357,9.111721611721615,8.795062961729629,Black Spinning Top
AIL,Alif Industries Ltd.,Neutral,Sell,Neutral,44.1192825990601,-0.8999999999999986,0.1058823529412507,-178.47953216377059,14.646734646734599,24.100357003582804,Black Spinning Top
AL-HAJTEX,Alhaj Textile Mills Limited,Strong sell,Strong sell,Neutral,32.16274614703322,-5.5,-6.463823529411812,-154.70138458359338,6.489801740122658,10.238414791672747,
ALARABANK,Al-Arafah Islami Bank PLC,Buy,Strong buy,Sell,54.23498364177827,0.10000000000000142,-0.09588235294117453,28.6526684164485,26.275656461415,18.459274548025835,
ALIF,Alif Manufacturing Company Ltd.,Buy,Strong buy,Neutral,52.99352853717159,0.10000000000000053,0.24499999999999567,50.50505050505294,30.000000000000014,51.11111111111114,
ALLTEX,Alltex Industries Limited,Buy,Strong buy,Neutral,70.82615242792915,1.6999999999999993,4.0258823529411885,67.99336650082952,78.91961085509475,83.80551945068078,Hanging Man
AMANFEED,Aman Feed PLC,Buy,Buy,Neutral,55.52961127914695,0.19999999999999574,1.6405882352941177,-10.409594930981932,36.956521739130444,47.37318840579712,Doji
AMBEEPHA,Ambee Pharmaceuticals PLC,Sell,Strong sell,Sell,42.03012198807763,-37.80000000000007,0.1652941176492959,-153.47059390358643,7.5837837837837965,10.866181106479624,
AMCLPRAN,Agricultural Marketing Co. Ltd.,Sell,Sell,Sell,45.04525415290481,-3.200000000000017,1.6964705882358828,-95.47785547787123,15.508021390374353,31.793410203923376,
ANLIMAYARN,Anlima Yarn Dyeing Ltd.,Sell,Sell,Sell,43.443074882569306,-2.3999999999999986,0.3658823529412203,-90.87755809920606,18.518518518518523,30.629041740152775,
ANWARGALV,Anwar Galvanizing Ltd.,Sell,Sell,Neutral,44.17545057208287,-0.20000000000000284,-0.6788235294117868,-95.66184649611007,22.629969418960233,42.438730240771825,Doji
AOL,Associated Oxygen Ltd,Buy,Buy,Neutral,53.73846248075018,0.1999999999999993,1.0370588235294207,24.742268041236606,49.16666666666669,61.737891737891765,
APEXFOODS,Apex Foods Limited,Buy,Buy,Neutral,49.41611285920462,8.699999999999989,3.966764705882042,-20.277481323369656,26.884920634920718,40.70417055711176,Bullish Harami
APEXFOOT,Apex Footwear Ltd.,Sell,Neutral,Sell,48.1124666676677,-3.5,-0.17852941176445825,-192.81991893459488,23.326549072817723,32.62704454910443,Long Lower Shadow
APEXSPINN,Apex Spinning and Knitting Mills Ltd.,Sell,Sell,Neutral,43.463212657332306,2.0,-19.996176470587898,-73.61082632766009,25.027033871478352,35.11622616060772,
APEXTANRY,Apex Tannery Limited.,Strong buy,Strong buy,Buy,53.20676810509796,3.700000000000003,3.6352941176470495,44.623819677124565,30.444444444444454,40.76835415296954,
APOLOISPAT,Appollo Ispat Complex Ltd.,Buy,Strong buy,Neutral,51.39966408369275,-0.10000000000000009,0.11941176470587589,-25.641025641025575,22.222222222222182,39.81481481481482,White Marubozu
ARAMIT,Aramit Limited,Buy,Strong buy,Neutral,61.128449242723356,14.5,7.991176470588556,184.87858719647454,52.8638497652582,58.51557048714303,
ARAMITCEM,Aramit Cement Limited,Buy,Strong buy,Neutral,52.90376005797966,0.3000000000000007,0.35529411764707497,-20.296643247460555,41.66666666666666,46.141975308641946,
ARGONDENIM,Argon Denims Ltd.,Neutral,Buy,Sell,51.474848337769274,-2.0,0.8438235294117646,-27.968471904399262,18.600270540195435,31.605876823112627,
ASIAINS,Asia Insurance PLC,Sell,Sell,Neutral,47.25205073206774,-1.8000000000000043,1.2091176470588323,-53.26184092940267,32.72838272838272,55.06507381507381,Long Lower Shadow
ASIAPACINS,Asia Pacific General Insurance PLC,Neutral,Buy,Sell,51.83032228896973,-3.0999999999999943,4.07647058823531,6.016252862210236,56.94314988573362,71.51851089500609,
ASIATICLAB,Asiatic Laboratories Ltd,Neutral,Sell,Neutral,42.025254374056985,-0.10000000000000853,-8.907647058823514,-76.24633431084986,45.87587587587589,48.675342008675365,
ATLASBANG,Atlas Bangladesh Limited,Neutral,Neutral,Neutral,45.30773329117963,-6.6000000000000085,-2.280588235294175,-148.93175689691154,19.651741293532336,16.169745998336452,
AZIZPIPES,Aziz Pipes Limited.,Buy,Strong buy,Neutral,60.3373897809188,-0.7000000000000028,3.1844117647058994,53.59001040582855,76.41467727674625,74.07750110236077,"Hanging Man, Long Lower Shadow"
BANGAS,Bangas Limited,Sell,Strong sell,Neutral,41.07880390777773,-1.700000000000017,-1.1120588235292814,-175.68238213399337,10.386382623224728,21.637871452392726,
BANKASIA,Bank Asia PLC,Sell,Strong sell,Neutral,38.165599761851446,-0.1999999999999993,-0.34088235294118263,-110.8884435537737,21.428571428571402,17.72486772486761,White Marubozu
BARKAPOWER,Baraka Power Ltd.,Buy,Strong buy,Neutral,66.78113577058076,1.0999999999999996,2.2529411764705927,83.77130116260547,69.84126984126988,77.98008092125741,
BATASHOE,Bata Shoe Co. (Bangladesh) Ltd.,Buy,Strong buy,Neutral,63.58875413939638,8.100000000000023,16.53411764705902,68.36204539241604,66.17385543428993,67.96899115926256,
BATBC,British American Tobacco Bangladesh Co Ltd,Neutral,Neutral,Sell,52.45960447807202,-7.799999999999983,10.952352941175775,-27.763772646295752,28.13681327997661,42.83312092819901,Doji
BAYLEASING,Bay Leasing and Investment Ltd.,Buy,Buy,Neutral,53.352734930203106,-0.20000000000000018,0.267352941176477,-46.51162790697875,50.000000000000036,50.92592592592595,Doji
BBS,Bangladesh Building Systems PLC,Neutral,Sell,Neutral,34.772511935547485,-2.0000000000000018,-0.6655882352941127,-167.0468948035471,5.033238366571669,7.929272373716807,
BBSCABLES,BBS Cables PLC,Sell,Strong sell,Neutral,24.773673755389964,-3.1999999999999993,-1.601764705882335,-224.5681381957774,3.9341085271317895,4.70901592393173,
BDAUTOCA,Bangladesh Autocars Limited,Buy,Strong buy,Buy,52.477303882828,10.099999999999994,8.470294117647057,25.00883704489282,32.77447744774474,43.54380595292232,
BDCOM,BDCOM Online Ltd.,Sell,Strong sell,Sell,34.619851365135574,-2.6999999999999993,-1.2658823529411478,-194.2081814499783,5.334564860426944,12.287092785177087,
BDFINANCE,Bangladesh Finance PLC,Sell,Strong sell,Neutral,43.71072443840358,-1.0999999999999996,-0.010000000000006892,-117.91147994467578,12.670565302144247,21.618315942361345,Doji
BDLAMPS,Bangladesh Lamps PLC,Buy,Strong buy,Neutral,71.38168594541355,36.89999999999998,31.22382352941173,99.58287132372338,79.52380952380953,79.12698412698414,
BDTHAI,Bangladesh Thai Aluminium Ltd.,Neutral,Sell,Neutral,30.29915167447558,-2.700000000000003,-1.5502941176470628,-205.853658536585,8.389103389103377,7.410335147177285,Doji
BDTHAIFOOD,BD Thai Food & Beverage Ltd.,Sell,Sell,Sell,44.50029680873806,-2.3000000000000007,-0.3623529411764608,-64.8110797364505,22.54901960784312,23.79363092754831,
BDWELDING,Bangladesh Welding Electrodes Ltd.,Sell,Strong sell,Buy,41.25945438827021,-0.40000000000000036,-0.37088235294116245,-142.1686746987934,9.999999999999964,8.302469135802438,"Dragonfly Doji, Long Lower Shadow"
BEACHHATCH,Beach Hatchery Ltd,Sell,Strong sell,Neutral,25.23349150454476,-3.200000000000003,-1.9979411764707429,-192.34360410831195,6.208896148228821,7.4318132570014335,
BEACONPHAR,Beacon Pharmaceuticals PLC,Sell,Strong sell,Sell,41.63479829136611,-2.0999999999999943,-3.056764705882415,-146.12676056339433,20.282567049808335,14.458522001625397,
BENGALWTL,Bengal Windsor Thermoplastics PLC,Buy,Strong buy,Neutral,55.4570809340843,0.6999999999999993,1.029705882352964,97.15242881071981,65.7894736842105,80.48910154173309,Black Spinning Top
BERGERPBL,Berger Paints Bangladesh Ltd.,Buy,Strong buy,Sell,63.30268499597179,-11.700000000000045,48.96676470588886,45.8697279760422,62.46132761228099,70.6857243575111,Bearish Engulfing
BESTHLDNG,Best Holdings PLC,Neutral,Sell,Neutral,39.18738090269821,-0.5999999999999996,-0.4088235294117588,-142.44604316546767,8.585858585858555,10.050505050505011,
BEXIMCO,Bangladesh Export Import Company Ltd.,Sell,Strong sell,Neutral,33.39051938975442,1.1999999999999993,0.064705882353703,-15.069967707207335,47.008547008547005,59.839611691463546,Black Spinning Top
BGIC,Bangladesh General Insurance Company PLC,Neutral,Neutral,Sell,48.57926953989848,-0.3999999999999986,1.6032352941176171,-6.85054984676368,47.53521126760564,63.03663706314908,
BIFC,Bangladesh Industrial Finance Company Ltd.,Sell,Strong sell,Neutral,43.2435592582769,-0.7999999999999998,-0.18382352941176627,-106.17283950617237,10.25641025641029,9.013209013209059,
BNICL,Bangladesh National Insurance Company Ltd,Sell,Sell,Neutral,47.56990818361604,-6.400000000000006,0.979705882353116,-57.296932928885965,22.309833024118717,37.403469546326676,Bullish Harami
BPML,Bashundhara Paper Mill Ltd.,Sell,Strong sell,Neutral,40.99318990917691,-0.8000000000000007,-0.4079411764706258,-164.5233721167561,15.54487179487184,18.673687423687433,
BPPL,Baraka Patenga Power Ltd.,Sell,Sell,Sell,45.61380465881555,-1.1000000000000014,0.07470588235294784,-72.81323877068438,15.44011544011544,30.64158064158065,
BRACBANK,BRAC Bank PLC,Sell,Strong sell,Neutral,39.92990663744496,-1.0,-0.23235294117647953,-187.25324309080554,17.145924392301282,29.647173366980265,
BSC,Bangladesh Shipping Corporation,Sell,Sell,Neutral,38.25965022655145,-8.0,-3.471176470587878,-181.18270477478995,6.878363069951881,6.764529610323989,
BSCPLC,Bangladesh Submarine Cables PLC,Sell,Sell,Sell,43.467444589264,-1.5999999999999943,-3.5455882352942467,-178.37780376315135,25.933333333333223,26.422222222222143,"Dragonfly Doji, Long Lower Shadow"
BSRMLTD,Bangladesh Steel Re-Rolling Mills Ltd.,Sell,Sell,Neutral,40.73821445306008,-3.9000000000000057,-5.538235294117925,-139.0038314176305,18.14595660749509,21.76199868507563,
BSRMSTEEL,BSRM Steels Limited,Buy,Buy,Buy,50.372580640855475,-3.4000000000000057,-1.0791176470588795,-86.25941959275272,12.544802867383467,8.970024791525764,
BXPHARMA,Beximco Pharmaceuticals Plc,Neutral,Sell,Neutral,46.76495809933083,0.0,-2.4432352941174713,-96.02069542724448,28.88888888888883,38.148148148148096,
CAPITECGBF,CAPITEC GRAMEEN BDT10 (MUTUAL FUND) Units,Buy,Strong buy,Neutral,60.86649038852064,-0.8000000000000007,1.0564705882352943,3.147273905396744,35.476190476190446,41.322751322751316,Hanging Man
CAPMBDBLMF,CAPM BDBL Mutual Fund 01 Units,Sell,Strong sell,Sell,32.80964655725546,-2.700000000000001,-0.5135294117646971,-154.95792169776865,4.306328151000808,4.489373841106829,
CAPMIBBLMF,CAPM IBBL Islamic Mutual Fund Units,Buy,Neutral,Buy,42.35119124144735,-1.4000000000000004,-0.4573529411764703,-135.29231711050002,19.640852974186306,23.683929239484794,
CENTRALINS,Central Insurance PLC,Sell,Sell,Sell,46.26615434193979,-5.0,2.3317647058824207,-20.954644484055596,37.81408877345433,50.9589247624296,
CENTRALPHL,Central Pharmaceuticals Ltd.,Sell,Sell,Neutral,41.332573858310425,-1.299999999999999,-0.17470588235294926,-126.97072072071941,10.144927536231938,17.034736599954034,
CITYBANK,City Bank PLC,Neutral,Sell,Neutral,47.04951345252597,-0.3999999999999986,-0.13588235294117013,-83.33333333334299,23.724423724423904,24.458257791591205,"Gravestone Doji, Long Upper Shadow"
CITYGENINS,City Insurance PLC,Strong buy,Strong buy,Buy,89.98228634176883,11.900000000000006,12.019705882352923,110.32943757328269,93.00710183063126,90.20615677306427,Hanging Man
CLICL,Chartered Life Insurance PLC,Sell,Strong sell,Neutral,31.610931258931245,-6.0,-3.863235294117601,-167.51787538304586,6.380471380471389,5.709797505572138,Black Marubozu
CNATEX,C & A Textiles Ltd,Buy,Strong buy,Neutral,58.41772850069785,0.10000000000000009,0.37411764705882566,69.1752185480815,41.666666666666686,52.57936507936512,"Dragonfly Doji, Long Lower Shadow"
CONFIDCEM,Confidence Cement PLC,Sell,Strong sell,Sell,36.299236690647994,-3.4000000000000057,-2.524705882352947,-203.4764826175867,13.57389254973103,14.505309812848475,Hammer
CONTININS,Continental Insurance PLC,Neutral,Buy,Sell,49.693112221877406,-1.1000000000000014,1.0691176470588388,6.20233006453748,43.73822975517885,62.92244665181406,
COPPERTECH,Coppertech Industries Ltd,Sell,Sell,Buy,36.429823864674646,-2.8000000000000007,-0.7082352941176779,-146.14003590664683,7.020308123249308,11.234438219732326,
CROWNCEMNT,Crown Cement PLC,Sell,Sell,Sell,41.92743957053681,-3.0999999999999943,-1.5752941176470614,-156.38474295190588,10.909090909090978,13.333333333333426,
CRYSTALINS,Crystal Insurance Company Ltd,Sell,Strong sell,Neutral,44.664211584752934,-2.1999999999999886,-0.4320588235294309,-25.408348457345564,23.46685114723854,39.57503263743986,Black Marubozu
CVOPRL,CVO Petrochemical Refinery PLC,Sell,Sell,Neutral,45.24028285465587,-0.9000000000000057,1.6126470588230575,-123.82461701003542,14.908019170534686,32.71611490068225,
DACCADYE,Dacca Dyeing and Manufacturing Company Limited,Sell,Strong sell,Neutral,36.063631344010425,-0.8000000000000007,-0.5629411764706234,-177.77777777777834,6.6931216931217365,6.15079365079368,
DAFODILCOM,Daffodil Computers PLC.,Neutral,Sell,Neutral,47.35889534294437,-4.199999999999989,1.2394117647058636,-108.88077858880912,32.53333333333338,49.9555555555556,
DBH,DBH Finance PLC,Buy,Strong buy,Sell,57.85280255518148,1.2000000000000028,1.2014705882348196,48.109965635733076,65.78483245149904,70.38212815990588,"Hanging Man, Long Lower Shadow"
DBH1STMF,DBH First Mutual Fund Units,Sell,Sell,Neutral,42.58323552328952,-0.7999999999999998,-0.005000000000000782,-176.6990291262137,9.696969696969722,10.423681257014612,
DELTALIFE,Delta Life Insurance Company Ltd.,Sell,Strong sell,Neutral,39.555969978192806,-4.599999999999994,-2.9158823529414093,-157.64675920029,8.176364385173182,11.144088192157996,White Spinning Top
DELTASPINN,Delta Spinners Limited,Sell,Sell,Neutral,46.06751071682332,-0.40000000000000036,0.13382352941174958,-184.8290598290414,-4.736951571734001e-15,9.206349206349206,"Gravestone Doji, Long Upper Shadow"
DESCO,Dhaka Electric Supply Co. Ltd.,Neutral,Sell,Neutral,39.98819422978453,-1.0,-0.7182352941176013,-235.90437528189392,3.8126361655773273,7.706273392547864,Bullish Harami
DESHBANDHU,Deshbandhu Polymer Limited,Sell,Strong sell,Neutral,32.09285494147734,-3.3000000000000007,-1.0691176470588246,-184.34938812170202,7.1825396825396455,7.717002717002681,
DGIC,Desh General Insurance Company Ltd,Neutral,Buy,Neutral,52.58260584098662,-1.2000000000000028,0.7358823529411893,-26.617146394302615,12.61261261261249,23.48462593027803,White Spinning Top
DHAKABANK,Dhaka Bank PLC,Neutral,Sell,Buy,49.11532949930213,0.09999999999999964,0.03676470588238878,-26.455026455031565,38.095238095238166,41.26984126984139,
DHAKAINS,Dhaka Insurance Limited,Neutral,Buy,Sell,49.98749794029783,0.19999999999999574,2.9305882352941666,-1.5133499081186597,46.709825528007364,58.124273033363956,
DOMINAGE,Dominage Steel Building Systems Ltd,Sell,Strong sell,Buy,30.91229976069171,-18.099999999999994,-6.820882352941169,-187.9612846666901,7.348500375760065,6.458682254286887,Bullish Harami
DOREENPWR,Doreen Power Generations & Systems Ltd.,Neutral,Buy,Sell,51.75328564688481,-1.0,1.7688235294117263,-3.1520882584713927,44.68902865129274,56.11003930213898,
DSHGARME,Desh Garments Limited.,Buy,Strong buy,Neutral,67.49072157060989,21.599999999999994,18.899999999999892,134.6037928316423,71.49566695582836,76.63014277086553,
DSSL,Dragon Sweater & Spinning Ltd.,Neutral,Sell,Buy,37.58244567306826,-1.5999999999999996,-0.5911764705882678,-166.21983914209176,5.33333333333334,4.875816993464048,
DULAMIACOT,Dulamia Cotton Spinning Mills Limited,Buy,Buy,Neutral,52.39498441123243,-7.900000000000006,4.970882352940947,-67.76863903750619,30.055643556313715,37.60813939320095,
DUTCHBANGL,Dutch-Bangla Bank PLC,Sell,Sell,Sell,48.24506819269559,-1.0,0.2688235294118826,-149.8207885304744,10.685483870967744,18.25010861301185,
EASTERNINS,Eastern Insurance PLC,Buy,Strong buy,Neutral,58.42032725409722,1.2999999999999972,4.140294117647045,51.43721633887998,67.01287755348999,69.73752159444577,
EASTLAND,Eastland Insurance PLC,Neutral,Buy,Neutral,51.11707859691243,-1.0,1.2138235294117834,3.335354760460871,43.93271060370177,61.026062388283435,
EASTRNLUB,Eastern Lubricants Blenders PLC,Neutral,Neutral,Neutral,47.04738795910139,-70.69999999999982,25.5550000000012,-177.47579550903887,11.222708314082253,11.867587438594265,
EBL,Eastern Bank PLC,Strong sell,Strong sell,Sell,35.28625261026477,-0.1999999999999993,-0.27794117647062677,-154.9295774648344,12.22222222222238,15.449735449735494,Doji
EBL1STMF,EBL First Mutual Fund Units,Neutral,Sell,Neutral,42.79803509147649,-0.7999999999999998,-0.05558823529411505,-143.7308868501525,9.090909090909038,9.918630751964029,Black Marubozu
EBLNRBMF,EBL NRB Mutual Fund,Neutral,Neutral,Neutral,46.19173587957132,-0.49999999999999956,0.06970588235294262,-151.04166666666737,14.285714285714315,17.671957671957696,
ECABLES,Eastern Cables Ltd.,Neutral,Neutral,Neutral,49.6928149523011,1.5999999999999943,1.114705882352979,-20.250998288651157,20.973782771535596,36.01285430249226,
EGEN,eGeneration PLC,Neutral,Sell,Neutral,44.73378589055159,-0.9000000000000021,-0.3400000000000176,-83.01613195576839,15.686274509803917,26.062951496388063,Black Spinning Top
EHL,Eastern Housing Ltd.,Sell,Sell,Neutral,40.3478559922269,-5.8999999999999915,-3.015294117646775,-197.97979797980435,10.259490259490308,11.801484742661271,
EIL,Express Insurance Ltd.,Neutral,Neutral,Neutral,49.6139186614794,-0.8999999999999986,0.8847058823529537,-19.08713692946208,38.02481814291832,54.57450896490394,
EMERALDOIL,Emerald Oil Industries Ltd.,Neutral,Neutral,Neutral,48.732719963402594,-1.6000000000000014,0.9905882352941191,-64.14141414141335,29.529411764705873,37.294117647058805,
ENVOYTEX,Envoy Textiles Ltd.,Strong buy,Strong buy,Buy,73.07733726788581,7.199999999999996,0.6285294117646956,293.16760655234526,90.21864211737629,74.14226654732983,White Spinning Top
EPGL,Energypac Power Generation PLC,Sell,Sell,Sell,39.28555027964989,-1.3999999999999986,-0.5097058823529359,-173.9130434782605,8.251231527093614,17.227695675971525,
ESQUIRENIT,Esquire Knit Composite PLC,Neutral,Sell,Neutral,43.58091675623764,-0.9000000000000021,-0.5438235294116218,-104.0100250626593,7.354925775978399,14.542949456010808,"Dragonfly Doji, Long Lower Shadow"
ETL,Evince Textiles Ltd.,Sell,Sell,Neutral,35.02487623542007,-1.200000000000001,-0.42088235294117915,-214.4329896907199,9.841269841269835,13.83597883597883,Black Spinning Top
EXIM1STMF,EXIM Bank 1st Mutual Fund 2013- Units,Buy,Strong buy,Sell,66.50135072902401,-0.3000000000000007,1.5135294117647025,25.202092249167748,56.1157796451914,69.38609973904092,
FAMILYTEX,Familytex (BD) Ltd.,Buy,Strong buy,Sell,54.30203423203753,-0.10000000000000009,0.23970588235294343,20.20202020201987,33.33333333333329,39.999999999999964,
FARCHEM,FAR Chemicals Industries Ltd,Sell,Sell,Neutral,31.346262018282502,-5.800000000000001,-1.8341176470588287,-184.13391557496487,4.076393175961038,3.824947757393298,
FAREASTFIN,Fareast Finance & Investment Ltd.,Buy,Strong buy,Neutral,59.75439894876575,0.30000000000000004,0.7611764705882342,57.268722466961485,76.03785103785103,87.86121286121288,
FAREASTLIF,Fareast Islami Life Insurance Company Limited,Sell,Strong sell,Neutral,47.56318323977008,-0.8000000000000007,-0.7470588235294429,-97.5609756097639,30.722222222222253,32.866538952745906,"Dragonfly Doji, Long Lower Shadow"
FASFIN,FAS Finance & Investment Limited,Buy,Strong buy,Neutral,64.9561801812313,0.7,1.1258823529411803,65.06536941319565,70.00000000000001,82.22222222222224,
FBFIF,First Bangladesh Fixed Income Fund Units,Buy,Buy,Neutral,51.011479095037856,-0.39999999999999947,0.08970588235295063,-93.51432880844699,20.833333333333368,18.849206349206383,Hanging Man
FEDERALINS,Federal Insurance PLC,Buy,Buy,Neutral,52.97698002055527,-0.10000000000000142,1.9073529411764447,31.798245614034496,47.60403865153373,68.19605785990514,Black Spinning Top
FEKDIL,Far East Knitting & Dyeing Industries PLC.,Neutral,Sell,Buy,42.97136224813732,-3.200000000000003,-0.5067647058823539,-135.68346644634275,13.348765432098771,22.665637860082327,
FINEFOODS,Fine Foods Limited,Sell,Strong sell,Neutral,26.850868813128073,-18.099999999999966,-45.60941176470561,-121.05824500467273,36.41783301497904,27.178848257742185,
FIRSTFIN,First Finance Ltd.,Strong buy,Strong buy,Neutral,63.22932947935227,0.09999999999999964,0.6567647058823534,99.1452991453007,59.52380952380954,58.253968253968246,
FORTUNE,Fortune Shoes Ltd.,Neutral,Sell,Neutral,37.022858051481016,-2.1999999999999993,-1.1329411764705881,-165.44297601566365,9.523809523809518,5.47619047619047,Long Lower Shadow
FUWANGCER,Fu-Wang Ceramic Industry Ltd.,Sell,Sell,Sell,38.96656062713718,-1.5,-0.242058823529419,-170.34313725490298,5.934343434343435,10.737934904601607,
FUWANGFOOD,Fu-Wang Foods Limited,Sell,Strong sell,Neutral,30.234378802946736,-1.4000000000000004,-0.6805882352940866,-185.9520909459994,8.978328173374619,9.199159973153787,Hammer
GBBPOWER,GBB POWER Ltd.,Buy,Strong buy,Neutral,77.75063651266854,4.4,5.605000000000006,98.9447548106766,84.38875339892918,90.44575529311886,
GEMINISEA,Gemini Sea Food PLC,Strong sell,Strong sell,Sell,36.00705890009906,-6.400000000000006,-4.284411764705709,-206.21980676329974,10.757991904059297,20.43512348381258,Inverted Hammer
GENEXIL,Genex Infosys PLC,Neutral,Sell,Neutral,44.15879071592051,-2.8000000000000043,-1.079411764705874,-138.88888888888584,32.12121212121212,28.41750841750839,
GENNEXT,Generation Next Fashions Ltd.,Buy,Strong buy,Neutral,53.383551596104894,0.0,0.2820588235294017,20.576131687244484,55.55555555555557,70.37037037037035,"Dragonfly Doji, Long Lower Shadow"
GHAIL,Golden Harvest Agro Industries Ltd.,Neutral,Sell,Buy,38.66799165270818,-1.5,-0.6279411764705998,-153.7169256614837,14.66666666666662,14.033788174139014,
GHCL,Global Heavy Chemicals Ltd.,Neutral,Neutral,Buy,43.46940378242588,-2.1999999999999993,0.13382352941168563,-128.28239345673714,9.302325581395356,8.811462124790465,Long Upper Shadow
GLDNJMF,ICB AMCL CMSF GOLDEN JUBILEE MUTUAL FUND,Buy,Buy,Neutral,53.04048340618066,-1.1999999999999993,0.8323529411764685,-33.133732534930424,37.198067632850275,46.69887278582934,"Dragonfly Doji, Long Lower Shadow"
GLOBALINS,Global Insurance PLC,Buy,Strong buy,Neutral,55.8646681264791,0.0,2.921470588235266,56.8371782012709,51.96570865789237,68.28370617653458,
GOLDENSON,Golden Son Limited,Sell,Strong sell,Neutral,27.70993293536813,-2.3000000000000007,-0.9782352941176633,-240.34440344403322,7.020202020201982,8.9009139009139,
GP,Grameenphone Ltd.,Sell,Strong sell,Neutral,34.31956453478158,-9.299999999999983,-6.486470588235335,-162.42953264229652,14.425855002351689,20.707443989040442,Bullish Harami
GPHISPAT,GPH Ispat Limited,Neutral,Sell,Buy,38.287710538160596,-1.3000000000000007,-0.8835294117646662,-147.76119402984887,10.797101449275383,7.07269381182427,
GQBALLPEN,G.Q. Ball Pen Industries Limited,Sell,Strong sell,Neutral,30.213815376508776,-42.39999999999998,-50.417941176469526,-135.69079883036963,15.868557777650159,13.99503580294636,
GRAMEENS2,Grameen Mutual Fund One - Grameen Two Units,Sell,Sell,Neutral,44.02123500558329,-1.3000000000000007,-0.04499999999996618,-137.60683760683412,7.747821350762504,8.79175744371822,Hammer
GREENDELMF,Green Delta Mutual Fund 2010 Units,Neutral,Neutral,Neutral,47.36681312336989,-0.7999999999999998,0.1973529411764705,-149.42528735632226,5.808080808080827,7.390572390572412,
GREENDELT,Green Delta Insurance PLC,Neutral,Buy,Neutral,51.104046964931406,-1.7999999999999972,2.932058823529374,-6.955422067661248,41.305841924398614,60.620071318738106,Long Lower Shadow
GSPFINANCE,GSP Finance Company PLC,Sell,Sell,Sell,47.283773451853186,-0.7999999999999998,0.16500000000000092,-62.22222222222143,8.585858585858587,10.606060606060609,"Gravestone Doji, Long Upper Shadow"
HAKKANIPUL,Hakkani Pulp & Paper Mills PLC,Sell,Strong sell,Neutral,39.407371566753845,-4.400000000000006,-1.183235294117651,-202.34604105572365,5.084656084655999,19.27812284334018,
HAMI,Hami Industries PLC,Neutral,Neutral,Sell,50.00991538901006,-4.0,2.342352941176614,-98.9853438556942,28.277522695120144,30.782339289331826,"Dragonfly Doji, Hanging Man, Long Lower Shadow"
HEIDELBCEM,Heidelberg Materials Bangladesh PLC,Sell,Strong sell,Neutral,40.791293017934876,-4.599999999999994,-6.614705882352922,-137.8877205778051,31.880341880341835,50.04273504273502,"Hammer, Long Lower Shadow"
HFL,Hamid Fabrics PLC,Buy,Buy,Buy,53.22955900421682,0.5999999999999996,0.9444117647058867,18.788467768064805,40.00000000000001,48.518518518518505,Shooting Star
HRTEX,H.R. Textile Mills Ltd.,Strong sell,Strong sell,Sell,42.034429945030574,-0.40000000000000213,-0.501176470588252,-91.72809172809107,22.68518518518515,29.653996101364502,"Gravestone Doji, Long Upper Shadow"
HWAWELLTEX,Hwa Well Textiles (BD)PLC,Buy,Buy,Neutral,50.62353259960087,-2.0,0.2100000000000577,-48.36643177450162,20.000000000000032,19.53348588445394,
IBNSINA,BN SINA Pharmaceutical Industry PLC,Sell,Strong sell,Neutral,41.15039530487262,-3.8999999999999773,-3.0423529411752384,-206.13254203754136,4.387721054387701,19.10644494623811,
IBP,Indo-Bangla Pharmaceuticals Ltd.,Neutral,Sell,Neutral,39.189402973717954,-2.700000000000003,-0.5250000000000057,-190.25805466483465,6.61648602658246,9.259142765900451,
ICB,Investment Corporation of Bangladesh,Sell,Strong sell,Sell,31.831760920594633,-3.0999999999999943,-2.0255882352940517,-175.61036841774632,0.8547008547008653,1.9075682382134058,Black Marubozu
ICB3RDNRB,ICB AMCL Third NRB Mutual Fund 2010 Units,Sell,Sell,Sell,44.309642355426405,-1.1000000000000005,0.20470588235293974,-123.20675105485283,7.692307692307717,18.62211862211868,
ICBAGRANI1,ICB AMCL First Agrani Bank Mutual Fund Units,Neutral,Neutral,Neutral,44.705921999705375,-1.3000000000000007,0.1558823529411697,-134.68013468013524,8.62745098039212,16.405228758169894,Hanging Man
ICBAMCL2ND,ICB AMCL Second Mutual Fund Units,Neutral,Buy,Sell,49.261923617275784,-1.4000000000000004,0.4700000000000326,-82.4204486176317,10.721247563352831,23.944119558154664,Hanging Man
ICBEPMF1S1,ICB Employees Provident Mutual Fund One Scheme One Units,Neutral,Sell,Neutral,41.36863673747803,-1.0999999999999996,-0.07823529411766561,-117.50000000000625,6.666666666666697,14.700854700854729,Black Marubozu
ICBIBANK,ICB Islamic Bank Limited,Sell,Strong sell,Neutral,40.0461058074204,-0.10000000000000009,-0.0694117647058734,-138.61386138612815,16.666666666666714,33.33333333333342,"Gravestone Doji, Long Upper Shadow"
ICBSONALI1,ICB AMCL Sonali Bank Ltd 1st Mutual Fund 2013- Units,Sell,Neutral,Sell,43.235416666391636,-1.6000000000000005,-0.006176470588235894,-105.17315091919697,5.26315789473681,11.351909184726447,
ICICL,Islami Commercial Insurance PLC.,Buy,Strong buy,Sell,57.710613004731876,-0.8999999999999986,4.023235294117683,24.771270305595596,65.2380952380952,78.09815235763828,Black Spinning Top
IDLC,IDLC Finance PLC.,Buy,Buy,Neutral,53.478398637520165,0.10000000000000142,0.9270588235294142,-78.93175074184124,42.900432900432996,44.09812409812417,
IFADAUTOS,IFAD Autos PLC,Sell,Sell,Neutral,35.36704707386572,-1.5,-0.9732352941177069,-190.28871391075742,7.622114868491695,12.313472893183047,White Spinning Top
IFIC,IFIC Bank PLC,Sell,Strong sell,Sell,42.241494099866614,-0.10000000000000053,-0.08441176470587575,-142.98978644382368,27.777777777777704,34.25925925925927,Doji
IFIC1STMF,IFIC Bank 1st Mutual Fund Units,Neutral,Neutral,Neutral,48.83442268148857,-0.5,0.09441176470587997,-119.15535444947308,16.66666666666671,14.16666666666672,Doji
IFILISLMF1,IFIL Islamic Mutual Fund - 1 Units,Neutral,Neutral,Neutral,44.63443883176173,-0.7999999999999998,0.19235294117646884,-133.90313390313307,6.060606060606079,11.223344556677901,Black Marubozu
ILFSL,International Leasing and Financial Services Ltd.,Buy,Strong buy,Neutral,60.70863291324479,0.30000000000000004,0.7588235294117642,57.013830087496515,70.64713064713064,84.07814407814406,
INDEXAGRO,Index Agro Industries Ltd,Sell,Sell,Sell,44.15898402149196,-1.3999999999999915,-1.1314705882352598,-128.62145813435112,48.259705488621144,59.562645644305604,
INTECH,Intech Ltd.,Strong sell,Strong sell,Neutral,31.467386272008284,-1.8999999999999986,-1.5102941176470068,-232.96703296703922,23.611111111111097,39.02777777777781,
INTRACO,Intraco Refueling Station PLC,Buy,Strong buy,Sell,54.05831786879728,0.5999999999999979,0.5808823529412237,3.065134099617334,25.069444444444397,36.18055555555553,
IPDC,IPDC Finance PLC,Buy,Strong buy,Buy,60.10621389698302,2.0,0.7647058823529349,128.20512820512755,76.93358554014291,79.42467606045653,
ISLAMIBANK,Islami Bank Bangladesh PLC,Sell,Strong sell,Buy,24.861403754408713,-1.8999999999999986,-1.9688235294117966,-143.0575035063109,10.08547008547011,7.346006483937554,White Spinning Top
ISLAMICFIN,Islamic Finance & Investment PLC,Sell,Sell,Sell,40.03037269664058,-0.9000000000000004,0.07852941176471617,-190.1639344262303,3.70370370370375,12.037037037037079,Black Marubozu
ISLAMIINS,Islami Insurance Bangladesh Limited,Buy,Buy,Neutral,52.81626495003492,-0.29999999999999716,1.8270588235294412,28.532376559028954,56.47897713302188,66.68521053731065,
ISNLTD,Information Services Network Ltd.,Sell,Strong sell,Buy,48.8223137739283,1.2999999999999972,0.8052941176470725,-16.610041525108333,22.357203751065622,36.71637897980607,"Hammer, Long Lower Shadow"
ITC,IT Consultants PLC,Neutral,Sell,Neutral,34.496984008320936,-4.5,-3.379117647058848,-115.95900439238464,5.314137339453809,5.5541559121051165,
JAMUNABANK,Jamuna Bank PLC,Buy,Strong buy,Neutral,51.693179563454436,0.09999999999999787,0.2849999999999788,9.661835748778756,50.00000000000008,52.77777777777783,
JAMUNAOIL,JAMUNA OIL PLC,Sell,Sell,Neutral,36.96262221414741,-4.800000000000011,-2.1735294117645196,-252.5186158563121,9.634345460447447,9.819218654957345,Long Lower Shadow
JANATAINS,Janata Insurance PLC,Sell,Sell,Sell,45.3823912399046,-1.3000000000000043,0.36029411764702957,-23.813797642556068,40.19841269841278,59.80220253476076,
JHRML,JMI Hospital Requisite Manufacturing Ltd,Sell,Sell,Neutral,46.41756009969034,0.6000000000000014,0.523823529411807,-23.444160272807235,17.777777777777782,27.34882842025699,
JMISMDL,JMI Syringes & Medical Devices Ltd.,Sell,Sell,Sell,43.95270357772728,-0.09999999999999432,-3.1094117647058397,-106.75298299060867,18.80085367480333,29.757458538971193,Doji
JUTESPINN,Jute Spinners Limited,Buy,Strong buy,Neutral,53.113717723495995,-2.1000000000000227,-0.978823529411585,-0.1874238590618791,50.53774979730044,52.372055590128866,White Marubozu
KARNAPHULI,Karnaphuli Insurance PLC,Buy,Strong buy,Neutral,71.51035022048532,2.8999999999999986,8.24382352941177,72.88934749272673,71.71597876652872,76.58369553585425,
KAY&QUE,Kay and Que (Bangladesh) Ltd.,Sell,Strong sell,Neutral,42.10028104689868,1.1999999999999886,-3.476470588235088,-125.85997571834099,25.363063063063155,38.95030030030038,Doji
KBPPWBIL,Khan Brothers PP Woven Bag Industries Ltd,Sell,Strong sell,Neutral,38.255886655014535,-1.7999999999999972,-0.47235294117652415,-191.4529914529864,8.979591836734729,23.99092970521544,Black Spinning Top
KDSALTD,KDS Accessories Ltd.,Sell,Strong sell,Neutral,34.03549757483266,-2.3999999999999986,-2.22852941176469,-216.26097035933378,11.562761069339992,11.360867446393746,
KEYACOSMET,Keya Cosmetic Ltd.,Buy,Buy,Neutral,50.021540354655244,-0.1999999999999993,0.1164705882352921,-39.26940639269434,0.0,15.079365079365067,"Gravestone Doji, Long Upper Shadow"
KOHINOOR,Kohinoor Chemical Company (Bangladesh) PLC,Buy,Strong buy,Neutral,65.3844591650801,4.7999999999999545,24.20441176470581,88.18614217765719,82.38719497225908,82.3889851587757,
KPCL,Khulna Power Company Ltd.,Buy,Strong buy,Neutral,61.69196093999145,0.6999999999999993,0.901470588235501,86.76307007785893,69.08939014202171,68.7092731829574,
KPPL,Khulna Printing & Packaging Ltd,Sell,Strong sell,Buy,44.78954468939139,-0.09999999999999964,-0.265588235294123,-114.6496815286578,2.7777777777777684,2.777777777777763,
KTL,Kattali Textile Ltd.,Strong buy,Strong buy,Neutral,60.59238728665655,0.20000000000000107,0.5038235294117737,61.22448979591987,51.98135198135204,44.77809771927423,
LANKABAFIN,LankaBangla Finance PLC,Neutral,Neutral,Neutral,46.41506501984851,-0.6999999999999993,-0.22882352941175554,-127.83751493428794,11.461988304093675,12.592592592592636,
LEGACYFOOT,Legacy Footwear Ltd.,Sell,Sell,Neutral,42.57355989634226,-5.1000000000000085,0.4464705882352433,-158.72668997668876,5.084927163964932,11.441570206478238,
LHB,LafargeHolcim Bangladesh PLC,Sell,Sell,Sell,39.74789597069102,-2.700000000000003,-1.1632352941175697,-159.46977304679334,11.436054853024629,21.93138552452561,
LIBRAINFU,Libra Infusions Ltd.,Sell,Strong sell,Neutral,27.090990338101193,-25.299999999999955,-19.9411764705892,-199.54419950035737,8.868176337020834,10.978817506066521,
LINDEBD,Linde Bangladesh Limited,Strong sell,Strong sell,Sell,39.049114975358705,-11.5,-10.591470588232937,-140.23864489750187,2.503770739065038,6.557305490274191,
LOVELLO,Taufika Foods and Lovello Ice-cream PLC,Strong sell,Strong sell,Sell,29.21209291773779,-5.799999999999997,-3.971176470588105,-217.69503961284198,4.027777777777807,5.9812409812409735,
LRBDL,Lub-rref (Bangladesh) Ltd,Buy,Buy,Sell,56.44982417801056,-0.6999999999999993,0.3923529411764708,-27.36430611937707,18.75000000000004,29.185372240927837,Doji
LRGLOBMF1,LR Global Bangladesh Mutual Fund One Units,Neutral,Neutral,Neutral,48.20285455513911,-0.7999999999999998,0.23294117647058066,-126.4579496623707,3.3333333333333535,9.753086419753105,
MAGURAPLEX,Magura Multiplex PLC,Sell,Sell,Neutral,45.16400514988756,-2.0999999999999943,-0.8385294117648243,-173.9467162329495,20.305076269067396,32.90717091228635,
MAKSONSPIN,Maksons Spinning Mills PLC,Buy,Strong buy,Neutral,56.99247580114398,0.0,0.4332352941176456,27.511196417151222,43.51851851851851,56.97811447811446,"Dragonfly Doji, Long Lower Shadow"
MALEKSPIN,Malek Spinning Mills PLC,Buy,Strong buy,Buy,65.97623989550559,3.5,4.490294117647096,100.35211267605736,77.52421450507916,83.76700077621409,
MARICO,Marico Bangladesh Limited.,Sell,Strong sell,Neutral,42.88355136163654,1.400000000000091,-8.919411764705728,-54.162228462609264,19.634955838647063,17.821116169861256,
MATINSPINN,Matin Spinning PLC,Buy,Strong buy,Buy,69.81826475057865,4.300000000000004,4.74647058823529,129.5554283533668,74.18385389304088,81.82786217345016,Bearish Harami
MBL1STMF,MBL 1st Mutual Fund 2010- Units,Buy,Strong buy,Sell,71.40696046975232,0.5,2.1252941176470586,74.48789571694623,69.58333333333333,75.29497354497353,Hanging Man
MEGCONMILK,Meghna Condensed Milk Industries Ltd.,Sell,Sell,Buy,43.91690247542405,-0.20000000000000284,-2.7185294117646777,-43.78849331530765,33.76874697629415,32.42793501048218,
MEGHNACEM,Meghna Cement Mills PLC,Strong sell,Strong sell,Sell,31.96190296124405,-1.7000000000000028,-0.9067647058823667,-261.74496644295357,14.179894179894186,18.2469082918858,
MEGHNAINS,Meghna Insurance PLC,Sell,Sell,Sell,46.889682628182015,-1.6000000000000014,1.0752941176470614,-68.60158311345272,25.687017231134845,45.74613784907901,
MEGHNALIFE,Meghna Life Insurance PLC,Sell,Strong sell,Sell,34.10559135213721,-5.100000000000001,-3.2108823529411765,-206.99126092384367,25.045948203842926,19.677819784867037,
MEGHNAPET,Meghna Pet Industries Ltd.,Buy,Strong buy,Neutral,50.672178980250834,0.29999999999999716,-3.3373529411764054,-42.82188615837011,44.992724063074,42.032106393867394,"Hanging Man, Long Lower Shadow"
MERCANBANK,Mercantile Bank PLC,Strong sell,Strong sell,Sell,37.78323765727298,-0.3000000000000007,-0.2982352941176609,-138.8235294117678,22.222222222222225,21.481481481481524,"Dragonfly Doji, Long Lower Shadow"
MERCINS,Mercantile Islami Insurance PLC,Sell,Sell,Sell,47.75717169521984,-3.3999999999999986,0.40676470588234537,-61.597298506855275,21.340388007054674,39.58847736625517,
METROSPIN,Metro Spinning Ltd.,Strong buy,Strong buy,Buy,55.436266774203446,1.0,0.9450000000000109,62.19480853251044,47.619047619047656,63.035113035113085,
MHSML,Mozaffar Hossain Spinning Mills Ltd.,Sell,Strong sell,Neutral,30.676441208282057,-2.6000000000000014,-1.0294117647059018,-223.61809045226104,7.625272331154638,11.989056949497185,
MIDASFIN,MIDAS Financing PLC,Sell,Strong sell,Neutral,47.62787558065609,-0.39999999999999947,-0.1150000000000162,-104.06504065040701,25.925925925925952,28.395061728395095,
MIDLANDBNK,Midland Bank PLC,Neutral,Buy,Sell,50.01212107937223,-0.5,0.2929411764705918,-97.51243781094497,20.285087719298215,22.551169590643227,
MIRACLEIND,Miracle Industries Limited,Sell,Sell,Sell,46.10917048928939,-1.1000000000000014,0.34088235294115776,-80.73289436014839,14.529914529914526,23.544973544973573,
MIRAKHTER,Mir Akhter Hossain Ltd,Sell,Strong sell,Neutral,31.564665298836957,-5.400000000000006,-2.089411764705865,-194.62791721709462,4.145218664992592,5.236356027316401,
MITHUNKNIT,Mithun Knitting & Dyeing (CEPZ) Ltd.,Buy,Strong buy,Buy,58.39455365092056,1.1999999999999993,0.9944117647058892,109.42812982998473,58.18181818181816,73.73737373737372,White Spinning Top
MJLBD,MJL Bangladesh PLC,Sell,Sell,Sell,41.34507525704345,-2.0,-1.368529411764726,-139.21314310419388,20.41446208112881,25.3094155140939,
MLDYEING,M.L. Dyeing & Textile Ind. PLC,Neutral,Neutral,Neutral,45.27924553750107,-1.9000000000000021,0.590000000000007,-157.4732526106743,6.91713886835836,9.014832575247503,
MONNOAGML,Monno Agro & General Machinery Ltd.,Strong sell,Strong sell,Neutral,35.63000850505392,-10.600000000000023,-5.640588235294842,-274.5632926537426,11.149291430698447,18.7499401770759,
MONNOCERA,Monno Ceramic Industries Limited.,Sell,Strong sell,Neutral,30.819717320477196,-6.799999999999997,-3.6426470588233713,-268.94537795011865,7.172919672919671,11.440209428715193,
MONNOFABR,Monno Fabrics Ltd.,Sell,Strong sell,Neutral,39.940222821442156,-2.099999999999998,-0.14352941176471035,-91.58415841584225,11.76470588235294,18.459100812041967,
MONOSPOOL,Monospool Bangladesh PLC,Neutral,Sell,Neutral,34.73650322441752,-5.799999999999997,-4.220588235294585,-218.05909863945203,9.775641025641013,12.918811146659278,Black Spinning Top
MPETROLEUM,Meghna Petroleum PLC,Sell,Sell,Neutral,35.371506560357574,-4.599999999999994,-2.6279411764703298,-204.69255663433108,8.13299907639534,9.972815033858287,
MTB,Mutual Trust Bank PLC,Buy,Strong buy,Neutral,58.2737682420598,0.1999999999999993,-0.13588235294116835,4.72813238768831,46.031746031746046,35.978835978836045,
NAHEEACP,Nahee Aluminum Composite Panel PLC,Sell,Sell,Neutral,34.09992380236238,-3.1000000000000014,-1.985588235293804,-285.6430707876371,13.794050114804778,15.401941699111473,Black Spinning Top
NATLIFEINS,National Life Insurance PLC,Sell,Strong sell,Sell,38.43811109373908,-5.0,-2.8217647058823445,-185.15981735159187,12.573099415204778,10.461338531514004,
NAVANACNG,Navana CNG Limited,Strong sell,Strong sell,Sell,30.580454495672868,-1.9000000000000021,-0.6752941176470451,-186.2348178137813,6.929181929181966,14.942002442002495,
NAVANAPHAR,Navana Pharmaceuticals PLC,Sell,Strong sell,Sell,32.96753569769581,-4.1000000000000085,-3.2997058823528533,-180.61366806136948,6.9398768867526615,10.56056462172667,Black Spinning Top
NBL,National Bank PLC,Sell,Strong sell,Sell,39.26882525021389,-0.10000000000000009,-0.11117647058823676,-209.11528150134018,8.333333333333337,21.296296296296287,"Dragonfly Doji, Long Lower Shadow"
NCCBANK,National Credit and Commerce Bank PLC,Sell,Sell,Neutral,44.98727700252947,-0.09999999999999964,-0.14558823529412734,-98.22866344605292,16.666666666666796,18.05555555555568,
NCCBLMF1,NCCBL Mutual Fund-1 2012- Dividend Units,Buy,Buy,Neutral,49.52581067305008,-0.9000000000000004,0.4614705882352954,-163.00366300366215,6.547619047619047,5.39021164021165,
NEWLINE,New Line Clothings Ltd.,Buy,Buy,Neutral,49.940786543959504,-0.6999999999999993,0.4502941176470454,-30.32742887815369,13.968253968253995,28.421052631578977,"Gravestone Doji, Long Upper Shadow"
NFML,National Feed Mill Ltd,Neutral,Sell,Neutral,36.09148996032283,-2.1000000000000014,-1.1682352941176468,-187.39072302787235,7.403062886933848,6.666014988595651,
NHFIL,National Housing Finance PLC,Sell,Sell,Neutral,44.019502707840594,-0.6999999999999993,-1.3388235294117727,-84.5312164771503,31.381919553962558,31.3188636665339,
NITOLINS,Nitol Insurance PLC,Buy,Strong buy,Neutral,65.12340852618607,7.100000000000001,8.359411764705854,53.16481091383463,74.02862985685071,82.51356686939504,
NORTHERN,Northern Jute Manufacturing Co. Ltd.,Buy,Strong buy,Neutral,50.88595261832388,2.0999999999999943,-0.8502941176470955,-28.07671081677787,37.398873527905806,37.19933590901334,
NORTHRNINS,Northern Islami Insurance PLC,Sell,Sell,Sell,46.84247333789537,0.20000000000000284,1.3776470588235412,-34.5140781108082,37.10927699851755,50.534173413920314,
NPOLYMER,National Polymer Industries PLC,Sell,Sell,Neutral,40.88406966710592,-3.799999999999997,-0.8458823529412101,-204.5244690674039,5.2810457516340135,7.33623819898332,
NRBBANK,NRB Bank PLC,Buy,Buy,Neutral,52.90439493345336,-0.09999999999999964,0.4511764705882353,-35.81871345028392,33.33333333333332,54.36507936507936,
NRBCBANK,NRBC Bank PLC,Buy,Strong buy,Neutral,62.9650362881077,1.0,1.9329411764706173,52.36486486486527,65.63492063492065,78.62479474548441,Hanging Man
NTC,National Tea Company Limited,Sell,Sell,Neutral,44.143361956316724,-6.400000000000006,-3.3014705882347073,-109.51359084407625,9.935897435897411,11.355311355311391,
NTLTUBES,National Tubes Limited,Sell,Strong sell,Sell,32.46902413739353,-4.299999999999997,-2.897941176470553,-258.50119124972696,4.992879615830463,8.143721892355725,
NURANI,Nurani Dyeing & Sweater Ltd.,Buy,Strong buy,Neutral,68.08049019211306,0.8999999999999999,0.945588235294117,137.52122241086263,62.96296296296298,74.07407407407409,"Gravestone Doji, Long Upper Shadow"
OAL,Olympic Accessories Ltd,Buy,Buy,Sell,52.920282736408815,-0.2999999999999998,0.14441176470588424,13.704151551793606,37.50000000000005,44.753086419753096,Doji
OIMEX,Oimex Electrode Ltd.,Sell,Sell,Neutral,43.65835312005579,-0.8000000000000007,-0.4441176470588246,-120.21857923497377,22.181372549019624,14.746732026143832,"Gravestone Doji, Long Upper Shadow"
OLYMPIC,Olympic Industries PLC.,Sell,Strong sell,Neutral,36.33906102545022,-5.0,-5.279705882352914,-171.06780792813288,11.132203657621323,9.443994906490369,
ONEBANKPLC,One Bank PLC,Buy,Strong buy,Neutral,63.1982572522349,0.1999999999999993,0.1602941176470578,109.89010989010815,74.99999999999967,69.99999999999976,"Dragonfly Doji, Long Lower Shadow"
ORIONINFU,Orion Infusion Ltd.,Strong sell,Strong sell,Sell,18.48398831582257,-35.19999999999999,-32.81970588235282,-194.94855830794228,4.898963295956101,3.831454998230784,
ORIONPHARM,Orion Pharma Ltd.,Strong sell,Strong sell,Sell,32.13714863599064,-1.3000000000000007,-0.9320588235294096,-273.0706961683118,7.24637681159416,7.384910485933467,
PADMALIFE,Padma Islami Life Insurance Ltd.,Sell,Strong sell,Neutral,40.88857115617045,-0.3000000000000007,-0.40352941176469415,-61.72839506172845,12.638888888888827,26.292087542087504,Long Upper Shadow
PADMAOIL,Padma Oil PLC,Sell,Sell,Sell,38.68286921854572,-4.400000000000006,-2.730000000000274,-220.23809523802097,12.84779511194584,12.098259798169858,
PARAMOUNT,Paramount Insurance PLC.,Neutral,Neutral,Neutral,49.650282254288065,-0.6000000000000014,2.282941176470601,-1.8133081046998676,32.31292517006802,53.83632240775096,
PDL,Pacific Denims Ltd.,Buy,Buy,Neutral,50.65132769851703,0.0,0.27617647058823813,-0.8438818565388673,30.00000000000004,50.00000000000002,Doji
PENINSULA,The Peninsula Chittagong PLC,Sell,Strong sell,Sell,28.630339078229483,-2.6000000000000014,-1.3776470588235519,-200.43687199650975,7.210031347962413,7.3014214393524846,
PEOPLESINS,Peoples Insurance PLC,Buy,Buy,Neutral,51.336861894310246,-1.5999999999999943,4.72029411764705,16.648371752653055,37.607153869873585,57.35162081600563,
PF1STMF,Phoenix Finance 1st Mutual Fund Units,Buy,Strong buy,Sell,64.97297855264057,0.0,1.8732352941176327,50.87719298245664,64.92424242424242,76.33838383838388,Bearish Engulfing
PHARMAID,Pharma Aids Limited.,Neutral,Sell,Neutral,47.460191728220565,-2.8999999999999773,1.01470588235361,-144.96919917864366,32.81016442451416,45.13256234757296,
PHENIXINS,Phoenix Insurance PLC,Buy,Strong buy,Neutral,60.03019373920706,0.5,6.062941176470538,56.02716468590792,58.22643587349463,69.43655870233793,
PHOENIXFIN,Phoenix Finance and Investments Ltd.,Buy,Buy,Neutral,51.3306894994368,-0.2999999999999998,0.1067647058823531,-59.75941016686206,24.99999999999997,31.9444444444444,White Marubozu
PHPMF1,PHP First Mutual Fund Units 2010-,Buy,Neutral,Buy,47.19955608958133,-0.5,0.0723529411764714,-119.61057023644015,8.333333333333309,9.193121693121658,"Gravestone Doji, Long Upper Shadow"
PIONEERINS,Pioneer Insurance PLC,Neutral,Sell,Neutral,48.64254704002216,-1.2999999999999972,1.5079411764705668,4.90196078431296,37.755272151371194,58.60586731382302,
PLFSL,Peoples Leasing and Financial Services Ltd.,Neutral,Neutral,Sell,50.743512847020995,-0.6000000000000001,0.2717647058823536,-20.24159320927182,33.33333333333332,35.25252525252525,Shooting Star
POPULAR1MF,Popular Life First Mutual Fund Units 2010-,Neutral,Sell,Neutral,43.066017185524764,-0.6000000000000001,0.08411764705882252,-173.7089201877938,8.333333333333341,8.796296296296335,Black Marubozu
POPULARLIF,Popular Life Insurance Co. Ltd.,Buy,Strong buy,Neutral,55.38432085635776,1.2000000000000028,-1.2952941176470603,128.87195626967068,62.287997390737104,41.03503124497765,Doji
POWERGRID,Power Grid Co. of Bangladesh Ltd.,Sell,Sell,Sell,41.10922939976334,-2.299999999999997,-0.8370588235294036,-104.01509027216336,4.901960784313673,15.039424149897568,
PRAGATIINS,Pragati Insurance PLC,Sell,Sell,Sell,45.266587771673926,-2.4000000000000057,0.8426470588233457,-14.472103483922108,42.60120585701976,57.7783194925216,
PRAGATILIF,Pragati Life Insurance PLC,Sell,Strong sell,Sell,36.11959217288249,-6.300000000000011,-7.349358335294141,-154.88430735354422,12.661023187339,14.488151884077908,
PREMIERBAN,The Premier Bank PLC,Buy,Strong buy,Neutral,62.58994361322266,0.0,0.5050000000000008,64.46540880503291,68.57142857142857,74.32098765432097,
PREMIERCEM,Premier Cement Mills PLC,Sell,Sell,Neutral,46.89445256519895,-0.6000000000000014,-1.1044117647059863,-76.82539682540364,45.757575757575665,48.490279135440325,Inverted Hammer
PREMIERLEA,Premier Leasing & Finance Limited,Sell,Sell,Buy,45.85149844076317,-0.7000000000000002,-0.09382352941176775,-94.62710505212495,10.370370370370376,11.234567901234575,"Dragonfly Doji, Long Lower Shadow"
PRIME1ICBA,Prime Bank 1st ICB AMCL Mutual Fund Units,Sell,Sell,Neutral,41.0244971324396,-1.1999999999999993,0.1114705882353011,-166.86390532544382,4.761904761904738,9.89417989417992,
PRIMEBANK,Prime Bank PLC,Sell,Strong sell,Neutral,41.601393173314925,-0.20000000000000284,-0.26970588235296233,-118.65189289012248,13.468013468013524,15.600448933782353,
PRIMEFIN,Prime Finance and Investment Ltd.,Sell,Strong sell,Buy,43.72918078548369,-0.6999999999999997,-0.2023529411764704,-104.04624277456716,6.666666666666675,7.777777777777787,White Marubozu
PRIMEINSUR,Prime Islami Insurance PLC,Neutral,Buy,Neutral,53.34789854015716,-6.600000000000001,7.866470588235302,8.285018967861944,50.854155868721556,61.44659254050617,
PRIMELIFE,Prime Life Insurance Company Limited,Sell,Strong sell,Sell,36.74940640465585,-4.799999999999997,-1.4644117647057797,-84.78682170542642,9.421561149249916,13.67113127943906,
PRIMETEX,Prime Textile Spining Mills Ltd.,Neutral,Sell,Neutral,47.777071375294476,-0.3999999999999986,-0.1885294117647014,-56.12947658402103,22.8758169934641,22.448905488121216,Hammer
PROGRESLIF,Progressive Life Insurance Co. Ltd.,Strong sell,Strong sell,Sell,38.04099893731429,-2.299999999999997,-1.4344117647056436,-75.21367521366062,13.333333333333272,27.67094017094007,Black Marubozu
PROVATIINS,Provati Insurance PLC,Sell,Sell,Neutral,45.75042157740729,-2.8999999999999986,-1.831176470588268,-65.84056175134135,30.221043324491617,48.32203556341491,Black Spinning Top
PTL,Paramount Textile PLC,Buy,Strong buy,Neutral,60.71187036252852,3.299999999999997,1.0582352941176651,103.74044224013221,73.73506229341471,81.07151892383798,Hanging Man
PUBALIBANK,Pubali Bank PLC,Buy,Strong buy,Neutral,67.55532146387648,0.8999999999999986,1.7508823529411899,108.82604970008691,77.38095238095234,82.64550264550263,
PURABIGEN,Purabi General Insurance Co. Ltd.,Sell,Sell,Sell,44.465559101338535,-0.8999999999999986,-0.0926470588235162,-41.408980908841734,36.37618010167031,55.938029532800755,
QUASEMIND,Quasem Industries Limited.,Sell,Strong sell,Neutral,32.52167579739809,-3.6000000000000014,-2.1699999999998383,-165.32991123944126,7.333333333333342,6.219977553310894,
QUEENSOUTH,Queen South Textile Mills Ltd.,Neutral,Neutral,Neutral,45.10331070577053,-3.099999999999998,0.23999999999999133,-146.80664916885303,6.521739130434771,11.606915840325419,Doji
RAHIMAFOOD,Rahima Food Corporation Ltd.,Sell,Strong sell,Neutral,40.23474360141961,-1.5,-3.0988235294117743,-90.68261086198267,21.967004225068735,32.09710951646435,
RAHIMTEXT,Rahim Textile Mills Ltd.,Sell,Sell,Neutral,47.67685496588611,2.0999999999999943,-2.3320588235295077,-54.217346370940554,38.359788359788375,45.64124880216837,"Hammer, Long Lower Shadow"
RAKCERAMIC,RAK Ceramics (Baneladesh) Limited,Neutral,Sell,Neutral,40.425938318375586,-1.5999999999999979,-0.6758823529411941,-156.91868758915746,9.085933223864227,16.294233835463203,
RANFOUNDRY,Rangpur Foundry Limited,Sell,Sell,Neutral,47.17485458358121,0.29999999999998295,1.6641176470594132,-74.81296758105066,11.904761904761772,26.043083900226648,
RDFOOD,Rangpur Dairy and Food Products Limited,Sell,Strong sell,Sell,27.662277122112386,-3.299999999999997,-1.9758823529411487,-273.0806608357608,9.786592056177314,6.886568799011175,
RECKITTBEN,Reckitt Benckiser (Bangladesh) PLC,Strong sell,Strong sell,Sell,43.06529526806083,-7.800000000000182,-13.429117647062867,-124.69047048485547,12.306740878169487,13.296227581941936,
REGENTTEX,Regent Textile Mills Ltd.,Buy,Buy,Neutral,48.73043486884409,-0.7000000000000002,0.14323529411764735,-55.68968292290335,16.666666666666696,20.019841269841308,"Dragonfly Doji, Long Lower Shadow"
RELIANCE1,Reliance Insurance Mutual Fund Reliance One Units,Buy,Strong buy,Neutral,59.981292621889565,0.0,0.1417647058823519,55.462184873946974,54.54545454545456,38.38383838383839,
RELIANCINS,Reliance Insurance PLC,Buy,Buy,Neutral,51.05102869451248,-1.0,-0.024411764705746464,4.522840343734363,38.70056497175138,46.07052406000387,
RENATA,Renata PLC,Sell,Sell,Sell,43.167708243496335,-10.800000000000011,-0.20411764705806945,-258.6793085284702,15.068992112923093,17.212264325372356,
RENWICKJA,Renwick Janeswar and Co. (BD) Limited,Sell,Sell,Sell,43.90786984170752,-129.70000000000005,13.770882352941157,-141.37710261335204,23.506353437149453,36.62122992539277,
REPUBLIC,Republic Insurance PLC,Buy,Buy,Neutral,53.73734853550198,1.7000000000000028,3.982352941176522,40.81196581196625,47.68253968253972,62.446341988696226,
RINGSHINE,Ring Shine Textiles Ltd.,Buy,Buy,Neutral,56.4124500085769,-0.20000000000000018,0.42058823529411793,-22.807017543859985,19.90740740740738,31.83421516754849,"Dragonfly Doji, Long Lower Shadow"
ROBI,Robi Axiata PLc,Sell,Sell,Neutral,37.67963202551951,-0.3999999999999986,-0.6838235294117361,-139.1386654046383,9.049773755656025,8.681079269314532,Hammer
RSRMSTEEL,Ratanpur Steel Re-Rolling Mills Ltd,Strong sell,Strong sell,Sell,43.301305257632855,-0.4999999999999991,-0.05999999999999428,-94.65020576131741,23.80952380952381,28.57142857142855,
RUNNERAUTO,Runner Automobiles PLC,Strong buy,Strong buy,Buy,69.18437758294885,3.799999999999997,3.2370588235294733,131.12745098039161,80.29234916027367,73.31576755151356,Black Spinning Top
RUPALIBANK,Rupali Bank PLC,Buy,Strong buy,Buy,54.59550612185625,0.3000000000000007,0.12647058823533186,41.666666666655686,63.33333333333328,63.33333333333326,"Dragonfly Doji, Long Lower Shadow"
RUPALIINS,Rupali Insurance Company Ltd.,Sell,Sell,Sell,48.628291969423366,-0.5,1.3285294117646558,-29.360401659026873,30.997474747474694,47.8461081402257,
RUPALILIFE,Rupali Life Insurance Co. Ltd.,Sell,Strong sell,Neutral,36.73182078112924,-8.200000000000003,-4.184705882352958,-144.68194364208392,6.017334470019951,8.602427089590835,
SAFKOSPINN,Safko Spinning Mills Limited,Neutral,Neutral,Neutral,48.08383620578356,-0.6000000000000014,-0.6785294117647069,-100.17452006980825,26.456876456876433,22.1056721056721,Bullish Engulfing
SAIFPOWER,SAIF Powertec Ltd.,Neutral,Neutral,Neutral,50.515699791868755,0.09999999999999964,0.21323529411765207,-6.944444444450342,25.972222222222246,38.31790123456791,Black Spinning Top
SAIHAMCOT,Saiham Cotton Mills Ltd.,Buy,Buy,Neutral,51.60603760224393,0.10000000000000142,1.129411764705921,-22.711285297961233,20.714285714285722,36.28654970760232,
SAIHAMTEX,Saiham Textile Mills Ltd.,Buy,Strong buy,Sell,84.83429433299085,5.300000000000001,7.390882352941166,112.56949241751374,92.50600817657524,92.3047182063084,
SALAMCRST,S. Alam Cold Rolled Steels Limited,Sell,Strong sell,Buy,44.53970578047225,-0.09999999999999964,-0.8629411764705974,-46.657381615601544,39.130434782608724,30.961791831357075,"Dragonfly Doji, Long Lower Shadow"
SALVO,Salvo Organic Industries PLC,Sell,Strong sell,Neutral,22.923383512244143,-3.6000000000000014,-2.285588235294142,-220.87610073475597,9.116514822983435,8.259227463595263,Black Spinning Top
SAMATALETH,Samata Leather Complex (Pvt.) Ltd.,Sell,Strong sell,Neutral,44.677467009723784,-1.2999999999999972,0.902647058823419,-137.6075492645054,11.957105813075444,21.779951797804827,White Spinning Top
SAMORITA,Samorita Hospital Ltd.,Strong buy,Strong buy,Buy,76.67638606303049,20.30000000000001,10.840588235294106,187.44432567254563,75.74545245222194,75.3006555007262,
SANDHANINS,Shandhani Life Insurance Co.Ltd,Neutral,Buy,Sell,52.11800291396202,-0.6999999999999993,0.4367647058823714,-19.848219497955682,24.33293508562323,26.426752591627125,
SAPORTL,Summit Alliance Port Limited,Buy,Strong buy,Neutral,67.34624067881415,1.6000000000000014,6.336764705882352,87.94309330789996,87.19736294544101,90.39132371085852,
SBACBANK,SBAC Bank PLC.,Buy,Strong buy,Neutral,53.06460964141688,0.0,0.25352941176471155,-18.357487922709478,17.948717948717945,22.222222222222243,
SEAPEARL,Sea Pearl Beach Resort & Spa Ltd.,Sell,Strong sell,Sell,37.69545892761686,-2.700000000000003,-1.6770588235291441,-224.4224422442276,10.627150627150606,14.588374588374576,
SEMLFBSLGF,SEML FBLSL Growth Fund Units,Neutral,Sell,Neutral,42.26688848965265,-1.2999999999999998,0.05970588235295882,-192.03135205747907,5.925925925925921,12.85849952516623,
SEMLIBBLSF,SEML IBBL Shariah Fund Units,Neutral,Neutral,Neutral,43.821683994491416,-0.8000000000000007,-0.12588235294118189,-167.3126614987101,6.363636363636377,6.936026936026944,Doji
SHAHJABANK,Shahjalal Islami Bank PLC,Buy,Strong buy,Neutral,55.28272043923224,0.20000000000000284,0.009117647058875633,24.39024390235085,55.55555555555562,54.23280423280422,
SHARPIND,Sharp Industries PLC,Sell,Sell,Neutral,41.683381612559835,-9.399999999999999,4.8117647058823465,-131.15230825154498,12.636271423047768,32.10489511206126,
SHASHADNIM,Shasha Denims PLC,Neutral,Neutral,Neutral,48.50543965893616,-1.3000000000000007,0.8932352941176518,-146.27831715210232,9.246130213872123,23.177688500269152,Black Spinning Top
SHEPHERD,Shepherd Industries PLC,Sell,Strong sell,Neutral,34.09632059548642,-1.5999999999999979,-0.5526470588235277,-186.5542585386948,8.529741863075207,11.480575248691183,Doji
SHURWID,Shurwid Industries Ltd,Sell,Strong sell,Neutral,46.48625365485873,-0.39999999999999947,0.04588235294117293,-28.553693358163084,23.703703703703713,34.652076318742985,
SHYAMPSUG,Shyampur Sugar Mills Ltd.,Sell,Sell,Neutral,41.732619819232546,-46.19999999999999,-15.75117647058812,-166.01446356294724,7.8442641424385755,15.638611340662232,Black Marubozu
SICL,"Sikder Insurance Co., Ltd.",Sell,Sell,Sell,40.424140700505006,-1.3000000000000043,-1.2835294117646967,-155.22875816993394,34.48107448107443,52.51933251933252,
SILCOPHL,Silco Pharmaceuticals Ltd.,Sell,Sell,Neutral,31.97610290432486,-2.3999999999999986,-1.4838235294117332,-177.0978210477513,5.347222222222224,6.080246913580241,
SILVAPHL,Silva Pharmaceuticals Ltd.,Neutral,Sell,Buy,39.51988897482542,-1.9000000000000021,-0.8723529411764783,-181.96908392986836,9.54301075268816,9.555707921582256,
SIMTEX,Simtex Industries PLC,Sell,Strong sell,Sell,37.114867510195374,-1.7999999999999972,-0.7329411764705647,-188.53046594982052,6.321147987814662,14.913687135909356,
SINGERBD,Singer Bangladesh Limited,Sell,Strong sell,Buy,35.48699993255758,-2.5,-2.05705882352909,-167.28091728095725,14.774990043807284,13.613520423556325,
SINOBANGLA,Sinobangla Industries Ltd.,Sell,Strong sell,Neutral,28.73878793449815,-4.5,-2.8511764705882783,-218.51078636047305,6.2590176991728645,7.27219375201046,
SIPLC,Sena Insurance PLC,Buy,Strong buy,Sell,71.65653173087229,22.099999999999994,30.500882352941176,117.74925619475758,89.35151512068916,92.74154854973581,
SKTRIMS,SK Trims & Industries Ltd.,Neutral,Sell,Buy,45.785492786732014,-0.9000000000000004,-0.18411764705881417,-117.11711711711588,23.46230158730157,19.411375661375647,Doji
SONALIANSH,Sonali Aansh Industries Limited.,Neutral,Neutral,Sell,50.16060491902829,-6.299999999999983,6.240588235293586,-24.24392867485815,35.9861591695502,47.91935707688494,Black Spinning Top
SONALILIFE,Sonali Life Insurance PLC,Sell,Sell,Neutral,45.93281976411505,-7.599999999999994,-0.4938235294115856,-81.01045296167018,20.126705653021478,23.456790123456823,Hammer
SONALIPAPR,Sonali Paper & Board Mills Ltd.,Sell,Strong sell,Neutral,41.72773482422409,-2.5999999999999943,-1.3435294117648482,-115.73043942174169,14.317533797274976,28.55054728721692,Black Spinning Top
SONARBAINS,Sonar Bangla Insurance Ltd.,Sell,Sell,Sell,39.838654518864814,-2.3000000000000043,-1.92735294117643,-94.30071241094875,22.031509121061365,40.33443891652849,
SONARGAON,Sonargaon Textiles Limited.,Buy,Strong buy,Neutral,64.1764409201758,11.5,16.891176470588178,66.11820740419985,73.33297902494331,80.97764486379758,
SOUTHEASTB,Southeast Bank PLC,Buy,Strong buy,Neutral,63.99927913461166,0.5999999999999996,0.7767647058823908,90.5832518735719,72.02614379084964,73.42047930283219,Hanging Man
SPCERAMICS,Shinepukur Ceramics PLC,Sell,Strong sell,Sell,35.26267219851401,-1.3999999999999986,-1.1738235294117914,-205.99886813808237,11.521592442645135,21.866846603688774,
SPCL,Shahjibazar Power Co Ltd,Sell,Sell,Neutral,36.540001310780994,-3.3999999999999986,-1.4823529411767211,-185.57607739669137,5.238095238095265,10.037477954144602,
SQUARETEXT,Square Textiles PLC,Neutral,Neutral,Neutral,49.15375759225742,0.19999999999999574,0.2541176470587203,-8.196721311446561,22.73391812865496,32.261208576998044,
SQURPHARMA,Square Pharmaceuticals PLC,Sell,Sell,Sell,43.41767504180227,-2.1999999999999886,-2.01264705882258,-95.58433689319108,34.10852713178311,33.921188630491166,
SSSTEEL,S.S. Steel Ltd,Neutral,Sell,Neutral,44.06723572595306,-0.5,-0.1900000000000004,-184.39716312056686,3.703703703703724,5.996472663139283,Bullish Harami
STANCERAM,Standard Ceramic Industries Ltd.,Sell,Sell,Neutral,46.45401399838805,-2.5,-0.3905882352941177,58.57740585774309,44.86975013290802,50.10809852915114,Black Marubozu
STANDARINS,Standard Insurance PLC,Sell,Sell,Sell,42.80529318121743,-2.5,0.19941176470580046,-48.68571428571416,23.78167641325537,47.035398954903634,
STANDBANKL,Standard Islami Bank PLC,Sell,Sell,Buy,48.842537919889125,-0.09999999999999964,0.0008823529411747799,-123.07692307692815,17.8571428571429,17.063492063492117,White Marubozu
STYLECRAFT,Stylecraft Limited,Buy,Buy,Neutral,50.53897082264407,-1.7000000000000028,0.18117647058814157,-82.55451713395105,26.515151515151473,38.50168350168348,
SUMITPOWER,Summit Power Ltd.,Sell,Sell,Sell,46.39176518987888,-0.5,-0.12794117647058556,-140.6575114440296,33.33333333333345,36.66666666666678,Black Marubozu
SUNLIFEINS,Sunlife Insurance Co. Ltd.,Strong sell,Strong sell,Sell,29.031347691754917,-9.099999999999994,-8.496470588235226,-168.59716859716778,21.12795291461742,20.99693413202128,
TAKAFULINS,Takaful Islami Insurance PLC,Neutral,Neutral,Sell,49.004755639620846,-3.8999999999999986,2.986176470588262,-45.45244370462928,39.88825741976223,63.024459780361894,
TALLUSPIN,Tallu Spinning Mills Limited,Neutral,Neutral,Neutral,49.87439620104601,0.0,0.19794117647059117,67.14628297362142,16.666666666666668,27.2222222222222,
TAMIJTEX,Tamijuddin Textile Mills PLC,Sell,Sell,Neutral,45.12683369684122,-1.0,0.31500000000002615,-106.56213704994212,13.719538409803931,31.704859568545363,Doji
TECHNODRUG,Techno Drugs Ltd.,Sell,Sell,Neutral,44.6052240802338,-2.3999999999999986,-1.1673529411764605,-100.00000000000084,12.20657276995309,7.960631549261191,
TILIL,Trust Islami Life Insurance Ltd.,Sell,Strong sell,Neutral,32.68087090524152,-7.200000000000003,-3.7232352941176643,-204.42812894344374,12.558685446009434,10.485502111199724,
TITASGAS,Titas Gas Transmission and Distribution PLC,Sell,Sell,Neutral,35.88406228468031,-1.6000000000000014,-0.8847058823529323,-196.58464434584144,3.341687552213872,4.59830130882763,
TOSRIFA,Tosrifa Industries PLC,Sell,Sell,Neutral,30.861473746650717,-2.6999999999999993,-1.0402941176471536,-258.09418690213425,6.789867109634557,8.771565541761403,
TRUSTB1MF,Trust Bank 1st Mutual Fund Units,Buy,Buy,Neutral,50.03039040813023,-0.40000000000000036,0.1570588235294097,-118.20330969267158,9.523809523809485,15.873015873015845,"Dragonfly Doji, Long Lower Shadow"
TRUSTBANK,Trust Bank PLC,Sell,Strong sell,Neutral,41.515371820983674,-0.1999999999999993,-0.351470588235296,-96.85534591194869,20.63492063492065,13.227513227513228,
TUNGHAI,Tung Hai Knitting & Dyeing Ltd,Buy,Strong buy,Neutral,73.58431794542048,2.0,1.9473529411764772,107.51952568268626,77.77777777777776,79.46127946127946,
UCB,United Commercial Bank PLC,Sell,Strong sell,Neutral,39.427928262561906,-0.40000000000000036,0.0017647058823566653,-128.81355932203294,8.928571428571441,17.063492063492035,Black Marubozu
UNILEVERCL,Unilever Consumer Care Limited,Sell,Strong sell,Neutral,36.0211148561523,-13.400000000000091,-18.88852941176492,-144.4835314897999,7.781202895205098,6.588657651221422,
UNIONCAP,Union Capital Limited,Buy,Buy,Neutral,51.712566498967725,-0.20000000000000018,0.04735294117647548,-68.53582554517234,28.571428571428584,22.222222222222218,"Dragonfly Doji, Long Lower Shadow"
UNIONINS,Union Insurance PLC,Sell,Sell,Neutral,47.61300176402846,-4.5,1.7355882352941023,-109.43223443223609,19.444444444444418,33.371525448990205,Doji
UNIQUEHRL,Unique Hotel & Resorts PLC,Sell,Sell,Neutral,43.026528900183855,-2.1000000000000014,-1.7167647058824187,-122.31828370157575,20.72072072072074,23.017134781840678,
UNITEDFIN,United Finance PLC,Buy,Buy,Neutral,54.75033166456796,-0.1999999999999993,1.0723529411764865,-7.526881720430603,51.932367149758505,57.56652097231811,
UNITEDINS,United Insurance Company Limited,Buy,Strong buy,Sell,59.12290395645169,-5.099999999999994,10.009999999999955,19.948604033277906,58.05803982522076,65.78928365031281,
UPGDCL,United Power Generation & Distribution Co. Ltd.,Sell,Strong sell,Neutral,44.96589946145468,-0.29999999999999716,-3.3449999999999704,-39.132446186084685,71.14093959731547,68.15809097688293,
USMANIAGL,Usmania Glass Sheet Factory Limited,Neutral,Neutral,Neutral,46.13031756977071,-10.599999999999994,-2.6349999999999483,-100.86159196901437,9.462365591397875,14.412247129578999,
UTTARABANK,Uttara Bank PLC,Sell,Sell,Neutral,44.4142957716624,-0.1999999999999993,-0.22588235294118064,-108.05300713556966,25.396825396825676,27.513227513227694,"Dragonfly Doji, Long Lower Shadow"
UTTARAFIN,Uttara Finance and Investments Limited,Buy,Strong buy,Neutral,54.97119647966093,-0.10000000000000142,-0.01999999999994806,63.37745687926636,36.309523809523796,25.992063492063455,
VAMLRBBF,Vanguard AML Rupali Bank Balanced Fund Units,Buy,Buy,Neutral,55.870699555190804,-0.20000000000000107,0.10235294117647165,-100.77519379844738,16.666666666666618,22.222222222222157,
VFSTDL,VFS Thread Dyeing Ltd.,Neutral,Sell,Neutral,32.773144019112124,-1.700000000000001,-0.8929411764706003,-177.80606832166245,9.003831417624506,7.522349936143016,
WALTONHIL,Walton Hi-Tech Industries PLC,Sell,Strong sell,Sell,42.60294528395622,-7.100000000000023,-6.030294117648566,-144.27437641719783,10.376344086021573,17.583797121809774,
WATACHEM,Wata Chemicals Ltd.,Sell,Sell,Sell,46.739391577574764,0.9000000000000057,2.1811764705884684,-33.92385978137875,19.38534278959815,36.294044804683146,Shooting Star
WMSHIPYARD,Western Marine Shipyard Limited,Neutral,Neutral,Buy,47.36618622565319,-0.40000000000000036,-0.1155882352941191,-144.25949637216792,9.393939393939403,11.863075196408511,"Dragonfly Doji, Long Lower Shadow"
YPL,Yeakin Polymer Ltd.,Sell,Strong sell,Neutral,27.08317679151098,-3.0,-2.0423529411764854,-171.35382603008608,4.306393705599285,4.509511038806001,Doji
ZAHEENSPIN,Zaheen Spinning PLC,Buy,Strong buy,Buy,54.110747886715856,0.3000000000000007,0.47558823529412564,32.618025751073986,37.49999999999999,60.41666666666666,Hanging Man
ZAHINTEX,Zahintex Industries Ltd.,Buy,Strong buy,Buy,51.488042205552254,0.0,0.07647058823528496,94.9694405265642,53.33333333333332,61.60493827160494,Black Marubozu
ZEALBANGLA,Zeal Bangla Sugar Milla Limited,Sell,Sell,Sell,38.137543385369085,-35.599999999999994,-8.817352941176381,-245.33366713955894,6.431490506650417,9.668098609692903,
