Symbol,Name,Price,Change %,Perf % 1W,Perf % 1M,Perf % 3M,Perf % 6M,Perf % YTD,Perf % 1Y,Perf % 5Y,Perf % 10Y,Perf % All Time,Volatility 1W,Volatility 1M
1JANATAMF,First Janata Bank Mutual Fund Units,2.4,4.347826086956526,0.0,-17.24137931034483,-17.24137931034483,-33.333333333333336,-7.692307692307699,-25.000000000000007,-61.904761904761905,-37.81333367218157,-55.856225425746985,6.956521739130438,5.377412408762526
1STPRIMFMF,Prime Finance First Mutual Fund 2009 Units,20.0,1.5228426395939123,1.5228426395939123,1.0101010101010064,-0.49751243781095233,-18.367346938775512,0.0,-25.650557620817843,-7.834101382488477,73.91304347826087,-34.640522875817,2.6563244518359523,3.1230325546248943
AAMRANET,aamra networks ltd,16.9,0.0,0.0,-3.428571428571437,-17.15686274509804,-13.775510204081646,-5.056179775280911,-32.1285140562249,-49.261626578328865,-71.94812356598207,-71.94812356598207,2.0512369325410305,3.680389002957952
AAMRATECH,Aamra Technologies Limited,11.5,0.0,1.7699115044247724,4.545454545454546,-6.504065040650412,-13.533834586466169,-6.504065040650412,-29.447852760736197,-53.11538479354615,-53.2864964140249,-60.89041675119878,3.4061859193438115,3.914361309904576
ABB1STMF,AB Bank 1st Mutual Fund 2011 Units,2.5,0.0,0.0,-7.407407407407414,-16.666666666666668,-34.210526315789465,-7.407407407407414,-21.875000000000004,-61.53846153846154,-35.144898373054524,-62.708316675759924,5.5692307692307725,5.743991388728234
ABBANK,AB Bank PLC,4.3,0.0,0.0,0.0,-15.68627450980392,-40.277777777777786,4.878048780487809,-42.666666666666664,-61.140986698721505,-74.96691092811999,-81.31544675941318,3.787375415282398,4.721071390123845
ACFL,Aman Cotton Fibrous PLC,17.0,-1.7341040462427786,-2.2988505747126355,-5.555555555555555,-6.5934065934065895,-10.526315789473685,-5.555555555555555,-8.602150537634415,-45.51282051282051,-71.66666666666667,-71.66666666666667,1.976103497530401,2.3547649005691906
ACI,Advanced Chemical Industries PLC,207.0,0.3879728419010725,-2.4505183788878364,4.545454545454546,22.775800711743777,6.153846153846154,6.153846153846154,38.18424566088117,-5.392694974502159,-28.432959273153227,232.39233608944838,2.0113407852387732,2.1367271259173193
ACIFORMULA,ACI Formulations PLC,133.0,-0.22505626406602502,-1.845018450184502,2.3864511162432596,0.45317220543806214,-4.659498207885305,3.10077519379845,13.191489361702128,17.05783767223761,-23.31136719104951,92.88674081370856,2.014650378973541,2.043840174872659
ACMELAB,ACME Laboratories Ltd.,73.6,-0.13568521031208755,2.0804438280166435,4.397163120567368,-1.2080536912751754,-7.6537013801756695,3.2258064516128995,-0.6747638326585695,-3.030303030303045,-45.48148148148149,-45.48148148148149,1.1514862200105986,1.4145527050075786
ACMEPL,ACME Pesticides Ltd,16.7,5.69620253164556,5.031446540880496,1.8292682926829313,2.453987730061341,10.596026490066224,5.031446540880496,29.457364341085263,51.818181818181806,51.818181818181806,51.818181818181806,4.01180911111398,3.2549529423929413
ACTIVEFINE,Active Fine Chemicals Ltd.,5.6,0.0,0.0,-5.084745762711876,-22.22222222222223,-37.777777777777786,3.7037037037036904,-33.333333333333336,-73.58490566037736,-80.77464782910633,-81.00869551873936,3.6498316498316443,5.353140476390959
ADNTEL,ADN Telecom Ltd.,57.0,-0.6968641114982554,1.9677996422182495,1.7857142857142858,-12.977099236641221,-24.503311258278146,-1.5544041450777177,-48.13466787989081,0.7067137809187254,40.74074074074074,40.74074074074074,2.6917984509217954,2.873401174181641
ADVENT,Advent Pharma Ltd.,13.2,0.7633587786259515,2.325581395348829,-2.941176470588238,-7.042253521126761,-19.51219512195122,-1.4925373134328437,-19.51219512195122,-40.94736861530471,-64.15883222680779,-64.15883222680779,2.630980810198147,2.5817960320062725
AFCAGRO,AFC Agro Biotech Ltd.,5.1,0.0,6.2499999999999964,-7.27272727272728,-19.04761904761905,-38.55421686746989,1.999999999999993,-46.31578947368422,-71.8232044198895,-85.48412494322116,-77.74232497713469,3.2176470588235326,5.222897918413326
AFTABAUTO,Aftab Automobiles Ltd.,32.0,0.0,2.893890675241153,-4.477611940298507,-15.119363395225468,-14.666666666666666,-6.432748538011704,-18.158567774936063,30.66666729822223,-41.589403676186464,-52.95999961667104,2.3423599030319124,3.2421305836200722
AGNISYSL,Agni Systems PLC,21.6,2.3696682464454977,5.365853658536592,5.365853658536592,-9.243697478991594,-19.10112359550561,3.8461538461538494,-15.625,11.917098445595858,9.190830502251847,16.547331282211815,2.805335243802767,2.5385753118147
AGRANINS,Agrani Insurance PLC,24.3,1.6736401673640255,6.578947368421052,8.968609865470851,-7.954545454545446,-2.0161290322580645,2.100840336134454,7.494014922358974,-13.396459787124778,103.83499658692138,47.287223727611476,4.2237165508002485,3.7651452878809266
AIBL1STIMF,AIBL 1st ISLAMIC Mutual Fund 2010- Units,3.4,0.0,0.0,-5.555555555555561,-15.000000000000002,-40.35087719298246,0.0,-49.25373134328358,-66.33663366336633,-53.42465753424658,-55.84415584415585,4.85071301247772,4.348859094408633
AIL,Alif Industries Ltd.,28.2,0.0,-1.0526315789473708,-33.49056603773585,-40.0,-41.49377593360997,-30.71253071253072,-69.14660831509846,17.056603632233536,-74.4681539186957,-74.4681539186957,3.335742449825969,4.86186152661554
AL-HAJTEX,Alhaj Textile Mills Limited,129.0,-0.15479876160989833,84.53885435193841,19.938016646633383,33.961538595499995,30.351796542806127,26.931487004900035,52.49562186517742,451.10759558199305,131.7936495207423,457.13539598933596,5.837291472068315,5.994519489942358
ALARABANK,Al-Arafah Islami Bank PLC,12.9,0.0,-6.521739130434784,-14.569536423841056,-18.867924528301888,-25.862068965517235,-13.999999999999998,-31.746031746031736,-39.077074320102305,6.727827547409037,-27.906864910798724,3.25463998211091,5.12248657567898
ALIF,Alif Manufacturing Company Ltd.,3.9,2.631578947368424,2.6315789473684235,-15.21739130434782,-17.021276595744688,-35.0,-2.500000000000002,-44.285714285714285,-55.68181818181819,-57.5907276732357,-76.90538540972638,3.6984352773826483,4.262126368538099
ALLTEX,Alltex Industries Limited,13.6,1.4925373134328304,2.2556390977443526,2.2556390977443526,6.249999999999991,18.260869565217387,1.4925373134328306,3.816793893129771,32.038834951456295,-54.515050167224075,77.97530803554093,2.390599728174019,3.51231718332837
AMANFEED,Aman Feed PLC,23.2,-0.42918454935622924,-0.42918454935622924,0.8695652173913012,-1.276595744680854,-7.569721115537857,0.8695652173913012,-20.274914089347085,-29.483282674772035,-27.07101434013396,-30.817093098460006,1.5790480924715857,2.213698636516808
AMBEEPHA,Ambee Pharmaceuticals PLC,705.9,-0.5073995771670222,-0.5774647887323976,-1.9583333333333366,-11.05090725806452,-17.147887323943664,-1.9583333333333366,0.41251778093883035,64.12462218088815,150.49680624556422,277.65492794640573,1.3917826934513324,1.4913176923984035
AMCLPRAN,Agricultural Marketing Co. Ltd.,211.7,0.23674242424242425,-0.32956685499059185,3.2179424670892223,-3.6851683348498736,-7.95652173913044,4.646564508156192,3.774509803921563,8.731381612737545,4.491609081934844,72.11382113821136,1.5675475407849075,2.157070609485189
ANLIMAYARN,Anlima Yarn Dyeing Ltd.,18.9,3.2786885245901525,0.0,-9.134615384615396,-1.0471204188481824,-16.740088105726876,-9.134615384615396,-14.090909090909095,-45.845272206303726,-19.57446808510639,-5.500000000000007,2.403953970732739,4.523624407178701
ANWARGALV,Anwar Galvanizing Ltd.,93.6,2.6315789473684115,3.999999999999994,5.286839145106849,59.45485519591139,32.390381895332375,8.083140877598153,34.28981348637014,39.0098998821488,120.87899970763384,1058.2999929488487,3.4715726192491427,3.949352673875062
AOL,Associated Oxygen Ltd,14.5,2.1126760563380333,-0.6849315068493127,1.3986013986013937,0.0,-3.973509933774832,-4.605263157894733,-6.451612903225806,-66.84829062329607,11.70799939427454,11.70799939427454,3.0938476417199796,3.5737791584470577
APEXFOODS,Apex Foods Limited,242.0,0.0,1.680672268907563,7.364685004436555,16.7953667953668,6.843267108167771,-1.5459723352319004,7.555555555555555,100.33112582781457,121.81484876260312,237.98882681564248,3.3894099529622026,3.628489675702347
APEXFOOT,Apex Footwear Ltd.,179.0,-0.11160714285713652,1.1299435028248588,-0.4449388209121309,-11.822660098522167,-0.5555555555555556,-0.167317345231462,11.318407960198996,42.52589441064851,-6.348663566423334,34.32208433945287,1.8258109720268625,2.410708737153522
APEXSPINN,Apex Spinning and Knitting Mills Ltd.,210.5,-0.09492168960606959,12.68736616702355,27.96352583586626,53.31391114348142,56.273199703043815,16.944444444444443,121.57894736842105,61.05585309869932,115.45547594677583,200.71428571428572,3.329936251994558,4.865142191809007
APEXTANRY,Apex Tannery Limited.,70.3,-1.678321678321682,14.30894308943089,19.152542372881353,15.24590163934426,-3.3012379642365963,17.95302013422818,5.397301349325328,-34.2376052385407,-44.645669291338585,-3.8303693570451403,6.744422425770344,4.160394587225331
APOLOISPAT,Appollo Ispat Complex Ltd.,1.7,0.0,0.0,-22.727272727272734,-32.0,-50.0,0.0,-55.263157894736835,-78.2051282051282,-89.13482057758478,-93.02072001621252,8.0,9.88271502558138
ARAMIT,Aramit Limited,170.1,0.23571007660577828,2.100840336134454,-10.000000000000002,-16.617647058823533,-13.125638406537291,-6.384149697303245,7.794676806083638,-33.8646967340591,-65.42682926829268,-19.76415094339623,2.908474186114138,3.7505839452273544
ARAMITCEM,Aramit Cement Limited,8.7,-1.1363636363636525,-3.333333333333341,-6.451612903225821,-22.321428571428573,-32.03125000000001,-1.1363636363636525,-29.838709677419363,-46.2962962962963,-78.78048780487804,-75.92705112876024,3.4669874365143096,4.218723616379708
ARGONDENIM,Argon Denims Ltd.,18.1,0.0,1.1173184357542059,2.2598870056497296,-3.723404255319145,7.100591715976349,2.840909090909091,8.383233532934145,-3.045558572237942,-4.76679224738298,-53.0573540180876,2.0263731611535514,2.3808528944102547
ASIAINS,Asia Insurance PLC,34.1,9.646302250803858,19.649122807017548,22.661870503597125,20.921985815602845,20.070422535211275,24.000000000000004,17.993079584775096,-71.24789207419899,120.00000000000001,3.1844382826954365,7.085807093072965,4.006420893415456
ASIAPACINS,Asia Pacific General Insurance PLC,34.4,5.846153846153842,11.68831168831168,9.206349206349202,3.614457831325288,9.90415335463258,8.860759493670876,7.836990595611286,-47.32006125574273,113.6645962732919,1.4749262536873158,5.360555463515089,4.267642856507511
ASIATICLAB,Asiatic Laboratories Ltd,53.0,-1.1194029850746294,11.111111111111105,9.278350515463918,-9.401709401709402,11.578947368421053,9.958506224066383,32.83208020050126,-7.5043630017451965,-7.5043630017451965,-7.5043630017451965,5.798294774192589,4.401592792072517
ATLASBANG,Atlas Bangladesh Limited,54.1,0.1851851851851878,4.038461538461541,-1.277372262773715,-2.346570397111908,-9.228187919463087,-4.585537918871254,0.7448789571694573,-50.54844606946983,-52.268020807940914,-51.903654604289876,2.320961229368939,4.29638261523065
AZIZPIPES,Aziz Pipes Limited.,40.3,-0.24752475247525105,-0.4938271604938342,-7.568807339449552,-11.037527593818986,-23.23809523809524,-13.88888888888889,-22.200772200772203,-58.666666666666664,25.747406584472497,159.17937689298134,4.627157018875844,5.416326085960731
BANGAS,Bangas Limited,121.3,-0.6552006552006528,2.1043771043771042,-6.692307692307694,12.41890639481,16.187739463601524,-6.97852760736197,25.69948186528497,1.932773109243695,-34.873388203390384,-13.487307697343601,2.4054461156253217,3.5170476805701263
BANKASIA,Bank Asia PLC,19.6,0.0,3.157894736842113,8.287292817679557,13.294797687861275,12.000000000000009,6.521739130434798,25.34883709998649,19.777777658000016,78.2742511120748,55.401328124130714,2.3884836129668003,1.7223566105125743
BARKAPOWER,Baraka Power Ltd.,7.8,0.0,6.8493150684931505,13.043478260869556,9.859154929577468,-32.17391304347826,14.705882352941178,-19.587628865979376,-76.36363636363636,-67.86789989419702,-65.6247157056566,5.038971682807299,4.522733634746807
BATASHOE,Bata Shoe Co. (Bangladesh) Ltd.,814.0,-0.40376850605652204,0.35753914437183787,0.5186465794023272,-6.758304696449026,-11.299989103192768,1.2311901504787932,-11.03825136612022,16.452074391988557,-37.552742616033754,58.05825242718446,0.7599240952490998,1.0046650884841224
BATBC,British American Tobacco Bangladesh Co Ltd,265.6,-0.037636432066227285,5.06329113924051,5.816733067729093,2.548262548262557,-19.49075477417398,7.096774193548396,-24.65248226950354,-44.27971972251748,-15.473831407669877,185.25060236031936,2.135460935247346,1.4110819561590626
BAYLEASING,Bay Leasing and Investment Ltd.,3.4,0.0,9.677419354838703,9.677419354838703,-12.820512820512821,-32.0,3.030303030303033,-48.484848484848484,-88.29508193996561,-82.8472656121589,-87.0423918892724,5.087121212121209,6.31943286277598
BBS,Bangladesh Building Systems PLC,9.1,-1.0869565217391266,2.247191011235947,0.0,-8.080808080808088,-20.869565217391308,-1.0869565217391266,-14.150943396226415,-51.336898395721924,-65.7120699065936,-58.031573389700135,2.7250048801772917,2.7633762976433442
BBSCABLES,BBS Cables PLC,15.2,0.6622516556291367,3.4013605442176873,-0.6535947712418393,-4.402515723270447,-12.643678160919539,0.0,-13.636363636363647,-71.05699467386283,-47.4184892836598,-47.4184892836598,2.1959831273666355,2.937588401677043
BDAUTOCA,Bangladesh Autocars Limited,130.1,-0.5351681957186674,3.418124006359298,0.8527131782945693,22.73584905660377,24.736337488015337,2.4409448818897594,46.34420697412822,-11.67684996605568,333.5944844584609,502.62284297007045,3.5978344644268327,3.2325716305427807
BDCOM,BDCOM Online Ltd.,25.9,-0.3846153846153901,2.3715415019762762,1.968503937007874,11.000000253714274,11.454918311424183,-0.3846153846153901,18.23913073038043,22.552575733997383,44.75585599727239,115.37823320367256,3.0694000149709257,2.4258029243337167
BDFINANCE,Bangladesh Finance PLC,13.2,0.0,0.7633587786259515,1.538461538461533,-17.500000000000004,17.857142857142858,1.538461538461533,12.820512820512821,-55.19178282038011,54.005873553008506,-18.75404432519355,3.0453388850335443,3.9407309692907195
BDLAMPS,Bangladesh Lamps PLC,140.9,1.2212643678161044,2.398255813953497,5.939849624060154,9.906396255850249,2.101449275362323,4.758364312267663,29.742173112338868,-12.091545259831129,-42.3468451704055,25.63583323282467,3.9441416025492946,3.3972511468166426
BDTHAI,Bangladesh Thai Aluminium Ltd.,10.9,0.9259259259259226,-3.5398230088495604,-3.5398230088495604,-0.9090909090909058,-20.437956204379553,-2.678571428571419,-17.424242424242415,-61.75438596491229,-51.91941542284308,-31.583005460840504,2.965077434039918,3.8967952912326083
BDTHAIFOOD,BD Thai Food & Beverage Ltd.,14.0,1.4492753623188355,-0.7092198581560258,-2.097902097902103,14.754098360655743,-4.761904761904757,-2.7777777777777803,-38.59649122807018,15.702479338842979,15.702479338842979,15.702479338842979,4.446673709495596,5.184400449227709
BDWELDING,Bangladesh Welding Electrodes Ltd.,17.8,1.7142857142857182,-3.26086956521738,17.105263157894743,114.4578313253012,64.81481481481481,-1.6574585635359154,61.81818181818183,-3.7837837837837798,-20.451327455803384,-18.98326159820778,7.67727297411317,8.669384334348857
BEACHHATCH,Beach Hatchery Ltd,31.5,0.9615384615384639,0.0,-35.450819672131146,-31.81818181818182,-34.64730290456432,-32.692307692307686,-66.66666666666667,131.6176470588235,101.92307692307692,39.55696234329434,4.910178714138388,6.1708409752132924
BEACONPHAR,Beacon Pharmaceuticals PLC,104.2,0.19230769230769504,1.1650485436893232,1.3618677042801612,-5.272727272727271,-14.590163934426227,-0.4775549188156638,-22.5854383358098,42.73972602739727,551.25,576.6233766233767,2.75594220047661,2.5257487360744553
BENGALWTL,Bengal Windsor Thermoplastics PLC,17.2,0.0,2.9940119760479043,-0.578034682080933,0.0,-10.416666666666668,-1.1494252873563178,-1.7142857142857184,-2.2727272727272845,-64.03041828992902,-65.255425778715,2.1186222366508463,1.841036048995995
BERGERPBL,Berger Paints Bangladesh Ltd.,1414.2,0.141622999575131,1.0142857142857176,0.9421841541755921,-0.896986685353886,-11.612499999999997,2.4040550325850867,-22.931880108991823,-7.040031551962132,47.31250000000001,438.74285714285713,0.32446323825846,0.6884703579127532
BESTHLDNG,Best Holdings PLC,12.0,0.8403361344537785,5.263157894736839,-11.11111111111111,-19.46308724832215,-29.41176470588235,-11.11111111111111,-37.8238341968912,-59.18367346938775,-59.18367346938775,-59.18367346938775,2.4358811621641725,3.1731818546278934
BEXIMCO,Bangladesh Export Import Company Ltd.,110.1,0.0,0.0,0.0,0.0,0.0,0.0,0.0,38.449102133825036,375.8853573363522,177.23452799102677,-2.220446049250313e-16,8.968520370800093e-16
BGIC,Bangladesh General Insurance Company PLC,35.0,2.63929618768328,5.421686746987943,13.268608414239486,-1.408450704225352,11.464968152866247,13.268608414239486,0.28653295128940237,-6.91489361702128,89.1891891891892,11.82108626198083,4.537190764492404,3.3257215907164763
BIFC,Bangladesh Industrial Finance Company Ltd.,1.5,7.1428571428571495,51.515151515151516,-16.666666666666668,-48.275862068965516,-76.5625,-11.76470588235294,-81.48148148148148,-65.11627906976744,-84.21052631578948,-92.63680232229363,-1.27675647831893e-15,4.849973067990538
BNICL,Bangladesh National Insurance Company Ltd,54.6,1.8656716417910446,3.2136105860113475,21.87500000000001,14.705882352941176,36.50000000000001,21.333333333333336,31.25,-7.770270270270272,47.56756756756757,47.56756756756757,4.6391481198385485,4.121959675280257
BPML,Bashundhara Paper Mill Ltd.,24.4,0.0,1.6666666666666607,-2.4000000000000057,-19.736842105263158,-29.68299711815563,-5.7915057915057915,-15.570934256055365,-44.545454545454554,-84.25806451612904,-84.25806451612904,2.508740316210169,3.5698699510990455
BPPL,Baraka Patenga Power Ltd.,15.0,0.0,6.382978723404258,0.671140939597313,22.950819672131153,-3.846153846153844,0.671140939597313,56.25,-52.97805642633228,-52.97805642633228,-52.97805642633228,3.061465737327802,3.2906692514956704
BRACBANK,BRAC Bank PLC,69.7,-0.4285714285714245,4.812030075187974,8.22981366459627,-0.4285714285714245,7.230769230769235,10.284810126582277,58.08971755866617,115.48251923583621,329.8570170797815,542.5098113898438,5.211415687347327,3.0582519861526394
BSC,Bangladesh Shipping Corporation,112.2,-0.08904719501335202,2.0000000000000027,2.372262773722636,5.154639175257731,4.664179104477612,-0.08904719501335202,27.066817667044173,143.91304347826087,273.8887247332998,124.66880089786207,1.6200055638703013,1.8830914786797728
BSCPLC,Bangladesh Submarine Cables PLC,132.0,-1.3452914798206361,1.6949152542372792,4.10094637223975,2.8037383177570048,-4.693140794223827,2.8838659392049792,6.194690265486727,-23.875432525951563,22.562674094707518,201.57642220699103,1.7916020100150056,2.2886992307705687
BSRMLTD,Bangladesh Steel Re-Rolling Mills Ltd.,82.2,-1.9093078758949813,0.8588957055214759,9.600000000000003,-2.375296912114014,-0.9638554216867435,7.732634338138933,-5.9496567505720845,15.937940761636103,-11.767580908641797,82.34699945025419,2.732006239341391,2.202442956174139
BSRMSTEEL,BSRM Steels Limited,69.0,-1.0043041606886698,2.6785714285714244,10.04784688995215,-0.14471780028942738,7.476635514018687,8.661417322834646,33.46228239845261,31.428571428571427,-18.649517763360592,22.60769249735697,2.1020095242575665,1.9294595901167957
BXPHARMA,Beximco Pharmaceuticals Plc,112.6,-0.08873114463177331,6.83111954459202,5.2336448598130785,1.0771992818671352,2.831050228310497,9.320388349514557,44.35897435897435,-43.41708542713568,46.126966512638774,156.20197098715548,3.5322850548617057,3.0905677885451155
CAPITECGBF,CAPITEC GRAMEEN BDT10 (MUTUAL FUND) Units,6.9,0.0,1.4705882352941255,0.0,-25.806451612903228,-7.999999999999996,1.4705882352941255,-10.389610389610388,-52.08333333333333,-52.08333333333333,-52.08333333333333,3.232050132305886,2.8258083525832114
CAPMBDBLMF,CAPM BDBL Mutual Fund 01 Units,9.6,0.0,-1.0309278350515427,-12.72727272727273,3.2258064516128915,2.1276595744680775,-4.9504950495049505,47.692307692307686,-11.92660550458716,-11.111111111111121,-11.111111111111121,3.131847475832439,4.424906944103299
CAPMIBBLMF,CAPM IBBL Islamic Mutual Fund Units,8.2,0.0,0.0,7.894736842105259,-1.2048192771084507,-10.869565217391305,9.333333333333323,-8.888888888888896,-69.8529411764706,-18.000000000000007,-18.000000000000007,4.93717728055077,5.601170534282392
CENTRALINS,Central Insurance PLC,44.8,1.3574660633484033,2.2831050228310503,14.578005115089502,14.578005115089502,14.578005115089502,10.073710073710059,9.268292682926822,-14.761062117380536,203.4080008413504,70.16056952599806,3.868922552106481,4.294408217504593
CENTRALPHL,Central Pharmaceuticals Ltd.,8.2,0.0,0.0,-6.818181818181833,-6.818181818181833,-32.786885245901644,-6.818181818181833,-33.870967741935495,-33.870967741935495,-54.50611350536159,-76.03837005958945,2.466275218307747,3.4482407663020407
CITYBANK,City Bank PLC,25.8,0.0,1.5748031496063077,7.05394190871369,7.500000000000003,11.688311688311686,5.737704918032796,28.429203404858686,3.619249701447041,66.07609567180147,48.812922947452094,1.407255544988507,2.11220761591741
CITYGENINS,City Insurance PLC,85.0,-0.8168028004667477,3.658536585365854,6.117353308364552,16.12021857923497,74.89711934156378,-1.9607843137254934,111.44278606965173,194.11764705882354,639.4444421154361,254.55412962421727,1.7548680205099676,2.4313571532554255
CLICL,Chartered Life Insurance PLC,61.5,0.9852216748768498,4.237288135593221,15.81920903954802,17.816091954022983,30.29661016949152,10.215053763440865,78.26086956521739,459.09090909090907,459.09090909090907,459.09090909090907,4.474871139723931,4.943766185413675
CNATEX,C & A Textiles Ltd,2.2,0.0,0.0,-4.347826086956506,-21.428571428571416,-33.33333333333333,-8.333333333333321,-51.11111111111111,-4.347826086956506,-80.48387098033298,-87.15450234219958,5.5411255411255285,6.79104711713407
CONFIDCEM,Confidence Cement PLC,50.9,-0.1960784313725518,2.4144869215291664,2.8282828282828256,-6.261510128913442,-10.54481546572935,3.0364372469635628,-7.789855072463776,-50.897405883472146,8.298197027637084,-5.081054933832421,2.680792217451911,2.3080378127662606
CONTININS,Continental Insurance PLC,27.0,3.8461538461538463,8.0,13.4453781512605,4.651162790697671,9.756097560975604,11.5702479338843,6.2992125984252025,-26.28999969808384,139.68080397080146,17.59339442468706,4.4954175150222575,3.0714267891036693
COPPERTECH,Coppertech Industries Ltd,19.9,1.0152284263959355,-2.92682926829269,4.73684210526315,11.173184357541901,-12.719298245614045,5.291005291005291,3.64583333333333,-0.49999975125000357,-23.21087441939743,-23.21087441939743,2.9541775668857837,3.0736559897600015
CROWNCEMNT,Crown Cement PLC,47.7,0.42105263157895334,4.60526315789474,4.3763676148796495,-9.315589353612165,-7.198443579766528,1.9230769230769353,5.530973451327434,-1.6494845360824684,-38.21243523316062,-40.96534653465346,2.3404882447653295,2.387734687235415
CRYSTALINS,Crystal Insurance Company Ltd,78.1,1.0349288486416524,11.891117478510026,44.897959183673464,47.35849056603773,70.5240174672489,35.82608695652173,48.19734345351041,88.81318660155004,472.7333327606,472.7333327606,7.320982641216001,5.128715315981375
CVOPRL,CVO Petrochemical Refinery PLC,156.0,0.45074050225369516,3.3112582781456954,2.9023746701847006,15.310802372816001,39.32725914908598,5.762711864406779,68.6348295074865,92.57103823515395,-28.24580026924782,68.65440249871013,2.3949349770252195,2.631351343894168
DACCADYE,Dacca Dyeing and Manufacturing Company Limited,17.6,0.5714285714285796,2.923976608187134,-9.743589743589736,-4.864864864864857,4.761904761904766,-9.278350515463904,4.761904761904766,120.00000000000001,-3.296703296703285,-37.3462783820362,2.8167002340670946,3.991578659344611
DAFODILCOM,Daffodil Computers PLC.,44.8,-0.6651884700665283,22.070844686648485,24.44444444444444,-3.448275862068969,-21.40350877192983,24.099722991689738,-28.662420382165607,-23.024054982817876,74.99999999999997,185.3503184713376,6.614985962312519,3.925422319610799
DBH,DBH Finance PLC,37.5,-0.5305039787798483,1.902173913043486,10.294117647058824,3.021978021978026,-2.3437499999999964,7.142857142857143,3.9402170529337504,-51.54724667533516,-50.74799655931336,9.348484687364826,1.8388987461976714,1.9717988041179204
DBH1STMF,DBH First Mutual Fund Units,5.8,0.0,0.0,-19.444444444444446,-1.6949152542372972,-4.918032786885243,-10.769230769230772,56.756756756756744,-20.547945205479454,5.4545454545454515,-21.621621621621628,3.5463659147869673,4.778620516512804
DELTALIFE,Delta Life Insurance Company Ltd.,75.0,-1.3157894736842104,6.382978723404255,12.781954887218046,-0.3984063745019883,4.166666666666667,10.619469026548677,-4.214559386973177,-10.607866507747325,-35.78767123287671,-97.77215370357169,3.701344490794023,2.699964578994422
DELTASPINN,Delta Spinners Limited,4.8,0.0,-2.040816326530623,6.6666666666666625,9.090909090909078,-18.644067796610177,-4.0000000000000036,0.0,-39.24050632911393,-51.600000088330006,-69.36306871079448,4.566688377478652,4.064715654888871
DESCO,Dhaka Electric Supply Co. Ltd.,20.7,-0.48076923076923755,6.153846153846151,4.020100502512567,4.545454545454538,-18.503937007874015,0.9756097560975575,-10.000000000000002,-47.727272727272734,-59.49119373776908,-68.86103144077721,2.5639288372012583,2.856760569773677
DESHBANDHU,Deshbandhu Polymer Limited,15.6,0.6451612903225784,1.9607843137254832,-9.302325581395348,-7.692307692307686,-22.000000000000004,-8.23529411764706,-18.32460732984294,41.81818181818181,27.111110932213982,-27.954126496979953,3.143537562242916,4.340676582082476
DGIC,Desh General Insurance Company Ltd,22.6,2.7272727272727337,5.607476635514033,9.178743961352668,8.653846153846157,-8.870967741935482,14.72081218274113,-0.8771929824561372,50.66666666666667,50.66666666666667,50.66666666666667,3.97874268976899,3.7333586882230803
DHAKABANK,Dhaka Bank PLC,12.3,-0.8064516129032229,0.8196721311475527,9.821428571428585,16.037735849056617,2.5000000000000058,8.849557522123893,25.562500606885425,18.11518347050875,11.36596240802826,-3.9579940563256732,1.9554135157453914,2.961962623098997
DHAKAINS,Dhaka Insurance Limited,39.4,2.604166666666667,4.509283819628636,11.931818181818167,1.025641025641022,7.065217391304351,9.444444444444441,3.95778364116095,-17.05263157894737,103.09278350515464,-17.33725496809098,5.6745035824119485,3.7601626928483456
DOMINAGE,Dominage Steel Building Systems Ltd,28.8,0.3484320557491339,0.3484320557491339,1.0526315789473708,23.076923076923087,126.77165354330711,-0.3460207612456674,128.57142857142858,-1.176470341176473,117.72799962986241,117.72799962986241,1.2594807845128764,2.455282116162383
DOREENPWR,Doreen Power Generations & Systems Ltd.,27.9,-0.3571428571428622,2.9520295202951923,-2.1052631578947416,-2.1052631578947416,5.283018867924523,-1.0638297872340452,18.220338983050834,-45.40131009873443,-29.81642468087665,-29.81642468087665,1.842024366695727,2.929662534764713
DSHGARME,Desh Garments Limited.,112.6,0.44603033006244425,0.8960573476702509,-4.576271186440683,11.485148514851481,-9.920000000000003,-3.2646048109965733,46.61458333333333,0.6991868911707317,51.7370381238699,1003.722025423978,3.039669583178891,4.145931347991747
DSSL,Dragon Sweater & Spinning Ltd.,8.2,0.0,0.0,-5.74712643678161,-10.869565217391305,-20.38834951456312,-3.5294117647058907,-31.092436974789926,-29.918604279160967,-9.704970350470811,-9.704970350470811,2.7161999397771837,2.851482198397141
DULAMIACOT,Dulamia Cotton Spinning Mills Limited,130.0,-0.6116207951070424,-6.340057636887615,-2.1084337349397675,-6.340057636887615,48.23261117445838,-3.7037037037037037,60.09852216748768,160.0,1656.7567567567567,1313.0434782608697,2.381113800800142,4.125225551754961
DUTCHBANGL,Dutch-Bangla Bank PLC,39.7,0.2525252525252561,-0.5012531328320695,2.8497409326424905,2.8497409326424905,-17.46361746361746,2.8497409326424905,-16.660305419853152,-6.438394291197924,56.24327258579154,36.71286351929318,1.2658686184433057,2.1557934662406764
EASTERNINS,Eastern Insurance PLC,55.7,1.4571948998178585,0.3603603603603655,12.981744421906706,9.21568627450981,19.784946236559144,11.177644710578845,19.271948608137045,-44.3,115.05791505791508,52.6027397260274,5.231207820471043,4.3301402895270416
EASTLAND,Eastland Insurance PLC,21.3,2.4038461538461537,11.51832460732984,13.297872340425531,3.9024390243902474,13.297872340425531,13.903743315508027,12.10526315789474,-29.22903251991709,43.6943158679587,-40.04478551500393,4.546610097207577,2.7175928684174
EASTRNLUB,Eastern Lubricants Blenders PLC,1623.5,0.15422578655151142,0.09247842170160296,-8.375190473503023,-1.7410430995479975,-16.05770267071205,-2.2576760987357014,87.90509165306713,228.66738228098382,660.1589409104879,1250.5490516499422,0.6618864963456375,1.6690092028417516
EBL,Eastern Bank PLC,24.9,-0.40000000000000563,0.8097165991902805,4.184100418410042,8.733624454148472,-6.0377358490566095,2.0491803278688527,20.898760276873478,16.33449842411373,104.93250060452,82.88280116095645,1.7224783947072122,2.3204709947231454
EBL1STMF,EBL First Mutual Fund Units,3.1,0.0,3.333333333333336,-6.060606060606053,-20.51282051282051,-34.04255319148936,0.0,-11.428571428571427,-55.714285714285715,-10.79440015357636,-54.78684604961189,6.781609195402306,6.162889904027719
EBLNRBMF,EBL NRB Mutual Fund,2.3,0.0,0.0,-11.538461538461549,-20.689655172413797,-36.11111111111112,0.0,-30.303030303030305,-62.90322580645162,-38.207499945945,-66.52219674858975,6.324110671936748,5.281220178245348
ECABLES,Eastern Cables Ltd.,119.4,1.790281329923281,9.440879926672789,2.9310344827586254,3.91644908616188,-4.479999999999995,6.512042818911697,17.288801571709243,-16.38655462184874,13.75905488611343,187.7968121648109,3.237913119461147,3.346744934092659
EGEN,eGeneration PLC,20.0,0.5025125628140775,2.0408163265306047,1.0101010101010064,-16.31799163179916,-5.660377358490563,1.0101010101010064,-13.043478260869565,33.333333333333336,33.333333333333336,33.333333333333336,2.790816966680131,2.7757223183237123
EHL,Eastern Housing Ltd.,78.1,0.12820512820512092,2.898550724637666,7.724137931034475,6.6939890710382395,-3.580246913580254,6.6939890710382395,15.532544378698226,75.11210762331837,116.94444498680554,99.78016339184629,2.173385708259441,1.7309423831033177
EIL,Express Insurance Ltd.,30.3,1.3377926421404756,5.5749128919860675,7.446808510638303,-0.9803921568627474,-8.73493975903615,7.446808510638303,-49.5,3.41296928327645,102.0,102.0,3.9198335160195783,2.8621259734640283
EMERALDOIL,Emerald Oil Industries Ltd.,13.1,-1.5037593984962485,9.166666666666664,-14.379084967320269,-14.935064935064938,-42.290748898678416,-9.027777777777782,-43.53448275862069,23.58490566037736,-77.12698414985714,-69.5173077550317,5.138064265329147,5.382790549601672
ENVOYTEX,Envoy Textiles Ltd.,52.8,0.7633587786259515,1.9305019305019306,14.533622559652919,-3.119266055045877,24.822695035460995,8.865979381443292,32.33082706766917,111.19999999999999,37.04767938056092,17.837239095341438,2.8143800289486847,2.8537798544668442
EPGL,Energypac Power Generation PLC,16.0,0.6289308176100606,4.575163398692806,1.9108280254777117,-1.2345679012345636,-13.513513513513514,2.5641025641025665,25.984251968503944,-79.11227154046996,-65.59139784946237,-65.59139784946237,3.5988159159818363,3.3732605730474923
ESQUIRENIT,Esquire Knit Composite PLC,20.1,0.0,-0.9852216748768438,-6.074766355140174,-15.899581589958148,-7.373271889400911,-2.4271844660194173,3.608247422680427,-19.599999999999994,-57.50528541226215,-57.50528541226215,3.1160059472288926,3.08541099418099
ETL,Evince Textiles Ltd.,9.7,0.0,1.041666666666663,-3.000000000000007,7.77777777777777,8.988764044943807,-3.000000000000007,-2.020202020202031,18.29268292682927,-25.68532628190763,-25.68532628190763,2.5068545733713594,2.500653605998177
EXIM1STMF,EXIM Bank 1st Mutual Fund 2013- Units,2.9,3.5714285714285747,0.0,0.0,-19.444444444444446,-39.583333333333336,3.5714285714285747,-9.375000000000009,-57.97101449275362,-34.80437474875235,-62.80159056191489,3.5714285714285756,3.90258452645023
FAMILYTEX,Familytex (BD) Ltd.,1.2,0.0,9.090909090909078,-7.692307692307699,-25.000000000000007,-50.0,-7.692307692307699,-50.0,-58.62068965517241,-88.61352450147777,-96.33557551568657,9.090909090909083,10.585428217007166
FARCHEM,FAR Chemicals Industries Ltd,14.3,-1.3793103448275814,2.8776978417266212,-0.694444444444442,-30.91787439613526,-37.004405286343605,-1.3793103448275814,-36.16071428571428,45.91836734693877,-26.794999912153994,-36.55566659053346,2.5556320306052394,2.7070005013723333
FAREASTFIN,Fareast Finance & Investment Ltd.,0.81,9.459459459459469,65.30612244897961,15.714285714285731,-18.999999999999993,-76.85714285714286,35.000000000000014,-73.87096774193549,-82.39130434782608,-92.76785714285712,-95.6981865461616,6.296729874194663,6.255339555807414
FAREASTLIF,Fareast Islami Life Insurance Company Limited,21.0,0.0,5.0,2.4390243902439024,-15.662650602409634,-25.531914893617017,0.9615384615384581,-32.9073482428115,-54.14847161572052,-60.93023240549486,-73.29479760759129,2.9337449128714805,3.6566666212155723
FASFIN,FAS Finance & Investment Limited,0.87,10.126582278481006,55.35714285714284,8.749999999999993,-13.0,-69.99999999999999,24.285714285714292,-74.41176470588235,-86.81818181818183,-90.86140351632017,-95.3923664655211,7.588617639806907,7.715535813979495
FBFIF,First Bangladesh Fixed Income Fund Units,2.4,4.347826086956526,0.0,-11.111111111111121,-20.000000000000004,-33.333333333333336,-7.692307692307699,-25.000000000000007,-57.142857142857146,-53.93403106027131,-68.00221655045512,6.050724637681166,6.289773428961076
FEDERALINS,Federal Insurance PLC,20.9,1.951219512195115,5.025125628140704,9.424083769633492,-4.1284403669724865,2.955665024630531,8.854166666666664,14.207650273224031,-5.40948252214441,113.39427988321626,8.27200540584198,3.516387449726821,3.133150030232778
FEKDIL,Far East Knitting & Dyeing Industries PLC.,14.4,0.6993006993006968,1.4084507042253598,0.6993006993006968,-21.311475409836067,-9.433962264150944,1.4084507042253598,-23.809523809523803,44.00000000000001,11.772236819891964,-39.47103487697003,1.693221971316067,2.070093745888613
FINEFOODS,Fine Foods Limited,431.8,-0.3691739732348791,5.060827250608274,14.809890986439774,37.60356915232632,70.53712480252766,13.571804313519205,114.82587064676616,671.0714285714286,5619.244582784644,2701.460474139024,1.6374839714561014,2.452153582265554
FIRSTFIN,First Finance Ltd.,2.7,0.0,8.000000000000007,-9.999999999999995,42.105263157894754,-12.90322580645161,8.000000000000007,-18.181818181818173,-60.657142983039996,-75.28461541199242,-92.0723629099637,7.053140096618352,9.932897615563519
FORTUNE,Fortune Shoes Ltd.,13.5,0.0,-1.459854014598535,-3.5714285714285716,-4.929577464788728,-21.51162790697674,-2.8776978417266212,-21.51162790697674,-27.748786035638158,-48.5597752539239,-48.5597752539239,2.997553812164962,3.860976864293214
FUWANGCER,Fu-Wang Ceramic Industry Ltd.,11.1,0.0,0.0,-4.310344827586207,-5.128205128205125,-20.71428571428572,-3.4782608695652204,-18.38235294117647,-9.016393442622949,12.779388989963147,-27.123273855323756,1.8100218650677404,2.4371678231875307
FUWANGFOOD,Fu-Wang Foods Limited,9.3,1.086956521739146,1.086956521739146,-18.421052631578945,-24.390243902439025,-41.50943396226415,-16.9642857142857,-33.09352517985611,-39.2156862745098,-24.980000212556657,-44.17629444110492,1.9660774008600221,3.502226069581231
GBBPOWER,GBB POWER Ltd.,6.0,0.0,3.448275862068969,-3.225806451612906,-9.090909090909086,-22.077922077922082,-6.250000000000005,-15.49295774647887,-76.5625,-66.66666659259259,-77.28840126105592,4.146659020432438,4.556668627279167
GEMINISEA,Gemini Sea Food PLC,119.5,0.0,-0.08361204013377452,-15.845070422535212,-12.132352941176471,-22.30169050715215,-12.582297000731522,-23.397435897435898,102.53096836252745,295.478346674251,574.450910042539,2.484073380050416,4.460172898497335
GENEXIL,Genex Infosys PLC,26.8,0.37453183520599787,5.511811023622056,1.9011406844106464,-1.4705882352941124,5.098039215686277,-0.3717472118959029,-0.7407407407407381,-48.02661810547951,-19.903694162427183,-19.903694162427183,3.325945284329613,3.2198958635837265
GENNEXT,Generation Next Fashions Ltd.,2.6,4.0000000000000036,8.333333333333341,13.043478260869579,-3.703703703703707,-3.703703703703707,-3.703703703703707,-18.75,-31.578947368421048,-67.04190484768998,-88.32935490692836,6.884057971014501,7.038632353417508
GHAIL,Golden Harvest Agro Industries Ltd.,10.7,0.943396226415091,0.0,-3.6036036036036068,-4.464285714285714,-20.740740740740744,0.0,-5.309734513274348,-35.92814371257485,-29.11822506248424,-70.9951777184257,2.5064685921214993,2.8587930815098366
GHCL,Global Heavy Chemicals Ltd.,20.0,1.0101010101010066,7.526881720430099,-6.976744186046512,-9.50226244343892,-2.9126213592233077,0.5025125628140775,-2.9126213592233077,-38.08049535603715,-52.94117647058823,-75.75757575757575,6.157710964537669,5.415259464863412
GLDNJMF,ICB AMCL CMSF GOLDEN JUBILEE MUTUAL FUND,6.1,0.0,1.6666666666666607,-4.687500000000011,-17.567567567567576,-22.784810126582286,0.0,-24.691358024691358,-44.545454545454554,-44.545454545454554,-44.545454545454554,3.3173103639899972,3.452902314972666
GLOBALINS,Global Insurance PLC,28.4,1.4285714285714235,5.970149253731335,7.984790874524706,7.169811320754712,-4.377104377104379,11.372549019607838,16.393442622950822,-15.22388059701493,159.7026817075401,19.902167565800497,3.5396233276797515,2.933122121823577
GOLDENSON,Golden Son Limited,9.6,1.0526315789473648,-1.0309278350515427,-5.8823529411764675,-8.571428571428575,-22.580645161290327,-4.9504950495049505,-31.428571428571434,-28.358208955223883,-69.42675159235668,-75.75757575757575,2.107502799552072,2.6308994955386438
GP,Grameenphone Ltd.,263.1,0.0,3.786982248520719,1.5046296296296429,-8.167539267015698,-18.620476337766778,1.192307692307701,-21.90560997328583,-30.21220159151193,-3.978102189781014,53.32167832167834,2.1452115229909534,1.4937595142276554
GPHISPAT,GPH Ispat Limited,15.8,0.0,0.0,-4.242424242424238,-12.22222222222222,-19.387755102040817,-1.863354037267085,-26.16822429906541,-45.81284824929238,-26.13563803481883,-15.627736923740084,2.298007692714492,2.46808715955282
GQBALLPEN,G.Q. Ball Pen Industries Limited,517.5,0.25184037194884823,4.7146904087414025,15.487614371792006,-3.8104089219330857,136.51736745886654,15.59079740897923,273.10742609949534,304.6129788897576,605.0408719346049,281.49038347091346,3.2980539746352076,3.8068043731306727
GRAMEENS2,Grameen Mutual Fund One - Grameen Two Units,11.5,-1.7094017094017033,5.504587155963299,7.476635514018699,-3.3613445378151288,-17.857142857142858,5.504587155963299,-15.441176470588234,-37.15846994535519,19.600000191359996,-37.19634710296888,3.054192039694575,2.4955879911351637
GREENDELMF,Green Delta Mutual Fund 2010 Units,2.9,-3.333333333333336,0.0,0.0,-14.705882352941178,-29.268292682926823,-3.333333333333336,-17.142857142857146,-64.19753086419752,-42.0,-59.72222222222223,4.162561576354683,4.135122288479824
GREENDELT,Green Delta Insurance PLC,58.3,1.7452006980802792,5.234657039711189,9.999999999999996,3.9215686274509727,21.205821205821195,8.768656716417901,22.478991596638647,6.044839035693857,36.578749917988326,11.833442592144998,3.9899953132141572,3.100422056240776
GSPFINANCE,GSP Finance Company PLC,1.7,6.249999999999992,21.428571428571434,-5.555555555555561,-29.166666666666668,-67.3076923076923,6.249999999999991,-72.1311475409836,-91.39280136922264,-84.15130751932051,-88.31278995310721,5.934065934065935,8.490099812468236
HAKKANIPUL,Hakkani Pulp & Paper Mills PLC,71.8,0.8426966292134751,-0.13908205841447638,13.968253968253965,20.066889632107024,7.164179104477608,6.056129985228942,59.201773835920164,-2.972972972972977,17.128874388254488,286.02150537634407,2.112335405794847,3.21097687076106
HAMI,Hami Industries PLC,113.4,0.800000000000005,3.090909090909096,4.902867715078641,1.978417266187053,11.176470588235299,5.390334572490717,-11.128526645768016,-35.16295025728988,-35.16295025728988,-35.16295025728988,1.965166478451168,2.943788488602595
HEIDELBCEM,Heidelberg Materials Bangladesh PLC,233.4,-0.7230965546575877,8.912739150723283,8.558139534883724,-0.4266211604095563,-12.551517422255518,6.624029237094564,10.094339622641511,36.491228070175445,-57.93078586878154,-11.59090909090909,5.035247758532386,2.819922569853794
HFL,Hamid Fabrics PLC,5.8,-1.6949152542372972,-1.6949152542372972,-10.769230769230772,-1.6949152542372972,-34.831460674157306,-10.769230769230772,-38.94736842105263,-68.13186813186812,-71.56862745098039,-89.86688849468719,4.483168763521892,5.402254558942375
HRTEX,H.R. Textile Mills Ltd.,16.5,2.484472049689432,5.769230769230771,-7.821229050279323,-10.81081081081081,-38.888888888888886,-9.836065573770494,-44.256756756756765,-50.40983612112559,-21.42857150340137,-41.541410949518635,5.124648287052919,5.1125806200025865
HWAWELLTEX,Hwa Well Textiles (BD)PLC,41.8,1.2106537530266346,1.7031630170316197,3.4653465346534618,-5.855855855855858,0.9661835748792237,-6.2780269058296065,-2.5641025641025674,19.77077363896848,34.838709677419345,4.499999999999993,2.4343058745714923,3.320866754298215
IBNSINA,BN SINA Pharmaceutical Industry PLC,319.6,-1.32757023772768,-0.6836544437538808,2.73224043715847,8.338983050847466,0.8201892744479568,1.4603174603174676,10.206896551724146,28.87096774193549,197.96996648474934,433.54929458886005,1.3002612520818073,1.615688111248527
IBP,Indo-Bangla Pharmaceuticals Ltd.,12.5,0.0,7.758620689655175,7.758620689655175,8.695652173913043,-13.194444444444446,11.607142857142863,25.0,-32.59162328969532,-52.28525024390434,-52.28525024390434,3.491469198960495,3.5168350540299356
ICB,Investment Corporation of Bangladesh,36.1,0.0,-0.27624309392265584,-3.2171581769436886,-23.19148936170212,-28.93700787401574,-1.0958904109589003,-38.18493150684931,-65.6171460703992,-53.45771659215116,-66.9950318453418,2.285947984477096,2.292216075459749
ICB3RDNRB,ICB AMCL Third NRB Mutual Fund 2010 Units,4.3,0.0,4.878048780487809,7.499999999999996,4.878048780487809,-10.416666666666668,4.878048780487809,-8.510638297872347,-36.76470588235294,-2.2727272727272845,-39.43661971830986,2.9512195121951255,3.178930558102578
ICBAGRANI1,ICB AMCL First Agrani Bank Mutual Fund Units,6.4,0.0,1.5873015873015959,1.5873015873015959,-7.246376811594202,-7.246376811594202,0.0,-9.859154929577455,-26.436781609195393,-25.581395348837205,-25.581395348837205,1.9463960447567052,1.6493231964123094
ICBAMCL2ND,ICB AMCL Second Mutual Fund Units,5.5,7.843137254901968,7.8431372549019684,1.8518518518518452,-5.172413793103446,-12.698412698412696,-1.7857142857142796,-9.836065573770487,-35.294117647058826,19.565217391304355,-27.631578947368418,7.453644099149095,4.72910019625365
ICBEPMF1S1,ICB Employees Provident Mutual Fund One Scheme One Units,3.7,2.77777777777778,8.823529411764714,5.71428571428572,-9.756097560975597,-27.450980392156854,8.823529411764714,-25.999999999999993,-49.315068493150676,-42.1875,-55.42168674698795,3.463118580765643,3.49987435165454
ICBIBANK,ICB Islamic Bank Limited,2.3,4.545454545454529,4.545454545454529,-4.1666666666666705,-17.857142857142858,-20.689655172413797,-4.1666666666666705,-20.689655172413797,-51.06382978723405,-46.51162790697675,-69.33333333333333,4.545454545454529,6.233822644005704
ICBSONALI1,ICB AMCL Sonali Bank Ltd 1st Mutual Fund 2013- Units,4.3,0.0,4.878048780487809,0.0,-14.000000000000004,-25.862068965517242,2.3809523809523725,-42.666666666666664,-49.411764705882355,-30.645161290322584,-64.16666666666667,2.8460686600221483,3.242149300900833
ICICL,Islami Commercial Insurance PLC.,24.0,0.8403361344537785,1.694915254237282,5.263157894736839,6.194690265486719,13.207547169811324,7.1428571428571495,6.194690265486719,64.38356164383562,64.38356164383562,64.38356164383562,3.5733463213666394,2.543087454652675
IDLC,IDLC Finance PLC.,39.6,-0.5025125628140596,1.0204081632653024,10.924369747899156,5.319148936170213,3.9370078740157477,10.614525139664819,32.84345078905981,-46.32090123580504,-6.2037150640681435,-20.232641035097217,1.5319018558084276,2.379584396331543
IFADAUTOS,IFAD Autos PLC,20.7,-0.48076923076923755,2.9850746268656607,-6.3348416289592855,-4.6082949308755765,-15.853658536585375,-4.6082949308755765,-7.174887892376688,-58.16627631962663,-61.166775550306745,17.752044726285906,2.1677901077358497,2.2687249649754997
IFIC,IFIC Bank PLC,4.7,2.1739130434782727,0.0,0.0,-7.84313725490195,-27.692307692307686,0.0,-32.857142857142854,-63.06716254643029,-33.84550350955797,-55.76382632150104,4.376811594202902,4.872929574424297
IFIC1STMF,IFIC Bank 1st Mutual Fund Units,2.5,0.0,4.1666666666666705,-10.714285714285708,-19.35483870967742,-34.210526315789465,0.0,-21.875000000000004,-63.23529411764706,-37.228260827262524,-61.265243910256835,5.00579710144928,5.174352827442079
IFILISLMF1,IFIL Islamic Mutual Fund - 1 Units,3.7,2.77777777777778,12.121212121212132,8.823529411764714,-9.756097560975597,-27.450980392156854,8.823529411764714,-17.777777777777775,-47.142857142857146,-40.32258064516129,-41.269841269841265,3.4957983193277347,4.660584914454886
ILFSL,International Leasing and Financial Services Ltd.,0.65,10.169491525423737,58.53658536585367,-13.33333333333333,-40.909090909090914,-79.03225806451614,8.333333333333341,-81.42857142857143,-89.16666666666667,-92.63651370308152,-96.04620686359073,3.424079974054219,8.022183798618965
INDEXAGRO,Index Agro Industries Ltd,68.5,2.2388059701492535,4.261796042617956,2.8528528528528616,-1.337448320119728,5.927835308175685,2.391629297458885,2.750000256874993,-4.099999760250006,-4.099999760250006,-4.099999760250006,1.8105451558820942,2.863605686592756
INTECH,Intech Ltd.,30.2,0.33222591362125536,4.137931034482756,-4.126984126984129,-0.3300330033003347,51.75879396984925,-4.73186119873817,50.99999999999999,-11.953352769679295,212.0124611578063,147.87656621629145,3.594032890639465,4.274576249861742
INTRACO,Intraco Refueling Station PLC,20.5,1.9900497512437738,4.59183673469387,-1.4423076923076956,-21.153846153846153,-8.48214285714285,0.0,-0.9661835748792237,15.916229876124007,-55.9108620847251,-55.9108620847251,2.641980001826013,2.5561269907999384
IPDC,IPDC Finance PLC,19.6,-0.5076142131979587,2.6178010471204187,1.5544041450777237,-3.4482758620689618,5.945945945945954,2.6178010471204187,30.399138923922763,-23.39574682188173,88.06100270225335,257.1057807392844,2.5968280581569396,2.3896248822155046
ISLAMIBANK,Islami Bank Bangladesh PLC,36.6,0.0,1.3850415512465373,9.253731343283585,-5.42635658914729,-18.666666666666664,10.909090909090912,-21.794871794871785,22.81879194630873,33.57664233576644,-6.372093116883717,2.429715783830956,3.5058418857713955
ISLAMICFIN,Islamic Finance & Investment PLC,10.0,1.0101010101010066,3.092783505154647,17.647058823529413,42.857142857142854,13.636363636363628,5.2631578947368425,0.0,-53.48837209302326,-27.503124977797828,-45.16599990341211,4.898599396022077,4.2289390817074715
ISLAMIINS,Islami Insurance Bangladesh Limited,40.0,1.5228426395939123,3.626943005181343,8.108108108108109,-1.2345679012345678,3.092783505154647,6.666666666666667,-3.3816425120772915,-11.111111209876537,208.93210594010375,112.39082260827203,3.2997181589959954,2.6293019141100165
ISNLTD,Information Services Network Ltd.,77.5,0.0,4.026845637583893,0.911458333333337,-20.918367346938776,80.23255813953489,-1.1479591836734766,97.70408163265304,109.45945945945945,426.79738639217396,412.909092942076,2.625897042363363,4.164638668268375
ITC,IT Consultants PLC,39.7,0.2525252525252561,3.116883116883124,3.926701570680628,0.5063291139240579,-1.7326732673267222,3.116883116883124,7.5880758807588204,15.74344023323617,-7.121012484595343,35.132947515878925,1.691547805391986,1.6749718280291548
JAMUNABANK,Jamuna Bank PLC,22.3,-0.44642857142856196,0.0,5.687203791469191,7.211538461538462,17.989417989418,5.687203791469191,25.65872961520629,43.37694766854248,181.89566847901352,90.56411984559722,1.2548190406934823,1.7049505353785932
JAMUNAOIL,Jamuna Oil Company Limited,171.8,0.17492711370263053,0.17492711370263053,-6.88346883468834,-7.135135135135129,-9.531332280147444,1.5366430260047417,-0.6936416184971033,6.575682382134009,11.486048020765748,7.010192415804962,0.6805407726825428,1.2602480905839362
JANATAINS,Janata Insurance PLC,27.9,2.9520295202951923,13.41463414634145,15.76763485477177,8.56031128404669,12.465116449946992,14.814814814814804,8.268656881244814,-10.89097432874465,182.1530381938796,-85.07844511699048,5.189697670478193,3.7461790255739
JHRML,JMI Hospital Requisite Manufacturing Ltd,44.0,-0.22675736961451567,2.8037383177570163,1.8518518518518452,-9.090909090909088,-17.757009345794394,4.265402843601889,-12.175648702594811,100.0,100.0,100.0,1.7606455793469449,2.4911170881773264
JMISMDL,JMI Syringes & Medical Devices Ltd.,124.5,-0.8757961783439445,6.410256410256411,5.419136325148185,-3.037383177570098,-14.137931034482758,5.508474576271187,-6.950672645739918,-56.861146634859615,5.82499966136,259.49044473026356,3.587080123613375,2.586460067454182
JUTESPINN,Jute Spinners Limited,199.0,-0.3006012024048068,-1.9704433497536946,2.842377260981912,-0.8964143426294877,-6.132075471698113,1.9467213114754158,-18.509418509418506,107.29166666666667,237.28813559322035,199.24812030075188,1.456322578360916,3.2064772067771257
KARNAPHULI,Karnaphuli Insurance PLC,31.6,2.5974025974025996,6.04026845637584,8.965517241379315,3.2679738562091503,14.079422382671488,10.877192982456144,4.983388704318936,0.317460317460322,152.45652300415716,15.762500863406014,4.241401528483096,3.227838113825409
KAY&QUE,Kay and Que (Bangladesh) Ltd.,375.0,0.7522837184309542,-1.7295597484276788,0.5361930294906166,3.9759347340826237,52.35722440960332,-0.6359300476947476,90.35211134626185,109.37171969353186,2531.739069760763,1787.9867243620643,2.403915677731947,2.19882891329496
KBPPWBIL,Khan Brothers PP Woven Bag Industries Ltd,49.9,1.4227642276422676,12.641083521444699,-1.3833992094861716,-51.55339805825243,-61.615384615384606,3.9583333333333304,-71.791972866026,430.8510638297872,183.38558137149172,49.07890378878622,4.61731474739853,4.465805828175364
KDSALTD,KDS Accessories Ltd.,41.5,0.24154589371981022,-0.2403846153846188,2.7227722772277265,3.491271820448874,-1.658767772511855,0.9732360097323566,24.624624624624634,-7.8752640300760035,-17.72489620531248,-20.46739966934009,2.002191868842219,2.1763930102015494
KEYACOSMET,Keya Cosmetic Ltd.,4.2,0.0,0.0,0.0,-6.6666666666666625,-15.999999999999996,-6.6666666666666625,-14.285714285714288,-35.38461538461538,-47.45859546860334,-73.12983193636896,4.391405342624862,4.930287677628588
KOHINOOR,Kohinoor Chemical Co. (Bangladesh) Ltd.,502.0,0.48038430744595223,0.6213670074163204,-0.9666600907476776,-2.0227112413965473,3.4082395969662915,0.4200840168033652,-3.96521748733914,55.709188112468496,380.3758525128462,986.7498013797504,0.983207343781844,1.0769631917297893
KPCL,Khulna Power Company Ltd.,9.7,0.0,-1.0204081632653206,-5.825242718446615,-3.960396039603964,-17.796610169491537,-7.619047619047626,-20.491803278688526,-79.36170212765957,-86.14285715671429,-77.54809615940431,3.3292638813528694,3.221373504450915
KPPL,Khulna Printing & Packaging Ltd,13.2,-0.7518796992481309,-2.941176470588238,-20.000000000000004,3.124999999999989,-33.333333333333336,-17.500000000000004,-38.31775700934579,-25.00000000000001,-7.042253521126761,-61.68865439298529,4.052509268311358,6.507135292803422
KTL,Kattali Textile Ltd.,9.1,1.1111111111111072,2.247191011235947,-24.16666666666667,-14.953271028037381,-18.75,-21.551724137931036,-3.191489361702135,-15.74074074074075,-52.43248030115188,-52.43248030115188,3.731692080529291,4.690516912055918
LANKABAFIN,LankaBangla Finance PLC,12.6,0.0,1.6129032258064457,1.6129032258064457,-8.029197080291969,-26.744186046511626,2.4390243902438935,-30.0,-73.64016736401673,-23.72528811628294,-55.995358570631524,1.9344044051606186,2.333093167821615
LEGACYFOOT,Legacy Footwear Ltd.,54.5,-0.5474452554744473,-0.9090909090909091,-0.36563071297989547,5.0096339113680175,-11.95476575121163,0.5535055350553453,-10.801963993453358,-13.354531001589823,107.034533684636,248.027042740832,1.577753543601111,2.944846374997331
LHB,LafargeHolcim Bangladesh PLC,49.6,0.20202020202020488,4.6413502109704705,1.2244897959183703,-7.462686567164179,-12.676056338028161,5.307855626326964,-1.1952191235059788,-18.42105263157894,-34.822601839684616,582.4515893918455,2.229603090895701,1.8005224634564092
LIBRAINFU,Libra Infusions Ltd.,629.9,-0.14267596702599514,-0.8031496062992162,-2.9429892141756584,-8.97398843930636,-21.262500000000003,-0.9591194968553495,-28.881110985661067,54.86805364182607,265.86640815053136,434.8207541619784,1.4436164806063794,2.2493411334996973
LINDEBD,Linde Bangladesh Limited,816.9,0.46734718976755063,-1.5664537896132065,10.094339622641508,4.0636942675159204,-19.51724137931035,7.628458498023713,-17.1501014198783,-36.57116235732589,-28.089788732394368,58.46750727449078,1.1002246352436142,1.6939668162850041
LOVELLO,Taufika Foods and Lovello Ice-cream PLC,69.6,0.14388489208632277,-3.333333333333341,1.0159651669085465,-24.2694298666071,-21.079913409611233,2.052785923753653,-15.023255601511627,435.9200007020552,435.9200007020552,435.9200007020552,2.2026276782614906,2.8965315029816048
LRBDL,Lub-rref (Bangladesh) Ltd,9.4,1.0752688172042972,1.0752688172042972,-7.84313725490195,-28.244274809160302,-38.1578947368421,-5.05050505050505,-28.787878787878782,-76.79012345679013,-76.79012345679013,-76.79012345679013,2.5972615410411937,2.9971366905686594
LRGLOBMF1,LR Global Bangladesh Mutual Fund One Units,3.0,0.0,3.448275862068969,3.448275862068969,-9.090909090909086,-23.076923076923073,7.1428571428571495,-6.250000000000005,-57.74647887323943,-45.45454545454545,-67.39130434782608,7.128991060025544,6.386519587333486
MAGURAPLEX,Magura Multiplex PLC,82.9,0.3631961259080041,2.219482120838485,-1.66073546856464,-5.257142857142851,-8.901098901098894,-1.1918951132300357,-20.288461538461533,363.89637098989186,363.89637098989186,363.89637098989186,1.4335514276656318,2.249726645061982
MAKSONSPIN,Maksons Spinning Mills PLC,4.7,0.0,-4.081632653061228,-5.9999999999999964,-18.965517241379306,-24.193548387096772,0.0,-27.692307692307686,-58.40707964601769,-49.642857016964285,-70.8890448057885,3.8667900092506935,4.849474867387706
MALEKSPIN,Malek Spinning Mills PLC,29.5,0.0,0.3401360544217736,6.115107913669062,4.609929078014186,23.43096234309624,2.0761245674740536,23.949579831932766,87.89808917197453,63.888888888888886,18.0,1.570010398533588,3.481337748497593
MARICO,Marico Bangladesh Limited.,2772.0,-0.34870762483372825,-0.641600057349729,4.214444152035787,-0.6237900623790095,0.4784688995215245,4.481549885040145,19.482758620689655,28.810408921933085,102.33576642335767,638.2157123834887,0.7245253960691238,1.253620998699407
MATINSPINN,Matin Spinning PLC,47.8,0.20964360587000905,1.702127659574462,4.366812227074236,-15.248226950354612,1.0570824524312896,2.7956989247311768,6.935123042505579,31.318681318681314,18.61042183622829,6.222222222222216,1.7400285784345626,2.387588893825883
MBL1STMF,MBL 1st Mutual Fund 2010- Units,3.6,0.0,-2.702702702702705,0.0,-9.999999999999998,-26.530612244897963,5.882352941176476,-5.2631578947368345,-53.84615384615384,-42.85714285714286,-47.826086956521735,3.9365079365079354,5.170288689638533
MEGCONMILK,Meghna Condensed Milk Industries Ltd.,13.9,0.7246376811594177,11.200000000000003,-6.0810810810810825,-9.150326797385622,-24.043715846994537,-3.4722222222222223,-47.54716981132076,31.13207547169812,98.57142857142857,46.31578947368422,6.458222817419031,7.1300765041532825
MEGHNACEM,Meghna Cement Mills PLC,30.0,0.33444816053512183,4.166666666666664,5.2631578947368425,-32.126696832579185,-38.775510204081634,2.3890784982935127,-36.170212765957444,-52.16425583727125,-59.92645856489601,-59.38544643336208,7.172171243587389,5.738350056665329
MEGHNAINS,Meghna Insurance PLC,31.0,0.9771986970684062,0.9771986970684062,8.391608391608386,8.013937282229968,24.0,10.320284697508892,14.814814814814815,181.8181818181818,181.8181818181818,181.8181818181818,4.466118165367804,4.236140566508365
MEGHNALIFE,Meghna Life Insurance PLC,56.0,0.0,6.261859582542689,14.519427402862988,-1.7543859649122806,8.108108108108114,10.23622047244095,6.87022900763359,5.889386712650437,28.667380675354277,-14.017137184506836,3.5391083681209237,2.792443941677025
MEGHNAPET,Meghna Pet Industries Ltd.,19.0,0.5291005291005366,4.3956043956043995,-20.502092050209203,-18.8034188034188,-25.781250000000004,-12.84403669724771,-30.65693430656934,75.92592592592591,265.38461538461536,196.875,3.8736301637711072,7.18561787016494
MERCANBANK,Mercantile Bank PLC,7.9,1.282051282051289,2.5974025974025996,5.333333333333338,-5.9523809523809526,-8.139534883720922,6.756756756756756,-21.782178217821777,-38.68913047463467,25.76011202596164,-23.643754889258307,2.071262071262074,2.859851140974225
MERCINS,Mercantile Islami Insurance PLC,26.0,1.9607843137254901,6.9958847736625485,1.167315175097279,2.3622047244094544,-1.1406844106463905,1.9607843137254901,-6.810035842293902,-29.347826086956516,92.5925925925926,-5.760517511449604,5.531242391869684,5.300314390769262
METROSPIN,Metro Spinning Ltd.,7.9,2.5974025974025996,1.2820512820512888,-9.195402298850562,-16.84210526315789,-29.464285714285705,-7.058823529411761,-33.05084745762712,-8.84615367085798,-9.022580756681998,-47.43227801686225,2.382456140350878,4.829797485005819
MHSML,Mozaffar Hossain Spinning Mills Ltd.,15.9,0.632911392405061,10.416666666666666,16.05839416058395,10.416666666666666,0.0,17.77777777777778,16.05839416058395,-1.8518518518518454,-30.154902220645283,-35.74251024509798,3.2707285712583936,3.6341603050062163
MIDASFIN,MIDAS Financing PLC,5.1,-3.7735849056603805,1.999999999999993,13.333333333333325,-8.928571428571429,-34.61538461538461,13.333333333333325,-35.44303797468355,-78.53750009246761,-60.633742649474534,-79.26962634539225,7.412293428009505,6.387611257247262
MIDLANDBNK,Midland Bank PLC,17.3,0.0,1.7647058823529453,0.0,-16.019417475728158,-27.004219409282697,1.1695906432748495,-31.200772452593313,97.98888815633,97.98888815633,97.98888815633,1.8743078626799572,2.486650440156906
MIRACLEIND,Miracle Industries Limited,31.4,1.9480519480519412,4.3189368770764025,5.723905723905722,-4.848484848484853,5.016722408026756,-1.2578616352201324,6.081081081081071,-0.9463722397476363,10.152040988890665,240.69682021885376,2.843104486858842,4.173770410417303
MIRAKHTER,Mir Akhter Hossain Ltd,27.5,-0.36231884057971525,0.36496350364964025,0.73260073260073,-6.779661016949152,-2.1352313167259838,-0.36231884057971525,-8.940397350993376,-66.04938271604938,-66.04938271604938,-66.04938271604938,1.4037899062813797,1.950575161893412
MITHUNKNIT,Mithun Knitting & Dyeing (CEPZ) Ltd.,14.3,2.8776978417266212,11.71875,-0.694444444444442,5.14705882352942,-7.142857142857141,-2.054794520547938,-7.142857142857141,68.23529411764707,-73.35403715950387,-72.60954953410221,3.0320538600175757,4.782592721158621
MJLBD,MJL Bangladesh PLC,92.8,-0.32223415682061995,0.32432432432432123,4.035874439461877,-2.2128556375131807,-5.2093973442288135,3.111111111111108,-0.5359056806002144,10.213776722090254,17.39759053612774,63.04444420791677,1.2295641221928955,1.8772633066914333
MLDYEING,M.L. Dyeing & Textile Ind. PLC,8.3,1.2195121951219685,2.469135802469149,-4.597701149425271,-1.1904761904761862,-14.432989690721636,-1.1904761904761862,-7.77777777777777,-83.4,20.267000507767282,20.267000507767282,1.984799454183015,2.7330536144837234
MONNOAGML,Monno Agro & General Machinery Ltd.,340.6,0.35356511490867576,-0.11730205278591709,-8.440860215053757,15.106454883406572,-9.14910642838089,-7.821380243572389,-4.056338028169008,-13.735807905756097,1466.3958326115214,2638.9026557882185,2.2729918678038783,3.4229818138470125
MONNOCERA,Monno Ceramic Industries Limited.,80.2,0.7537688442211162,0.6273525721455457,-5.757931844888357,10.164835164835173,-11.868131868131865,-1.9559902200488928,1.3906447534766229,-36.75078864353312,201.76924906355012,368.30116807344336,2.289791258350052,2.4749802609181377
MONNOFABR,Monno Fabrics Ltd.,20.2,0.49751243781093457,-0.49261083743843065,-9.00900900900901,23.170731707317078,42.25352112676057,-5.607476635514016,20.23809523809523,-14.406779661016959,-14.406779661016959,-14.406779661016959,2.310898008199676,3.4981974561843723
MONOSPOOL,Monospool Bangladesh PLC,95.9,0.6295907660021076,0.7352941176470618,-0.10416666666666075,16.580337919478172,4.0424525180613315,1.2671594508975743,1.5515650750282695,100.51818100699465,100.51818100699465,100.51818100699465,1.8558895634750234,2.694907001227835
MPETROLEUM,Meghna Petroleum Limited,198.0,-0.050479555779906274,1.4344262295082026,2.750389206019726,-5.579399141630896,-5.8039961941008515,2.750389206019726,-3.836813987372514,-3.508771929824556,35.523613963039026,38.726114510955405,0.6214170746891128,1.0242279229360116
MTB,Mutual Trust Bank PLC,13.6,-0.7299270072992675,0.7407407407407381,12.396694214876034,11.475409836065577,9.677419354838703,10.569105691056901,20.64516121248699,-17.378589541397673,115.0124313468666,123.21290638689511,2.2410998963607387,2.8048390010610835
NAHEEACP,Nahee Aluminum Composite Panel PLC,17.8,0.0,0.5649717514124374,0.0,-8.24742268041236,-20.179372197309416,-3.7837837837837798,-14.423076923076923,-62.20806794055201,-71.7577696876534,-71.7577696876534,1.6779026217228417,3.4674244223755646
NATLIFEINS,National Life Insurance PLC,105.3,-0.9407337723424272,7.01219512195121,21.87499999999999,0.9587727708533078,5.194805194805197,12.260127931769723,4.05138339920948,-57.2646103896104,-19.658125158493664,-22.48291834987451,3.738555754089729,3.876421217011902
NAVANACNG,Navana CNG Limited,20.5,-0.9661835748792237,0.0,-3.301886792452827,-6.3926940639269345,-10.869565217391305,-3.755868544600942,-8.48214285714285,-41.29545425860278,-54.70691360243793,-65.22884584140058,1.7586149594087876,2.4954963233238483
NAVANAPHAR,Navana Pharmaceuticals PLC,53.2,-0.37453183520598454,2.9013539651837523,5.346534653465352,3.1007751937984525,-4.316546762589925,1.5267175572519165,13.191489361702132,101.51515151515154,101.51515151515154,101.51515151515154,2.6272091724846804,2.383599397636379
NBL,National Bank PLC,3.3,0.0,3.124999999999989,0.0,0.0,-13.157894736842106,3.124999999999989,-32.653061224489804,-61.923076849852066,-35.56659200038739,-69.07196419158763,5.74999999999999,6.854012010030089
NCCBANK,National Credit and Commerce Bank PLC,12.6,0.0,2.4390243902438935,7.692307692307695,7.692307692307695,12.500000000000004,3.278688524590167,19.999999999999996,4.901702384289312,84.81529491953489,-0.017955267568188847,2.094277471806969,2.3844823869725134
NCCBLMF1,NCCBL Mutual Fund-1 2012- Dividend Units,4.0,2.5641025641025665,-2.439024390243894,-2.439024390243894,-13.04347826086956,-28.57142857142857,0.0,-20.0,-56.04395604395604,-41.1764705882353,-66.66666666666667,4.687073713389502,6.568414282749463
NEWLINE,New Line Clothings Ltd.,3.8,0.0,5.555555555555547,-7.317073170731704,-17.391304347826086,-47.945205479452056,-5.000000000000004,-50.64935064935066,-81.37254901960783,-84.77282998390511,-84.77282998390511,5.527241527241523,6.583373989810491
NFML,National Feed Mill Ltd,14.9,0.6756756756756733,13.74045801526718,-0.6666666666666643,16.406249999999996,33.0357142857143,5.6737588652482325,71.26436781609198,-31.90497737926308,3.8277155581365743,-46.58306843742533,4.896765538091454,5.0585214712948385
NHFIL,National Housing Finance PLC,24.2,0.0,1.680672268907557,7.079646017699105,-0.8196721311475381,-1.7712178064187634,7.555555555555553,4.392156735836985,-38.66359452516406,-27.339950516266455,-20.7574741959649,1.9304516846883926,2.0809239442007788
NITOLINS,Nitol Insurance PLC,29.8,3.4722222222222223,4.561403508771932,6.049822064056937,11.610486891385772,13.307984790874524,6.049822064056937,24.661354867252115,-47.23440122183001,83.51508885323958,25.099803563292852,4.3584826725620935,4.42143177942514
NORTHERN,Northern Jute Manufacturing Co. Ltd.,86.5,0.0,4.848484848484849,-17.61904761904762,-6.587473002159822,-19.1588785046729,1.4067995310668264,-25.23768366464996,-73.66818873668188,-55.393209963156295,476.6666705111111,6.156092948023665,7.45671294688816
NORTHRNINS,Northern Islami Insurance PLC,31.1,1.3029315960912122,4.362416107382552,12.681159420289854,1.967213114754103,10.28368794326242,11.870503597122305,6.143344709897613,-23.39901477832512,102.72592633438113,-3.110988400260603,4.5726673806924065,3.66229922677981
NPOLYMER,National Polymer Industries PLC,27.5,0.36496350364964025,4.961832061068705,1.102941176470591,-4.181184668989545,-12.9746835443038,3.383458646616536,-12.9746835443038,-51.41342756183745,-29.412406429397187,90.54782391977251,3.3044648183078444,2.469932183068935
NRBBANK,NRB Bank PLC,6.8,0.0,-2.85714285714286,11.475409836065577,1.4925373134328306,-39.285714285714285,11.475409836065577,-44.26229508196722,-24.444444444444446,-24.444444444444446,-24.444444444444446,2.980684811237931,4.081626389742852
NRBCBANK,NRBC Bank PLC,5.5,0.0,1.8518518518518452,3.773584905660381,-1.7857142857142796,-23.611111111111114,7.8431372549019684,-33.73493975903615,-56.750062525058475,-56.750062525058475,-56.750062525058475,2.5723905723905665,4.468275172137023
NTC,National Tea Company Limited,163.5,-2.212918660287075,-2.6785714285714284,-7.1022727272727275,0.3683241252301991,-5.545927209705369,-5.926352128883781,-15.721649484536082,-64.38684382487476,-73.19672131147541,-78.76623376623377,2.7240838322342817,3.9190661725537796
NTLTUBES,National Tubes Limited,62.4,-0.31948881789137834,1.9607843137254832,0.48309178743960896,-11.237553342816499,-30.89700996677741,-0.16000000000000228,-31.952017448200657,-39.47623666343356,1.6238483191572088,164.8111304358495,2.460429660776283,2.4869912091041395
NURANI,Nurani Dyeing & Sweater Ltd.,2.1,0.0,0.0,5.000000000000004,5.000000000000004,-32.25806451612903,5.000000000000004,-41.666666666666664,-72.72727272727272,-87.58975602580814,-87.58975602580814,4.0000000000000036,6.066756804291436
OAL,Olympic Accessories Ltd,5.5,1.8518518518518452,0.0,1.8518518518518452,-8.333333333333334,-28.571428571428573,-3.5087719298245643,-37.5,-31.25,-78.58160917208333,-77.21327998756684,3.4182658710960614,4.971015242416093
OIMEX,Oimex Electrode Ltd.,13.0,1.5624999999999944,2.3622047244094544,-18.238993710691826,-35.32338308457712,-49.416342412451364,-15.032679738562095,-56.22895622895623,-50.0,-73.92831799083602,-73.92831799083602,6.504139478311096,5.403400038087311
OLYMPIC,Olympic Industries PLC.,146.5,-0.2043596730245309,2.879213483146063,7.326007326007326,-1.1470985155195605,-12.275449101796408,6.468023255813958,-5.361757105943159,-20.853592652620204,-38.5928142190265,98.27067797676182,1.9688092817572849,1.84811699344864
ONEBANKPLC,One Bank PLC,7.2,0.0,2.85714285714286,5.882352941176476,1.4084507042253598,-13.253012048192776,2.85714285714286,-17.24137931034482,-21.55789438343978,-21.55789438343978,-21.55789438343978,2.837022132796785,3.2287993306203306
ORIONINFU,Orion Infusion Ltd.,388.0,0.051572975760698456,9.295774647887324,9.79060554612338,-20.032976092333055,12.268518518518512,14.084092913848862,0.857811281518069,438.14147018030513,578.3216783216783,743.4782608695652,3.5535041946149573,3.85628055381754
ORIONPHARM,Orion Pharma Ltd.,27.6,-0.36101083032490205,-4.166666666666664,-2.4734982332155453,-13.479623824451402,-17.61194029850746,1.4705882352941255,-26.4,-42.49999999999999,-25.806451612903228,-59.609755936,1.8875045222181783,2.5877446365916064
PADMALIFE,Padma Islami Life Insurance Ltd.,17.4,1.1627906976744147,6.097560975609756,7.407407407407403,-7.446808510638309,-21.26696832579187,4.191616766467062,10.126582278480997,-11.22448979591838,-24.07272698558414,-64.48755906943494,2.9875995318275104,3.6238276113017927
PADMAOIL,Padma Oil PLC,169.0,0.05920663114268462,0.0,0.17783046828690657,-13.333333333333334,-15.5,-0.2949852507374631,-9.383378016085791,-16.378030677882236,-5.58659217877095,-0.5882353935294075,0.628411836030107,1.0817138300679148
PARAMOUNT,Paramount Insurance PLC.,56.2,1.4440433212996466,12.175648702594811,28.310502283105034,34.44976076555025,38.423645320197046,29.19540229885058,39.108910891089124,-53.457556750804365,676.4740713643669,327.06073866036337,7.587055651091024,4.990893904967471
PDL,Pacific Denims Ltd.,4.0,2.5641025641025665,0.0,-13.04347826086956,-23.07692307692308,-41.1764705882353,-13.04347826086956,-48.05194805194805,-56.08695651648866,-79.69578056036164,-79.69578056036164,4.68286099865047,6.509179716409851
PENINSULA,The Peninsula Chittagong PLC,21.7,-0.9132420091324169,11.855670103092788,28.402366863905332,77.8688524590164,95.4954954954955,18.57923497267759,97.27272727272727,-3.124999999999997,22.598870056497177,-40.03947353430921,4.259563970757749,3.8672072397444444
PEOPLESINS,Peoples Insurance PLC,39.3,2.8795811518324457,5.361930294906166,10.084033613445362,7.08446866485012,23.58490566037735,8.264462809917356,33.22033898305084,-5.980861244019139,129.82456140350874,48.86363636363636,3.688576453338472,3.0892890537882653
PF1STMF,Phoenix Finance 1st Mutual Fund Units,5.5,3.7735849056603805,14.583333333333337,10.0,12.244897959183666,0.0,10.0,3.773584905660381,-36.04651162790697,19.565217391304355,-30.37974683544304,6.357882862869383,3.9460944042265
PHARMAID,Pharma Aids Limited.,504.0,1.0425020048115454,0.8201640328065659,-1.5625,-4.0,-19.732441471571903,2.231237322515213,-7.573812580231058,17.209302325581394,101.19760479041916,259.74304068522486,2.0830947061117437,2.4446349247146846
PHENIXINS,Phoenix Insurance PLC,31.1,2.302631578947378,8.741258741258742,13.090909090909095,11.870503597122305,22.924901185770754,16.044776119402986,21.011673151750983,-20.05141388174807,24.89959839357431,-30.580357142857135,5.807643182348984,4.435022867682642
PHOENIXFIN,Phoenix Finance and Investments Ltd.,3.1,0.0,19.23076923076923,14.814814814814811,6.896551724137938,-22.499999999999996,29.166666666666675,-8.823529411764701,-88.19047615448525,-81.35520711565168,-88.63793825235571,5.8278247933420335,9.319603172939008
PHPMF1,PHP First Mutual Fund Units 2010-,2.3,0.0,4.545454545454529,-8.000000000000007,-20.689655172413797,-32.352941176470594,-4.1666666666666705,-25.806451612903235,-61.01694915254238,-39.05000023161,-58.81521457224861,6.284584980237148,6.845527851248675
PIONEERINS,Pioneer Insurance PLC,53.3,1.7175572519083944,3.6964980544747057,11.740041928721162,3.4951456310679556,26.60332541567695,10.810810810810802,13.404255319148932,-7.108847685286906,120.38288452403002,26.682678512679473,4.315261013292037,3.0716814574095035
PLFSL,Peoples Leasing and Financial Services Ltd.,0.87,10.126582278481006,55.35714285714284,50.00000000000001,-3.333333333333336,-56.49999999999999,64.15094339622641,-63.74999999999999,-71.0,-94.2,-97.0371517054465,13.118920295390886,11.091060539068112
POPULAR1MF,Popular Life First Mutual Fund Units 2010-,2.3,0.0,0.0,-14.814814814814827,-20.689655172413797,-36.11111111111112,-4.1666666666666705,-23.33333333333334,-60.3448275862069,-36.5335447189404,-56.182063563994156,6.324110671936749,7.024841693605992
POPULARLIF,Popular Life Insurance Co. Ltd.,46.4,-0.42918454935622924,5.694760820045558,13.17073170731707,-4.918032786885243,-3.933747412008279,9.176470588235292,-6.262626262626265,-39.5045632333768,-41.41414141414142,-58.35897410912821,2.600931415821651,2.186723081186764
POWERGRID,Power Grid Co. of Bangladesh Ltd.,29.5,-1.0067114093959755,7.664233576642341,6.884057971014487,5.357142857142857,-15.714285714285714,9.665427509293686,-6.645569620253169,-45.67219152854511,-42.04322200392927,-45.67219152854511,2.6124535540317355,2.469108306431223
PRAGATIINS,Pragati Insurance PLC,77.8,-0.12836970474969,8.963585434173655,11.142857142857139,7.310344827586204,47.06994328922495,8.205841446453395,59.47509565132266,70.04887470660971,264.12978187129295,89.9145744178744,4.6582536116663915,3.478289041816219
PRAGATILIF,Pragati Life Insurance PLC,183.5,2.2284122562674096,14.6875,18.234536082474236,-28.208137715179966,63.98570151921357,24.15426251691474,61.10623353819138,120.28312486809402,172.36000456467056,151.89895987062053,4.612687940572171,4.004375377707608
PREMIERBAN,The Premier Bank PLC,4.1,2.499999999999991,0.0,0.0,-30.508474576271194,-44.594594594594604,2.499999999999991,-53.932584269662925,-58.305050216690745,-5.1675451355473765,-43.93031107663078,4.5256410256410255,4.944174852390514
PREMIERCEM,Premier Cement Mills PLC,38.0,-1.041666666666663,0.0,-9.090909090909085,-11.832946635730861,-24.752475247524753,-3.0612244897959253,-24.453280318091448,-37.602627257799675,-50.64935064935065,-63.80952380952381,3.6276427286622646,3.37220579384046
PREMIERLEA,Premier Leasing & Finance Limited,0.62,10.714285714285703,63.1578947368421,-6.060606060606066,-43.63636363636364,-80.0,14.814814814814808,-80.0,-92.79069767441861,-91.00801615345503,-95.42604289787033,3.136655592469548,7.985890131150333
PRIME1ICBA,Prime Bank 1st ICB AMCL Mutual Fund Units,4.4,2.32558139534885,4.761904761904766,2.32558139534885,0.0,-18.51851851851852,2.32558139534885,-6.382978723404252,-38.888888888888886,-4.347826086956506,-38.888888888888886,2.8128460686600327,2.9516432592614263
PRIMEBANK,Prime Bank PLC,30.9,-0.3225806451612949,-0.3225806451612949,6.185567010309268,13.186813186813177,6.551724137931029,7.291666666666659,32.52091999474207,80.98571356177143,97.95312395456006,3.577634514229203,1.4317634119627227,1.8758366608253187
PRIMEFIN,Prime Finance and Investment Ltd.,1.5,7.1428571428571495,53.06122448979592,25.000000000000004,-21.052631578947366,-66.66666666666667,36.36363636363635,-65.11627906976744,-89.43661971830987,-87.60330578512396,-94.47852758568256,15.580086580086583,12.13763300495958
PRIMEINSUR,Prime Insurance Company Limited,34.4,1.17647058823529,3.9274924471299006,12.786885245901635,9.206349206349202,-1.9943019943020024,15.050167224080269,-0.578034682080933,-12.020460358056273,129.33333333333331,-3.679999772684801,4.673393903742544,3.8532200773987824
PRIMELIFE,Prime Life Insurance Company Limited,37.2,-0.5347593582887586,7.204610951008645,11.71171171171173,-2.6178010471204187,4.494382022471914,12.727272727272736,13.761467889908255,-31.491712707182312,-1.1139238165608076,-59.0799999373924,5.45437934519494,4.116713385128727
PRIMETEX,Prime Textile Spining Mills Ltd.,13.0,0.7751937984496096,1.5624999999999944,-5.109489051094886,-2.2556390977443663,-8.450704225352109,-5.797101449275367,1.5624999999999944,-22.61904761904762,-30.85106382978724,-35.64356435643564,4.711171259842521,5.9091750191699575
PROGRESLIF,Progressive Life Insurance Co. Ltd.,47.8,3.4632034632034507,5.752212389380518,1.486199575371541,-5.7199211045365,4.1394335511982545,4.8245614035087625,24.479166666666664,-53.68217054263567,3.748456858638278,-36.10839361262459,3.091960705360364,4.874497030892501
PROVATIINS,Provati Insurance PLC,32.5,3.8338658146964835,8.333333333333334,17.32851985559567,-0.30674846625767305,4.501607717041796,13.240418118466902,-14.921465968586393,-46.98437498068243,213.67640535518169,74.00682400794875,4.41829058157045,3.63962226999132
PTL,Paramount Textile PLC,50.6,-1.3645224171539878,1.4028056112224507,-1.5564202334630295,-4.52830188679245,7.659574468085109,-2.3166023166023084,12.694877505567934,15.958333509686636,389.13344426879854,98.04809302589152,2.929932939219472,2.7157517752097093
PUBALIBANK,Pubali Bank PLC,36.5,0.0,-2.4064171122994615,22.483221476510064,32.72727272727273,33.699633699633694,18.122977346278322,41.59482740921336,82.59016749816969,169.17348349742727,82.06366985011064,2.895830365166402,3.683054939432486
PURABIGEN,Purabi General Insurance Co. Ltd.,21.2,1.9230769230769162,3.9215686274509842,9.278350515463922,1.9230769230769162,15.21739130434783,9.278350515463922,8.163265306122437,-22.541216302009673,130.08506031959865,-28.386530676692473,3.7406966050074413,3.1636971151062205
QUASEMIND,Quasem Industries Limited.,39.2,0.25575447570332843,3.703703703703719,3.4052756677880804,14.680850935728856,7.263681490646285,3.6538460392289203,62.10526296897508,14.923347683837173,-25.768536103515014,146.68287504468194,2.3481216014734234,2.7211933199447302
QUEENSOUTH,Queen South Textile Mills Ltd.,11.3,0.0,1.8018018018018114,-4.23728813559322,-6.611570247933875,-13.076923076923073,-5.042016806722686,-15.671641791044774,-50.504132428161256,-53.46449933329535,-53.46449933329535,2.5035300166879138,2.8740014092487898
RAHIMAFOOD,Rahima Food Corporation Ltd.,145.0,0.41551246537395725,5.839416058394161,-3.9735099337748343,11.538461538461538,19.834710743801654,-9.375,68.6046511627907,-17.33181299885975,260.6965174129353,743.0232558139535,4.5781130422432135,5.195439900459628
RAHIMTEXT,Rahim Textile Mills Ltd.,256.7,0.5483744614179308,14.598214285714281,2.3932987634623055,76.42611683848796,68.327868852459,20.346929207688692,110.06546644844516,12.736056214317085,137.9054569354546,536.4619844024966,6.011580207018348,5.06702017476431
RAKCERAMIC,RAK Ceramics (Baneladesh) Limited,23.5,0.8583690987124433,0.0,4.444444444444445,-1.2605042016806751,-3.688524590163929,5.855855855855858,3.9823008849557455,-13.284132841328416,-57.769801957347724,-41.45735297718019,2.7845025655523084,3.218021699390761
RANFOUNDRY,Rangpur Foundry Limited,148.8,0.7447528774543146,-0.7338225483655733,1.2244897959183751,-12.108682811577081,-3.56448476992871,4.128761371588527,11.127707244212102,24.000000000000007,32.975871313672926,140.00000000000003,2.009195622952997,3.7186310038551484
RDFOOD,Rangpur Dairy and Food Products Limited,20.4,0.9900990099009866,0.9900990099009866,0.0,-6.849315068493151,-17.741935483870975,1.999999999999993,-4.672897196261682,5.059999611278004,83.69310194637049,26.086945025576494,1.7961755300661613,3.2635469533692434
RECKITTBEN,Reckitt Benckiser (Bangladesh) PLC,3486.9,0.09472959007923361,1.5404775771694843,1.7597618630712712,4.108321141731105,-1.6611201985447597,1.9561403508771957,-18.909302325581393,-15.974263819943133,124.67139175257732,371.8403247631935,0.6228221209286334,1.083691975297588
REGENTTEX,Regent Textile Mills Ltd.,3.5,-2.77777777777778,-12.5,9.374999999999995,40.0,-7.894736842105259,-12.5,-5.40540540540541,-60.674157303370784,-82.94914830915421,-86.35931864865243,8.417710944026732,9.594343230077298
RELIANCE1,Reliance Insurance Mutual Fund Reliance One Units,15.1,-0.657894736842103,1.342281879194626,-7.926829268292677,-13.218390804597696,-15.642458100558654,-3.821656050955412,-33.480176211453745,15.267175572519085,115.71428571428571,65.93406593406594,5.098648724708758,6.131496528792869
RELIANCINS,Reliance Insurance PLC,72.3,0.41666666666666274,5.5474452554744484,11.230769230769226,7.111111111111107,27.06502636203866,10.550458715596315,26.61996497373029,17.94453507340946,124.9308827763455,49.72458011278617,2.702540825113003,2.5898110301765835
RENATA,Renata PLC,412.0,-0.41092579163644877,5.912596401028278,3.077307980985742,-9.191095437513773,-21.96969696969697,5.1020408163265305,-30.110262934690414,-58.05155716872415,-34.369415275357944,32.63100725283134,2.220855631882771,1.7989688579947203
RENWICKJA,Renwick Janeswar and Co. (BD) Limited,458.1,0.482561965343287,-3.4359190556492316,-15.166666666666663,-20.302713987473894,-35.34227240649258,-6.280687397708673,-31.626865671641784,-49.1,86.21951219512196,483.5668789808917,6.178466127973258,3.3036524088491013
REPUBLIC,Republic Insurance PLC,35.6,0.0,21.50170648464164,31.36531365313653,17.105263157894743,30.882352941176478,29.927007299270084,29.79166699114584,-11.024512346458856,318.9175419008298,73.57838934659281,8.046002483293659,4.689302421701557
RINGSHINE,Ring Shine Textiles Ltd.,2.6,-3.703703703703707,0.0,-16.129032258064516,-3.703703703703707,-16.129032258064516,-18.75,-33.33333333333333,-59.375,-82.493333335084,-82.493333335084,6.013431013431005,6.641402909135412
ROBI,Robi Axiata PLc,30.2,-0.3300330033003347,3.0716723549488005,6.71378091872791,0.6666666666666643,14.393939393939396,6.71378091872791,6.338028169014087,-53.25077399380804,101.33333333333333,101.33333333333333,1.4804889004233015,1.601766147163557
RSRMSTEEL,Ratanpur Steel Re-Rolling Mills Ltd,6.8,1.4925373134328304,-2.85714285714286,4.615384615384612,-2.85714285714286,-37.61467889908257,1.4925373134328306,-33.33333333333333,-73.33333333333333,-83.10501923003234,-84.99725701540585,3.623623961639768,6.047845438110852
RUNNERAUTO,Runner Automobiles PLC,37.2,-0.2680965147452931,1.086956521739146,3.910614525139681,29.61672473867597,28.275862068965527,0.5405405405405482,25.252525252525263,-30.206378986866785,-59.85611500971999,-59.85611500971999,2.400865114607923,3.5150148097983145
RUPALIBANK,Rupali Bank PLC,19.6,1.0309278350515612,1.5544041450777237,15.29411764705883,0.5128205128205201,-15.15151515151515,13.294797687861275,-13.656387665198228,-22.2533334763872,16.20636626368016,-34.633919153499,3.7360703779164393,5.024912338576388
RUPALIINS,Rupali Insurance Company Ltd.,24.3,2.5316455696202596,10.454545454545457,13.02325581395349,5.652173913043481,11.981566820276504,13.551401869158891,8.482142857142868,-36.71874999999999,70.95754942959296,-26.15799465801407,5.165792280007768,3.51309582709771
RUPALILIFE,Rupali Life Insurance Co. Ltd.,88.0,-0.5649717514124294,7.44810744810744,11.39240506329114,-14.645974781765274,5.515587529976012,11.959287531806623,-7.074973600844775,49.59999952128,179.22993411578906,-12.571662607606902,3.4809303196837904,2.697506755506885
SAFKOSPINN,Safko Spinning Mills Limited,13.6,-1.4492753623188481,0.7407407407407381,-1.4492753623188481,7.936507936507937,7.936507936507937,-1.4492753623188481,44.68085106382978,16.406779629449005,-22.55787807383291,-31.125942686945454,2.230043697674583,3.657441332474958
SAIFPOWER,SAIF Powertec Ltd.,4.9,2.0833333333333446,4.255319148936174,-1.999999999999993,-14.035087719298243,-36.36363636363636,-1.999999999999993,-60.8,-77.99152550933806,-75.61249669938783,-64.35244969569203,2.9432624113475216,3.613294008092959
SAIHAMCOT,Saiham Cotton Mills Ltd.,19.1,0.0,-2.051282051282044,-5.445544554455435,17.90123456790125,37.41007194244605,-2.5510204081632653,27.33333333333334,18.633540372670804,13.690476190476193,-26.021126823080735,2.6380603865214796,3.1452999652692566
SAIHAMTEX,Saiham Textile Mills Ltd.,21.2,-0.46948356807512404,3.41463414634146,30.061349693251525,42.28187919463086,48.25174825174824,22.543352601156062,40.397350993377486,-13.469387755102042,35.731707656402435,-9.54416964191218,3.845898472117107,4.742988802224122
SALAMCRST,S. Alam Cold Rolled Steels Limited,11.8,1.7241379310344922,2.6086956521739193,-21.854304635761583,-29.341317365269454,-46.11872146118721,-20.805369127516773,18.000000000000007,-46.60633484162896,-60.402684563758385,-75.21008403361343,3.8960737837593675,4.813931169735186
SALVO,Salvo Organic Industries PLC,29.1,0.0,2.1052631578947416,-6.430868167202572,2.4647887323943762,20.24793388429753,-3.960396039603958,19.75308641975309,106.38297872340428,127.61410647920559,69.97970865183541,1.8032773661417294,2.5987536328760807
SAMATALETH,Samata Leather Complex (Pvt.) Ltd.,91.4,0.0,-0.9750812567713885,6.900584795321644,0.4395604395604458,25.377229080932782,8.809523809523816,104.47427293064877,-14.499532273152479,257.19540109998786,521.519998011136,3.626876119699034,4.244110926379102
SAMORITA,Samorita Hospital Ltd.,71.0,0.28248587570621875,2.158273381294964,-0.8379888268156346,-6.94626474442988,8.396946564885496,-2.338376891334254,32.71028037383178,36.67500017904425,34.73652525449565,80.86273240278405,1.2056733551170469,1.7909243562989303
SANDHANINS,Shandhani Life Insurance Co.Ltd,21.3,0.4716981132075539,5.970149253731339,8.673469387755098,-4.054054054054048,4.926108374384237,10.362694300518134,6.500000000000003,-24.734982332155475,-0.4155836292555171,-49.97347546695995,3.7654019641379515,2.873411054235215
SAPORTL,Summit Alliance Port Limited,44.2,0.913242009132433,3.51288056206089,3.0303030303030405,2.314814814814815,87.28813559322033,4.988123515439433,93.01310043668124,27.37752161383285,9.257725836140773,109.72977946880002,1.9808665094557953,2.331536652925037
SBACBANK,SBAC Bank PLC.,6.4,0.0,6.666666666666672,4.918032786885258,-7.246376811594202,-23.80952380952381,3.225806451612906,-19.999999999999996,-38.88581808692453,-38.88581808692453,-38.88581808692453,3.523289097059594,4.193355178297708
SEAPEARL,Sea Pearl Beach Resort & Spa Ltd.,32.7,0.0,2.187500000000009,-2.0958083832335204,-8.146067415730334,-39.21933085501858,-0.9090909090909005,5.144694533762062,-58.6599241466498,36.25000034062502,36.25000034062502,3.1904361500700293,2.6610064243221863
SEMLFBSLGF,SEML FBLSL Growth Fund Units,5.1,1.9999999999999927,1.999999999999993,4.0816326530612095,-5.555555555555569,-12.068965517241383,4.0816326530612095,10.869565217391305,-46.875,-16.393442622950822,-16.393442622950822,4.457142857142852,3.6519765436563953
SEMLIBBLSF,SEML IBBL Shariah Fund Units,5.8,0.0,0.0,1.7543859649122744,-10.769230769230772,-17.142857142857146,0.0,-9.375000000000009,-50.0,-57.66423357664234,-57.66423357664234,4.537205081669691,2.4138085812433894
SHAHJABANK,Shahjalal Islami Bank PLC,17.1,0.0,0.0,4.907975460122704,3.636363636363645,-4.469273743016744,4.268292682926847,-5.524861878453038,-15.937954630185258,108.7545431840263,5.112322649948193,1.4042127662978647,1.9330291466338865
SHARPIND,Sharp Industries PLC,13.2,0.0,3.124999999999989,3.937007874015748,-12.000000000000004,-27.0718232044199,2.325581395348829,-44.537815126050425,-19.018404907975466,-19.018404907975466,-19.018404907975466,3.1082560187903727,2.718063707037436
SHASHADNIM,Shasha Denims PLC,16.1,0.0,-0.6172839506172708,1.8987341772151942,-12.972972972972965,-10.055865921787694,1.2578616352201324,-12.021857923497263,-25.462962962962962,-48.378631904114904,-51.76628433483944,1.7595240956615792,2.5248171395494645
SHEPHERD,Shepherd Industries PLC,12.5,0.0,-1.5748031496062938,-8.088235294117645,-14.96598639455782,-30.167597765363123,-6.716417910447763,-18.831168831168835,-15.149006984959538,-65.54861132173924,-65.54861132173924,3.204035817316698,3.2219377244155205
SHURWID,Shurwid Industries Ltd,4.1,-2.380952380952394,0.0,-8.888888888888896,-8.888888888888896,-46.05263157894737,-10.869565217391305,-49.382716049382715,-81.10599078341015,-76.13756616281738,-86.35131584322436,4.566752246469833,7.9231485842251566
SHYAMPSUG,Shyampur Sugar Mills Ltd.,131.0,-0.45592705167172826,4.8,-20.606060606060606,-28.493449781659386,-2.962962962962963,-13.81578947368421,23.468426013195103,191.11111111111111,1884.848484848485,1537.5,4.4123132057095935,7.624298626947023
SICL,"Sikder Insurance Co., Ltd.",22.3,1.82648401826485,7.729468599033823,17.989417989418,7.729468599033823,2.7649769585253523,20.540540540540544,0.9049773755656075,-17.407407407407405,-17.407407407407405,-17.407407407407405,5.804991258243959,3.9748006045669424
SILCOPHL,Silco Pharmaceuticals Ltd.,14.5,0.0,5.072463768115937,8.208955223880595,0.694444444444442,-7.643312101910824,5.839416058394166,-11.585365853658528,-35.55555555555556,-40.48507469126615,-40.48507469126615,3.5811129922473173,3.1264266469216957
SILVAPHL,Silva Pharmaceuticals Ltd.,10.2,0.0,10.869565217391305,6.2499999999999964,-0.9708737864077808,-9.734513274336296,6.2499999999999964,4.0816326530612095,-44.86486486486487,-71.81578940322369,-71.81578940322369,5.298120696728127,3.7097124185573804
SIMTEX,Simtex Industries PLC,21.6,0.46511627906977404,5.365853658536592,-0.4608294930875478,-23.40425531914893,33.33333333333335,-3.999999999999994,19.337016574585633,39.35483870967742,34.23854986420048,-19.82464694120719,3.000987325803001,3.440755811124387
SINGERBD,Singer Bangladesh Limited,86.9,0.4624277456647464,2.3557126030624262,-2.13963963963963,-17.00095510983763,-28.712059064807217,2.2352941176470655,-21.782178217821777,-52.252747252747255,-35.26074504800112,-14.364766612152218,3.7253525913565695,2.6263545339053245
SINOBANGLA,Sinobangla Industries Ltd.,46.5,0.0,10.978520286396185,4.49438202247191,8.64485981308412,6.407322654462235,1.5283842794759888,13.138686131386859,23.571611854703505,87.07900367125002,155.6506564940899,3.2616177184171042,4.11116055860587
SIPLC,Sena Insurance PLC,59.8,1.5280135823429517,6.78571428571428,11.152416356877325,4.912280701754381,21.79226069246435,12.195121951219512,40.705882352941174,25.104602510460253,25.104602510460253,25.104602510460253,4.588269576752457,3.3014821527040374
SKTRIMS,SK Trims & Industries Ltd.,7.5,1.3513513513513467,-3.846153846153844,-5.06329113924051,-6.25,-27.88461538461539,-8.53658536585365,-47.916666666666664,-87.94212218649517,-79.83333337420444,-79.83333337420444,4.939734254802743,5.702106281338002
SONALIANSH,Sonali Aansh Industries Limited.,183.2,-0.05455537370432227,0.16402405686166371,-3.0687830687830746,-2.9661016949152663,-2.8116710875331625,-4.78170478170479,-15.263644773358003,173.3818317478082,1158.0257510729614,1257.037037037037,1.687370828310317,2.3152918565438596
SONALILIFE,Sonali Life Insurance Company Ltd,67.2,1.8181818181818226,8.212560386473431,8.914100486223662,-0.14858841010400345,7.0063694267516015,10.344827586206904,58.11764705882354,510.90909090909093,510.90909090909093,510.90909090909093,3.430544664714245,3.3802201936261826
SONALIPAPR,Sonali Paper & Board Mills Ltd.,227.0,0.7992895204262928,0.9337483325922606,3.2287403365165956,-9.920634920634921,42.94710327455918,-4.016913319238901,63.66258111031004,48.64966598561827,50.40261000701503,50.40261000701503,1.6716191001523655,3.1322724614508406
SONARBAINS,Sonar Bangla Insurance Ltd.,28.4,2.158273381294956,8.812260536398457,14.516129032258055,2.8985507246376705,12.698412698412696,12.252964426877462,12.252964426877462,-44.777777639722224,142.07045485306958,29.942178315766753,4.977751001842112,5.1685168274788555
SONARGAON,Sonargaon Textiles Limited.,32.0,1.5873015873015872,4.575163398692806,7.744107744107747,10.344827586206897,-6.158357771261001,2.893890675241153,-7.780979827089345,30.612244897959183,236.8421052631579,71.42857185714286,3.54874268052034,4.439949727922737
SOUTHEASTB,Southeast Bank PLC,9.5,2.1505376344085945,1.0638297872340388,6.741573033707861,6.741573033707861,15.853658536585375,4.3956043956043995,7.954545454545446,-19.652571018646334,-19.907489001848138,-25.390745335953824,1.7067032715625654,2.819173866517884
SPCERAMICS,Shinepukur Ceramics PLC,15.7,-1.8750000000000044,7.534246575342464,6.081081081081071,-2.484472049689454,-28.959276018099555,7.534246575342464,22.65624999999999,-42.279411764705884,41.44144144144144,-30.82375499070478,5.1175704773753345,5.023024128774776
SPCL,Shahjibazar Power Co Ltd,49.6,0.8130081300812979,4.4210526315789505,12.72727272727273,28.49740932642487,10.961968680089482,4.4210526315789505,58.466453674121404,-37.015872911899216,-44.523533144642734,91.01339989231198,1.9998741868379712,2.709699060972338
SQUARETEXT,Square Textiles PLC,50.0,0.20040080160320925,1.214574898785428,2.669404517453793,-7.918968692449351,1.214574898785428,3.0927835051546393,-0.5964214711729566,47.05882352941177,-19.472111227318067,-34.47814321862174,1.6210793706503255,1.9975488626678057
SQURPHARMA,Square Pharmaceuticals PLC,217.4,0.0920810313075585,3.7708830548926042,7.0935960591133025,1.8266978922716655,-1.983769161406675,9.246231155778897,-0.04597701149425026,-4.523495827843647,20.249815677733356,107.68953353495658,0.9968108529408262,1.1764516257784985
SSSTEEL,S.S. Steel Ltd,3.9,2.631578947368424,0.0,0.0,-22.000000000000004,-35.0,-4.8780487804877986,-53.01204819277109,-80.22535220068717,-89.53739212274631,-89.53739212274631,3.1863442389758188,4.058319262612891
STANCERAM,Standard Ceramic Industries Ltd.,63.3,5.499999999999996,4.455445544554448,-20.67669172932331,5.499999999999996,-12.083333333333336,-9.700427960057059,-5.097451274362827,-79.44137707047742,19.43396226415094,158.36734693877548,7.063955722951356,6.34617563814164
STANDARINS,Standard Insurance PLC,42.3,0.9546539379474906,2.669902912621345,5.486284289276798,10.732984293193702,-6.000000000000006,8.184143222506382,34.71337579617834,3.170731707317066,318.45560642755646,62.06355501614316,3.5122793991524115,3.9290786650201484
STANDBANKL,Standard Bank PLC,4.9,0.0,2.0833333333333446,2.0833333333333446,-9.25925925925926,-27.94117647058823,2.0833333333333446,-18.33333333333333,-43.968382478865166,-1.3774020482218854,-45.90929828722145,3.3510638297872415,3.8080203463742115
STYLECRAFT,Stylecraft Limited,45.3,0.8908685968819567,3.8990825688073296,-9.036144578313253,-21.896551724137936,-36.19718309859156,-4.025423728813571,-19.538188277087034,-69.14168937329701,22.061959408295923,84.45137056943108,3.3472361872996923,3.059407629579545
SUMITPOWER,Summit Power Ltd.,12.3,0.0,0.0,-2.3809523809523725,-15.75342465753424,-19.078947368421048,-0.8064516129032229,-16.89189189189189,-77.51371115173676,-68.20000012084,-73.20958907871255,1.9672571742652858,2.1989224867979242
SUNLIFEINS,Sunlife Insurance Co. Ltd.,54.4,0.927643784786642,-1.2704174228675187,2.4482109227871884,11.247443762781186,-3.716814159292038,3.225806451612895,-20.46783625730995,133.4763948497854,57.18980118762528,-41.18272041391131,3.233295330456657,3.773522218788583
TAKAFULINS,Takaful Islami Insurance PLC,33.9,2.4169184290030126,7.278481012658219,-0.5865102639296271,-3.142857142857147,-2.58620689655172,-0.2941176470588277,-3.142857142857147,-27.40899357601714,130.73774174301315,10.407468104965439,3.269106303804548,3.56045689614908
TALLUSPIN,Tallu Spinning Mills Limited,7.7,-1.2820512820512775,-2.531645569620255,35.08771929824561,40.00000000000001,40.00000000000001,22.22222222222223,50.98039215686276,57.14285714285714,-69.44444444444444,-66.52173915954631,6.1461038961039005,7.524269981950751
TAMIJTEX,Tamijuddin Textile Mills PLC,121.0,0.49833887043188896,-0.5751848808545628,-1.1437908496732072,10.916666555750002,8.211382005609762,-3.9682539682539684,21.220400604948225,817.9310332166468,817.9310332166468,817.9310332166468,3.428311511588831,3.6121803234806604
TECHNODRUG,Techno Drugs Ltd.,31.8,0.31545741324921583,4.9504950495049505,7.796610169491528,2.5806451612903247,-5.0746268656716405,8.9041095890411,-12.637362637362632,20.454545454545464,20.454545454545464,20.454545454545464,2.605466118739223,3.012748158027125
TILIL,Trust Islami Life Insurance Ltd.,49.7,1.0162601626016259,6.423982869379015,12.443438914027148,3.757828810020886,11.685393258426972,11.936936936936947,38.44011142061283,351.81818181818187,351.81818181818187,351.81818181818187,3.71156906885303,3.3146681483071654
TITASGAS,Titas Gas Transmission and Distribution PLC,16.6,0.0,7.792207792207799,7.096774193548396,-6.214689265536712,-23.853211009174306,6.410256410256421,-19.024390243902435,-55.733333333333334,-65.98360655737704,-73.98119122257053,2.6204314539032545,2.313177334020025
TOSRIFA,Tosrifa Industries Ltd,16.9,0.5952380952380826,0.5952380952380826,-2.873563218390805,-2.3121387283237116,-15.075376884422111,-0.5882352941176554,-11.052631578947375,33.24999946699999,-5.75841985086801,-61.0763425861147,2.287417260843899,2.9482558208620886
TRUSTB1MF,Trust Bank 1st Mutual Fund Units,2.3,0.0,0.0,-11.538461538461549,-23.33333333333334,-39.473684210526315,-4.1666666666666705,-34.28571428571429,-64.61538461538461,-41.44857165457995,-64.78930028279474,4.426877470355729,5.087902012387138
TRUSTBANK,Trust Bank PLC,18.1,0.0,0.5555555555555635,5.232558139534897,6.470588235294126,-10.396039603960386,4.0229885057471435,-3.740908561484089,-7.752988176565932,77.74476059191414,81.60877695593241,1.3390246693926804,1.9139958701205542
TUNGHAI,Tung Hai Knitting & Dyeing Ltd,1.5,-6.250000000000005,0.0,-11.76470588235294,-11.76470588235294,-42.307692307692314,-6.250000000000005,-50.0,-53.12500000000001,-87.77777779497943,-93.95000001226133,12.190476190476192,9.714076858813705
UCB,United Commercial Bank PLC,9.9,0.0,-2.941176470588225,-3.883495145631071,0.0,-7.476635514018682,-5.714285714285711,11.235955056179774,-21.698532083092786,-26.142140127236456,-21.930670356745754,2.455291394908474,2.3263863875295177
UNILEVERCL,Unilever Consumer Care Limited,2187.4,0.0,1.6922361692236212,-1.9103139013452874,-8.553511705685615,-12.328657314629256,1.2685185185185228,-13.267248215701821,15.884904473361813,94.43555555555557,554.1757009345795,1.034558034928934,1.5156350756225314
UNIONCAP,Union Capital Limited,3.3,3.124999999999989,9.999999999999995,9.999999999999995,-10.81081081081082,-36.53846153846154,17.857142857142858,-46.7741935483871,-64.51612903225808,-74.2034923935804,-82.55391746303711,5.103372434017594,7.062445900975314
UNIONINS,Union Insurance Co. Ltd,38.4,1.3192612137203166,2.6737967914438503,2.6737967914438503,15.662650602409624,7.865168539325834,4.347826086956526,47.126436781609186,249.0909090909091,249.0909090909091,249.0909090909091,3.3644975878993293,3.859387058726647
UNIQUEHRL,Unique Hotel & Resorts PLC,38.8,0.2583979328165228,0.5181347150258957,1.5706806282722363,3.191489361702116,-4.197530864197538,1.3054830287206267,-10.185185185185198,-1.7721518987341844,-23.921568627450984,-69.37647987371744,1.7823435565893695,1.7471383952749289
UNITEDFIN,United Finance PLC,12.0,0.8403361344537785,1.694915254237282,4.3478260869565215,0.0,-12.408759124087588,3.448275862068969,-0.8264462809917327,-38.775510204081634,-35.60619444476411,-48.52636640539399,2.5571347750029068,2.5532886897533844
UNITEDINS,United Insurance Company Limited,44.8,0.6741573033707802,4.1860465116279,9.268292682926822,4.428904428904426,20.754716981132063,7.177033492822967,10.344827586206884,-11.287128712871292,58.21866783545433,17.345004707779434,4.45523186617185,3.7494922459112665
UPGDCL,United Power Generation & Distribution Co. Ltd.,120.6,-0.33057851239669894,0.4999999999999953,3.165098374679203,-15.723270440251573,-11.842105263157906,3.8759689922480622,-2.898550724637688,-55.96933187294633,17.6678803908513,116.20872652343147,1.1225709925088876,1.4829424416469543
USMANIAGL,Usmania Glass Sheet Factory Limited,30.8,1.65016501650165,-2.22222222222222,-7.228915662650609,-4.938271604938265,-10.982658959537574,-9.411764705882351,-16.07629427792916,-31.555555555555557,-54.701878591881176,-36.48692982510493,2.9082592651884647,3.620766961262726
UTTARABANK,Uttara Bank PLC,24.1,0.0,0.41666666666667257,11.574074074074073,14.761904761904768,10.550458715596333,5.240174672489096,18.9810924307258,62.77626683503578,130.89637411926807,48.772808658693044,1.1664073395353698,2.0965296335456465
UTTARAFIN,Uttara Finance and Investments Limited,10.2,1.9999999999999927,7.368421052631572,0.9900990099009866,-15.702479338842979,-41.37931034482758,3.0303030303030196,-36.25000000000001,-76.60550458715598,-82.89137375914537,-85.58017133703468,5.7043992469653375,6.234163294900495
VAMLRBBF,Vanguard AML Rupali Bank Balanced Fund Units,5.7,1.7857142857142954,1.7857142857142954,5.555555555555552,-10.937500000000002,-8.064516129032258,0.0,21.27659574468085,-48.64864864864865,-48.18181818181818,-48.18181818181818,2.1688311688311743,3.007364625901102
VFSTDL,VFS Thread Dyeing Ltd.,12.3,-0.8064516129032229,4.23728813559322,-0.8064516129032229,32.25806451612903,66.21621621621622,-3.90625,61.84210526315791,-42.59999986989333,-48.077534035331574,-48.077534035331574,4.467210911778539,4.206150484200672
WALTONHIL,Walton Hi-Tech Industries PLC,382.6,-0.3386298515238225,2.8494623655914038,2.436412315930394,-1.6452442159382974,-8.528580834569398,0.6842105263157955,-17.526945016292057,-59.10009722262974,11.33862422728572,11.33862422728572,1.2475209907665212,1.1640338897961473
WATACHEM,Wata Chemicals Ltd.,138.2,0.6554989075018042,0.8759124087591158,0.14492753623187582,14.214876033057841,9.769658459094504,-2.676056338028177,18.830610490111773,-54.95436766623208,64.06333025991154,555.0104169429992,2.1368670233873654,3.717403561304776
WMSHIPYARD,Western Marine Shipyard Limited,8.3,0.0,7.792207792207799,0.0,1.2195121951219687,-8.79120879120878,1.2195121951219687,-16.999999999999993,-29.059829059829053,-43.719411724886264,-75.89314804586185,5.612752686310074,4.387205284785059
YPL,Yeakin Polymer Ltd.,16.0,1.9108280254777117,-0.621118012422369,-12.087912087912086,0.0,4.575163398692806,-9.604519774011296,35.593220338983045,30.081300813008124,-36.14658144788363,-36.14658144788363,2.5416061925495903,4.187652826310193
ZAHEENSPIN,Zaheen Spinning PLC,4.0,2.5641025641025665,0.0,-4.761904761904766,-2.439024390243894,-42.857142857142854,0.0,-42.02898550724638,-36.507936507936506,-73.318995762086,-71.89423021141907,2.5641025641025683,4.156195335845362
ZAHINTEX,Zahintex Industries Ltd.,6.0,0.0,0.0,3.448275862068969,11.111111111111104,36.36363636363635,3.448275862068969,25.000000000000004,-6.250000000000005,-68.87336261319966,-74.70709693773583,3.782634552482897,4.743656716815971
ZEALBANGLA,Zeal Bangla Sugar Milla Limited,136.5,2.094240837696344,-2.4303073624017193,-11.535968891769286,48.369565217391305,56.89655172413793,-4.545454545454546,51.49833518312987,-9.602649006622517,2032.8125,1468.9655172413795,5.228742312485098,8.658121570994746
