Symbol,Name,Price,Change %,Perf % 1W,Perf % 1M,Perf % 3M,Perf % 6M,Perf % YTD,Perf % 1Y,Perf % 5Y,Perf % 10Y,Perf % All Time,Volatility 1W,Volatility 1M
1JANATAMF,First Janata Bank Mutual Fund Units,3.5,0.0,-5.40540540540541,-12.5,16.666666666666668,25.000000000000007,34.615384615384606,12.90322580645161,-63.54166666666667,-13.170213076327755,-35.62366207921435,4.606909430438848,5.604938718599562
1STPRIMFMF,Prime Finance First Mutual Fund 2009 Units,21.2,-0.46948356807512404,-15.537848605577697,-13.469387755102042,12.765957446808503,10.416666666666668,5.9999999999999964,7.614213197969543,0.4739336492890894,161.7283950617284,-30.718954248366018,5.070845058262745,4.730936014397857
AAMRANET,aamra networks ltd,20.0,-3.3816425120772915,-3.8461538461538494,-1.4778325123152745,19.047619047619044,18.343195266272197,12.359550561797748,5.2631578947368425,-52.435937422547504,-66.80251309583676,-66.80251309583676,5.381560593018221,3.6773178590558033
AAMRATECH,Aamra Technologies Limited,17.2,-1.7142857142857182,-22.171945701357476,-2.2727272727272845,29.32330827067668,33.33333333333332,39.83739837398373,35.43307086614173,-41.37620600455744,-16.403493564297918,-41.5056667930973,8.872341109183212,7.0972822310246855
ABB1STMF,AB Bank 1st Mutual Fund 2011 Units,3.6,2.85714285714286,-5.2631578947368345,-12.195121951219503,16.129032258064516,24.137931034482765,33.33333333333333,12.499999999999996,-52.63157894736842,-6.608653657198507,-46.29997601309429,5.0326040326040316,5.756687483904272
ABBANK,AB Bank PLC,4.7,0.0,-4.081632653061228,-5.9999999999999964,6.818181818181814,-29.850746268656717,14.63414634146343,-17.543859649122805,-67.48539329546858,-64.15264593831758,-79.57734878354464,2.554347826086967,3.061179275964103
ACFL,Aman Cotton Fibrous PLC,23.1,0.4347826086956583,3.587443946188344,0.0,10.5263157894737,29.050279329608955,28.33333333333334,21.57894736842106,-49.891540130151846,-61.5,-61.5,3.12431188632277,3.7292072504898828
ACI,Advanced Chemical Industries PLC,188.7,-0.21152829190904582,-5.128205128205137,-6.166086524117357,1.9999999999999938,-14.61538461538462,-3.2307692307692366,-2.27861211807354,-22.47184420463301,-27.638875294425524,203.00692666704782,2.3771417059725404,1.9080591174679027
ACIFORMULA,ACI Formulations PLC,160.6,0.4377736085053087,-5.695830886670591,-8.228571428571431,14.387464387464378,6.924101198402134,24.49612403100775,1.7099430018999293,0.3750002509375,0.6746271142027394,132.91436522316988,2.9851182978975634,3.6270699568818734
ACMELAB,ACME Laboratories Ltd.,79.3,-0.5018820577164437,-3.9951573849878903,-4.457831325301208,3.120936280884254,-0.6265664160401003,11.220196353436185,-3.6452004860267317,-13.048245614035093,-27.314390467461042,-41.25925925925926,1.7285914479760076,1.5616081807811362
ACMEPL,ACME Pesticides Ltd,24.7,0.4065040650406417,2.066115702479339,10.762331838565016,0.816326530612242,42.77456647398843,55.34591194968553,52.46913580246914,124.54545454545455,124.54545454545455,124.54545454545455,4.922889558340292,5.318424677083076
ACTIVEFINE,Active Fine Chemicals Ltd.,6.2,0.0,-10.144927536231886,-7.462686567164179,-8.823529411764701,-10.144927536231886,14.814814814814811,-31.11111111111111,-74.05857740585775,-75.8199999235912,-78.97391289574715,4.384288723791634,3.7302375072744796
ADNTEL,ADN Telecom Ltd.,61.7,-0.6441223832528157,-4.341085271317825,-8.047690014903116,0.0,-5.076923076923072,6.563039723661493,-22.971285892634196,-2.68138801261829,52.34567901234569,52.34567901234569,2.56043838991758,2.3948972327904974
ADVENT,Advent Pharma Ltd.,14.4,-0.6896551724137907,-8.860759493670887,-7.692307692307688,1.4084507042253598,2.1276595744680904,7.462686567164179,0.0,-48.09894009915329,-60.90054424742668,-60.90054424742668,3.264959924144777,3.285244695734303
AFCAGRO,AFC Agro Biotech Ltd.,6.7,0.0,-6.944444444444445,-6.944444444444445,-4.285714285714283,-10.666666666666664,34.00000000000001,-12.987012987012987,-79.6969696969697,-79.17283268036905,-70.75952496996126,2.968545190478997,3.542791645184564
AFTABAUTO,Aftab Automobiles Ltd.,28.1,-0.35460992907800665,-3.7671232876712257,-7.565789473684202,-8.469055374592827,-3.4364261168384878,-17.836257309941523,-27.577319587628857,-17.385999581807926,-40.9899997037698,-58.69299966338926,1.5648464876078918,2.2487203366792143
AGNISYSL,Agni Systems PLC,28.8,-2.702702702702705,-8.860759493670887,-11.656441717791413,6.666666666666669,29.14798206278027,38.46153846153846,9.92366412213741,20.000000000000004,86.25474997307875,55.39644170961575,3.58407808507086,3.7940031336573896
AGRANINS,Agrani Insurance PLC,29.4,-0.33898305084746244,-6.962025316455705,2.4390243902439,20.491803278688526,22.499999999999996,23.529411764705873,13.076923076923073,-36.22184980506816,246.88728704415408,78.19935710254227,4.220289270877691,4.49682803395477
AIBL1STIMF,AIBL 1st ISLAMIC Mutual Fund 2010- Units,5.3,0.0,-11.66666666666667,-19.696969696969695,35.8974358974359,39.473684210526315,55.88235294117647,29.268292682926834,-43.010752688172055,-26.388888888888893,-31.168831168831172,6.004109796562626,6.600530365566156
AIL,Alif Industries Ltd.,34.7,-0.2873563218390641,-7.7127659574468055,-6.216216216216209,5.471124620060803,21.754385964912288,-14.74201474201474,-41.68067226890756,-11.847575139170818,-68.58315393541636,-68.58315393541636,3.671773608057517,3.1841188538861602
AL-HAJTEX,Alhaj Textile Mills Limited,86.0,0.4672897196261749,-11.248710010319922,-15.686274509803921,-9.473684210526315,-33.48801237432328,-37.31778425655976,-46.58385093167702,49.56521739130435,4.154685761742132,271.42359732622396,4.063250862768815,3.177402700167402
ALARABANK,Al-Arafah Islami Bank PLC,17.7,1.7241379310344869,8.588957055214715,1.724137931034487,26.428571428571423,7.926829268292687,17.999999999999996,2.906976744186047,-29.36328422774476,54.147902283889,-1.081512319468021,7.362852000900967,4.217674589220449
ALIF,Alif Manufacturing Company Ltd.,5.5,0.0,-6.7796610169491585,0.0,1.8518518518518452,19.565217391304355,37.5,-1.7857142857142796,-66.04938271604938,-32.0086635648747,-67.43067173166543,4.331890331890336,4.197723948302394
ALLTEX,Alltex Industries Limited,24.8,1.6393442622950907,1.639344262295091,27.835051546391767,43.35260115606936,61.03896103896104,85.07462686567163,110.16949152542372,34.05405405405406,24.000000000000004,224.5432087706923,4.15031135185454,4.271614554677788
AMANFEED,Aman Feed PLC,36.9,-0.5390835579514901,-5.867346938775521,-2.894736842105267,16.403785488958988,49.392712550607285,60.43478260869564,45.275590551181104,-48.39160839160839,-38.382194437450835,10.03660623563904,2.789100121577658,3.2943352282543907
AMBEEPHA,Ambee Pharmaceuticals PLC,763.1,-0.41759102179302254,-2.9134860050890556,-6.711491442542785,-1.788931788931786,-2.166666666666664,5.986111111111113,-6.9390243902439,73.43181818181819,31.79620034542315,308.25680056084747,2.56628867439077,1.8625022374705673
AMCLPRAN,Agricultural Marketing Co. Ltd.,217.1,-1.4078110808356015,-6.220302375809937,-5.935875216637789,0.04608294930875314,0.5092592592592566,7.315867523479971,-11.17021276595745,2.4056603773584877,-3.037070120589554,76.5040650406504,2.837876948986398,2.6261204345381395
ANLIMAYARN,Anlima Yarn Dyeing Ltd.,32.8,0.6134969325153243,-6.285714285714294,-2.67062314540061,34.42622950819672,63.18407960199002,57.692307692307665,41.37931034482758,-34.268537074148306,-0.30395136778115933,63.999999999999986,2.0147684035438487,4.142840666085058
ANWARGALV,Anwar Galvanizing Ltd.,103.6,0.29041626331074266,-9.122807017543863,-7.664884135472379,4.120603015075371,1.3698630136986218,19.630484988452658,21.882352941176464,-45.93215467902206,170.58341530195605,1182.0499921955206,3.410624556111613,2.844601284866647
AOL,Associated Oxygen Ltd,17.0,-0.5847953216374352,-11.45833333333333,-2.2988505747126355,-1.7341040462427786,4.938271604938276,11.8421052631579,25.925925925925927,-69.78405318139306,30.967999289839117,30.967999289839117,4.13082973302315,3.1403160877614917
APEXFOODS,Apex Foods Limited,275.0,0.10921004732435799,-4.580152671755721,-1.3983506633201783,-1.9258202567760263,15.546218487394958,11.879576891781932,5.001909125620475,77.41935483870968,113.34367726920092,284.0782122905028,2.4931882416016107,3.077872417850725
APEXFOOT,Apex Footwear Ltd.,211.0,-0.8924377642085513,-1.6317016317016317,-2.224281742354037,4.249011857707507,9.895833333333334,17.679866146123807,14.226938068427891,58.880953583845404,7.308242305975534,58.33497092527685,1.2833878072630698,1.3907766397100028
APEXSPINN,Apex Spinning and Knitting Mills Ltd.,335.6,-0.7394262052647146,-3.8395415472779306,-13.056994818652845,4.875000000000007,56.456876456876465,86.44444444444446,114.99039077514416,154.04996214988648,225.82524271844665,379.4285714285715,5.219862985663044,4.191092570030008
APEXTANRY,Apex Tannery Limited.,99.8,0.10030090270811867,-7.678075855689175,-4.038461538461541,-10.892857142857144,38.61111111111111,67.44966442953019,26.169405815423524,-14.846416382252563,-34.813847158719796,36.52530779753763,3.900966598032484,3.9274364293193003
APOLOISPAT,Appollo Ispat Complex Ltd.,3.1,0.0,-6.060606060606053,-3.1250000000000027,-8.823529411764701,10.714285714285726,82.3529411764706,10.714285714285726,-76.15384615384616,-75.07400014754906,-87.27307767662282,5.184139784946231,6.109077261936498
ARAMIT,Aramit Limited,217.8,0.9267840593141797,0.5540166204986229,3.7142857142857197,28.117647058823536,25.533141210374644,19.86791414419374,-4.8908296943231395,-35.92233009708737,-51.362215274676196,2.735849056603779,5.669804421738195,4.839010857513402
ARAMITCEM,Aramit Cement Limited,11.8,1.7241379310344922,-11.278195488721805,-5.599999999999994,-1.6666666666666607,-7.8125,34.090909090909086,6.3063063063063165,-80.62397372742198,-67.84741144414168,-67.3493337148702,7.393699398665026,6.334460071305277
ARGONDENIM,Argon Denims Ltd.,21.1,-1.4018691588784915,-7.048458149779726,0.9569377990430759,16.574585635359114,19.886363636363633,19.886363636363633,13.440860215053762,-16.918750173951366,28.877089260927402,-45.27680496031207,4.288877476803804,4.564897933791058
ASIAINS,Asia Insurance PLC,42.6,0.0,-9.936575052854113,1.428571428571432,9.230769230769234,-0.2341920374707293,54.90909090909092,52.14285714285715,-55.1578947368421,249.1803278688525,28.904899438206026,4.403960685655745,4.370116033239084
ASIAPACINS,Asia Pacific General Insurance PLC,49.2,-0.20283975659228054,-8.888888888888884,13.103448275862075,18.26923076923077,23.30827067669174,55.696202531645575,41.78674351585014,-30.014224751066852,239.31034482758625,45.132743362831874,4.977830598485693,4.725408874167478
ASIATICLAB,Asiatic Laboratories Ltd,113.8,0.441306266548985,-6.568144499178982,-8.003233629749397,-9.825673534072903,81.21019108280255,136.09958506224064,102.13143872113677,98.60383944153578,98.60383944153578,98.60383944153578,4.484411916643599,4.405396516882571
ATLASBANG,Atlas Bangladesh Limited,84.0,0.0,-3.8901601830663677,-10.25641025641025,16.34349030470914,45.328719723183404,48.14814814814814,32.91139240506328,-32.14862681744749,-12.594594554671582,-25.3217557626682,4.634270310630599,4.309476993700729
AZIZPIPES,Aziz Pipes Limited.,80.0,-2.9126213592233077,-1.1124845488257178,5.2631578947368425,25.0,48.148148148148145,70.94017094017096,45.985401459854025,-36.80884676145339,70.8671599503753,414.5000037577794,3.2053229220059425,3.3604880899527596
BANGAS,Bangas Limited,125.0,-1.0292953285827373,-8.088235294117647,-8.088235294117647,-6.085649887302776,-0.6359300476947514,-4.141104294478532,-3.772132409545809,-6.85543964232488,-27.781100512530998,-10.848420957691259,2.855914815571124,2.4009633302225994
BANKASIA,Bank Asia PLC,17.3,1.1695906432748495,-2.8089887640449436,-5.978260869565206,-1.7045454545454584,-10.188995583364237,2.0135865091034537,2.0135865091034537,2.2155935363859545,65.55580983099071,48.824521346681784,2.452204676236793,1.5503809400822193
BARKAPOWER,Baraka Power Ltd.,9.9,-0.9999999999999963,-10.810810810810805,23.750000000000004,20.731707317073187,22.22222222222223,45.58823529411766,-6.603773584905654,-67.64705882352942,-55.85339934198466,-56.36983147256415,7.191866334723473,7.065004669426595
BATASHOE,Bata Shoe Co. (Bangladesh) Ltd.,910.0,0.44150110375275936,-0.6550218340611353,1.8580702932616995,6.432748538011696,7.819905213270142,13.170003730879241,4.730118540683625,25.34435261707989,-24.166666666666668,76.69902912621359,0.679029126646177,0.9970673804580317
BATBC,British American Tobacco Bangladesh Co Ltd,236.6,-0.37894736842105503,-2.6337448559670804,2.869565217391302,11.131986848285576,-14.892086330935255,-4.596774193548389,-18.35748792270532,-58.41096853577078,-14.823998295798551,154.10501701224229,1.8710453094812678,2.9200768499447958
BAYLEASING,Bay Leasing and Investment Ltd.,4.7,2.1739130434782727,-11.320754716981126,-9.615384615384615,4.444444444444448,-14.545454545454543,42.424242424242436,30.555555555555557,-85.2686566818982,-66.17010347992397,-82.0880123175236,3.722676859828113,5.7235754153305916
BBS,Bangladesh Building Systems PLC,12.7,-2.307692307692313,-13.013698630136988,-15.333333333333337,-3.0534351145038197,22.115384615384603,38.04347826086957,20.952380952380945,-43.30357142857142,-48.07507055914097,-41.428679346065024,6.454763350397409,4.143947437852763
BBSCABLES,BBS Cables PLC,17.9,-2.1857923497267873,-16.35514018691589,-19.369369369369373,-23.82978723404256,5.91715976331361,17.76315789473684,13.291139240506315,-70.97830867994672,-38.078352511678325,-38.078352511678325,4.602157290079177,3.666833007082684
BDAUTOCA,Bangladesh Autocars Limited,205.0,0.14655593551539395,-5.573468447719943,-2.1479713603818618,-6.733393994540497,41.37931034482759,61.41732283464567,38.513513513513516,38.983050847457626,639.1029921314822,849.5594374240159,3.2599957649034814,3.8723452045075515
BDCOM,BDCOM Online Ltd.,29.5,0.0,-6.349206349206349,-10.06097560975609,2.430555555555553,7.664233576642341,13.461538461538462,16.01123622227307,22.73113268380129,80.1813396797037,145.31497604279306,4.145611268335051,2.964219796308743
BDFINANCE,Bangladesh Finance PLC,12.7,0.7936507936507908,-4.511278195488733,-3.0534351145038197,14.414414414414413,-3.0534351145038197,-2.3076923076923133,33.68421052631578,-77.18305093416205,65.15649668483898,-21.831542646208945,3.6236296184130845,3.8550990798622777
BDLAMPS,Bangladesh Lamps PLC,215.5,-1.3278388278388304,-3.233048944768742,16.54948620876149,17.119565217391305,46.101694915254235,60.22304832713755,26.914016489988214,22.84762909584607,13.925395163367586,92.15416651294333,3.7912561729217256,4.224973672845326
BDTHAI,Bangladesh Thai Aluminium Ltd.,15.1,0.0,-11.176470588235295,-16.111111111111114,14.393939393939396,29.059829059829067,34.82142857142858,18.897637795275593,-45.09090909090909,-18.51901460321701,-5.220493803549695,4.155024760451672,3.852333083636834
BDTHAIFOOD,BD Thai Food & Beverage Ltd.,23.6,-0.4219409282700332,-1.2552301255230007,7.27272727272728,-1.2552301255230007,32.58426966292135,63.88888888888889,58.38926174496645,95.04132231404961,95.04132231404961,95.04132231404961,2.9125291565834597,4.047644141120008
BDWELDING,Bangladesh Welding Electrodes Ltd.,13.4,0.0,-1.4705882352941124,-4.285714285714283,-15.723270440251572,-29.473684210526315,-25.966850828729285,38.14432989690723,-42.735042735042725,23.036363624060012,-39.00987109078563,2.2322711226412535,2.2070580363323584
BEACHHATCH,Beach Hatchery Ltd,29.6,-1.0033444816053416,-4.51612903225806,-10.843373493975907,-3.2679738562091503,-7.499999999999996,-36.75213675213674,-47.88732394366197,2.0689655172413843,169.09090909090912,31.139240805127386,2.751087270909339,2.743403430952925
BEACONPHAR,Beacon Pharmaceuticals PLC,104.0,-0.4784688995215311,-2.439024390243897,-4.147465437788019,1.8609206660137176,-4.761904761904764,-0.668576886341932,-18.303220738413195,-49.951876804619836,515.3846153846155,575.3246753246754,1.86538199828325,1.7128757287912655
BENGALWTL,Bengal Windsor Thermoplastics PLC,24.7,-0.8032128514056196,-9.523809523809527,4.219409282700422,-8.51851851851852,33.51351351351351,41.954022988505756,25.38071065989848,-17.114093959731548,-41.56989253845948,-50.10517539152675,4.243509606249236,3.2233296554243394
BERGERPBL,Berger Paints Bangladesh Ltd.,1491.0,0.006707357971688848,-0.18744142455482357,6.897046171494124,8.043478260869565,2.4531024531024563,7.965242577842143,-1.5841584158415842,-16.470588235294116,38.47225446946831,468.0,0.7796863167849553,1.3910067454775208
BESTHLDNG,Best Holdings PLC,14.1,-0.7042253521126736,-6.000000000000002,-9.032258064516132,0.0,6.818181818181821,4.444444444444442,-14.545454545454547,-52.04081632653062,-52.04081632653062,-52.04081632653062,3.3546741301928833,2.907394023150963
BEXIMCO,Bangladesh Export Import Company Ltd.,24.1,-0.41322314049585895,-3.5999999999999943,-1.632653061224484,-78.11080835603997,-78.11080835603997,-78.11080835603997,-78.11080835603997,-75.66826916993989,21.2989682840252,-39.31560286481611,5.027492256349632,6.370274398362721
BGIC,Bangladesh General Insurance Company PLC,41.0,0.7371007371007301,-7.865168539325842,0.9852216748768438,14.525139664804477,19.883040935672508,32.686084142394826,24.242424242424242,-30.272108843537413,190.78014184397165,30.990415335463254,5.3894123780295216,4.680319975748033
BIFC,Bangladesh Industrial Finance Company Ltd.,4.3,4.87804878048781,2.3809523809523725,-10.416666666666668,-6.52173913043478,-20.37037037037038,152.9411764705882,-4.444444444444448,-53.26086956521739,-45.569620253164565,-78.89216665724177,6.36817653890825,7.583601497159203
BNICL,Bangladesh National Insurance Company Ltd,108.1,-1.007326007326015,-9.766277128547582,4.042348411934541,20.78212290502793,93.03571428571426,140.2222222222222,144.01805869074494,-11.75510204081633,764.8,192.16216216216213,4.2711061953933545,5.059228068523205
BPML,Bashundhara Paper Mill Ltd.,27.0,-0.3690036900369056,-4.2553191489361675,-8.163265306122444,-1.8181818181818181,-8.474576271186441,4.247104247104253,-21.965317919075147,-49.532710280373834,-82.58064516129032,-82.58064516129032,2.7081523187247303,1.9088947972202757
BPPL,Baraka Patenga Power Ltd.,19.7,-1.0050251256281373,-5.74162679425837,-2.955665024630549,7.065217391304351,25.477707006369428,32.21476510067113,48.12030075187969,-57.543103448275865,-38.244514106583075,-38.244514106583075,3.380678112590564,3.14031956828214
BRACBANK,BRAC Bank PLC,62.3,-0.47923322683706754,-2.3510971786833856,-1.7350157728706648,-7.014925373134332,-19.590328744936837,13.36236881320238,6.298244943955919,133.82641114345154,261.52536611569377,846.360778436942,0.9934955654150085,1.2963857417484315
BSC,Bangladesh Shipping Corporation,112.7,0.4456327985739751,-4.085106382978721,-6.083333333333331,8.783783783783793,-2.761000862812772,0.3561887800534334,-9.11290322580645,115.90038314176245,197.83860409294792,125.6699987628258,1.943835919818228,2.473279666370451
BSCPLC,Bangladesh Submarine Cables PLC,153.4,0.5901639344262333,-1.413881748071972,-3.5220125786163488,8.640226628895197,4.924760601915197,19.563522992985185,4.211956521739142,-14.825097168239862,40.73394495412845,250.4683573223669,2.2790000633540126,2.245164372888501
BSRMLTD,Bangladesh Steel Re-Rolling Mills Ltd.,99.1,-0.999000999000999,0.6091370558375577,-3.7864077669902967,13.646788990825677,17.417061611374393,29.882044560943637,11.098654708520169,1.3292433537832282,-30.203143330161787,119.8368326705619,2.040025857831269,3.446320421102705
BSRMSTEEL,BSRM Steels Limited,90.9,-1.0881392818280737,-3.6055143160127163,-3.503184713375793,26.074895977808616,24.862637362637376,43.14960629921261,33.28445747800587,36.486486486486505,-3.855769326913458,61.52230794217028,1.7790566939071206,2.628587081300367
BXPHARMA,Beximco Pharmaceuticals Plc,143.2,0.1398601398601319,-2.3858214042263124,-3.3085752869682685,16.89795918367346,12.31372549019607,39.02912621359222,7.831325301204801,-29.59685349065881,92.56723696606787,225.82701816483714,1.996377466993274,2.3874058130558686
CAPITECGBF,CAPITEC GRAMEEN BDT10 (MUTUAL FUND) Units,9.4,-8.737864077669906,-7.84313725490195,6.818181818181814,34.28571428571429,34.28571428571429,38.235294117647065,36.231884057971016,-34.72222222222222,-34.72222222222222,-34.72222222222222,3.1790006325110687,5.374555665301964
CAPMBDBLMF,CAPM BDBL Mutual Fund 01 Units,8.0,0.0,-16.666666666666664,-23.07692307692308,-31.034482758620687,-21.568627450980387,-20.79207920792079,-2.439024390243894,-39.39393939393939,-25.92592592592593,-25.92592592592593,6.554391775199627,6.123696301413238
CAPMIBBLMF,CAPM IBBL Islamic Mutual Fund Units,13.1,1.5503875968992191,0.7692307692307665,-13.815789473684209,43.956043956043956,57.8313253012048,74.66666666666667,65.82278481012656,-37.019230769230774,30.999999999999993,30.999999999999993,5.203537609504001,6.022603335624584
CENTRALINS,Central Insurance PLC,43.8,0.0,-8.750000000000005,5.797101449275359,6.053268765133172,3.7914691943127825,7.616707616707602,-2.666666666666673,-28.896103896103902,250.75143694555385,66.36234252764989,5.029602043596212,4.968070805785427
CENTRALPHL,Central Pharmaceuticals Ltd.,9.9,-0.9999999999999963,-8.333333333333336,-7.476635514018682,13.793103448275875,8.791208791208799,12.499999999999996,0.0,-51.94174757281553,-20.392721456989385,-71.07071507194337,3.752532257386616,4.530047704554738
CITYBANK,City Bank PLC,30.5,-0.3267973856209197,-2.8662420382165563,-3.785488958990534,5.172413793103448,8.92857111734694,43.749999555199786,44.34156332565962,74.15240778268428,151.7838871896971,200.43127135557822,1.1058534273764307,1.2133679222717382
CITYGENINS,City Insurance PLC,126.6,0.07905138339920499,1.2799999999999954,17.222222222222218,21.14832535885167,47.72462077012834,46.02076124567473,116.4102564102564,162.11180124223603,1243.7368397242556,428.07709188736357,1.4086861649142561,2.823774402813795
CLICL,Chartered Life Insurance PLC,44.2,0.22675736961451567,-11.244979919678704,-13.333333333333329,-18.148148148148145,-23.92426850258175,-20.788530465949815,-5.353319057815845,301.81818181818187,301.81818181818187,301.81818181818187,4.505479828584562,4.151858818639403
CNATEX,C & A Textiles Ltd,3.1,3.333333333333336,-8.823529411764701,-3.1250000000000027,-8.823529411764701,6.896551724137938,29.166666666666675,10.714285714285726,-59.74025974025973,-56.28205133809993,-81.89952602764487,8.299242424242422,6.798094359933607
CONFIDCEM,Confidence Cement PLC,63.2,1.282051282051289,-4.531722054380665,-6.784660766961644,1.1200000000000045,-4.242424242424238,27.935222672064786,3.7766830870279215,-53.73306749680431,34.617897669868114,17.856136113591187,2.8908143420734334,2.3108745977473224
CONTININS,Continental Insurance PLC,34.7,0.0,-7.466666666666659,6.769230769230778,4.8338368580060465,32.95019157088123,43.38842975206614,39.35742971887552,-32.27695150355483,248.92764905255265,51.129288390245975,4.121667946425118,4.105029896215542
COPPERTECH,Coppertech Industries Ltd,24.0,-0.4149377593361055,-8.045977011494259,-8.745247148288975,-12.408759124087588,14.83253588516747,26.98412698412699,11.627906976744185,-41.39534869069767,-7.389999299775788,-7.389999299775788,4.726746797646042,4.046691900435438
CROWNCEMNT,Crown Cement PLC,64.0,2.0733652312599635,-7.246376811594203,-5.604719764011795,29.817444219066942,24.75633528265108,36.75213675213676,22.605363984674323,-22.141119221411195,-17.631917631917634,-20.79207920792079,7.194867860552866,4.276201998494875
CRYSTALINS,Crystal Insurance Company Ltd,65.0,-0.9146341463414549,-7.40740740740741,-2.5487256371814135,-13.217623497997335,-16.985951468710088,13.043478260869565,12.068965517241379,24.34782595071455,376.66666619,376.66666619,3.7053187608213296,3.3025661852179766
CVOPRL,CVO Petrochemical Refinery PLC,167.2,0.2999400119976005,-5.749718151071035,-4.4571428571428635,1.7650639074862915,-0.416914830256115,13.355932203389823,-0.7715133531157338,15.238095119680143,-26.690738875057235,39.58214228230122,2.355153666969005,2.452066906186342
DACCADYE,Dacca Dyeing and Manufacturing Company Limited,15.8,0.6369426751592447,-5.9523809523809526,-7.058823529411761,3.947368421052641,-16.40211640211639,-18.556701030927826,-13.186813186813179,-41.48148148148148,61.224489795918366,-43.7540453656916,3.7847051908625406,3.3801134132988353
DAFODILCOM,Daffodil Computers PLC.,161.9,0.24767801857585492,-2.1160822249093107,-1.3406459475929242,25.50387596899225,173.94247038917092,348.4764542936288,177.7015437392796,131.28571428571428,629.2792792792794,931.2101910828027,2.1268377396011418,2.8233133225269995
DBH,DBH Finance PLC,41.1,-1.4388489208633126,-7.432432432432426,-5.73394495412844,9.600000000000003,5.115089514066496,17.42857142857143,10.78167115902965,-47.14407944842091,-40.890464358241495,19.84593921735185,3.0346166295982204,2.4022064616449343
DBH1STMF,DBH First Mutual Fund Units,5.2,0.0,-3.703703703703707,-13.33333333333333,10.638297872340425,8.333333333333341,-19.999999999999996,-11.864406779661019,-46.93877551020408,-14.75409836065573,-29.729729729729733,3.831640058055151,4.902780049340335
DELTALIFE,Delta Life Insurance Company Ltd.,75.3,0.0,-3.4615384615384652,-0.9210526315789511,0.8032128514056148,-1.3106159895150722,11.061946902654867,-6.226650062266501,-46.137339055794,-29.295774647887328,-97.76324231838596,3.2479776816658403,3.0772690242688947
DELTASPINN,Delta Spinners Limited,6.9,0.0,-9.210526315789465,-7.999999999999996,0.0,16.94915254237288,38.00000000000001,13.114754098360669,-46.92307692307692,5.683544139252212,-55.959411271767046,5.108070528653362,3.5104501063929248
DESCO,Dhaka Electric Supply Co. Ltd.,24.5,0.0,-3.9215686274509802,-7.196969696969692,10.360360360360364,5.603448275862071,19.51219512195122,-1.2096774193548416,-44.19134396355353,-56.94200351493849,-63.1446990482629,3.1695304095514056,2.731932584062255
DESHBANDHU,Deshbandhu Polymer Limited,19.1,-0.5208333333333223,-8.17307692307692,-9.47867298578199,-3.0456852791878064,15.06024096385542,12.352941176470596,-1.546391752577305,3.243243243243251,85.92920340819174,-11.789988211045959,4.382607073377052,4.741339292798685
DGIC,Desh General Insurance Company Ltd,32.9,-1.201201201201197,-2.66272189349112,0.9202453987729974,36.514522821576755,50.91743119266054,67.00507614213198,43.04347826086956,-33.802816901408455,119.33333333333331,119.33333333333331,4.525210175245356,4.575574321987096
DHAKABANK,Dhaka Bank PLC,12.1,0.8333333333333304,-1.6260162601626102,-1.6260162601626102,9.00900900900901,-12.949640287769787,7.079646017699105,3.418803418803422,-6.969309097417528,18.307472414940857,-5.519652689556159,1.6584022038567519,1.9747399610272647
DHAKAINS,Dhaka Insurance Limited,45.6,1.3333333333333366,-6.93877551020408,9.879518072289159,12.039312039312035,16.03053435114505,26.66666666666667,18.441558441558445,-42.56926952141058,218.88111888111888,-4.329411841242348,3.6436012876130857,4.7720874775372115
DOMINAGE,Dominage Steel Building Systems Ltd,62.7,-0.6339144215530881,-7.385524372230428,-18.359374999999996,-17.499999999999996,69.91869918699189,116.95501730103808,284.6625766871166,114.44625457110448,374.0119991941796,374.0119991941796,3.993894641237162,5.561461222699284
DOREENPWR,Doreen Power Generations & Systems Ltd.,31.7,0.3164556962025249,-7.309941520467846,1.2779552715654907,7.094594594594587,8.561643835616438,12.411347517730496,17.407407407407405,-50.04462279827338,16.69652966446472,-20.257371411605366,3.421970483791514,3.618324572523071
DSHGARME,Desh Garments Limited.,170.9,-0.9849362688296575,-11.816305469556244,1.7867778439547348,39.624183006535944,50.44014084507043,46.8213058419244,33.51562500000001,2.1684781587010837,54.73617907557995,1575.1873369889686,4.691823321176339,4.645067684244942
DSSL,Dragon Sweater & Spinning Ltd.,11.0,-0.9009009009008978,-12.0,-17.29323308270677,15.789473684210526,24.999999999999993,29.41176470588235,-2.654867256637174,-46.099999721876,107.55859610784648,21.12747879814892,5.447205495284775,4.1144307627247025
DULAMIACOT,Dulamia Cotton Spinning Mills Limited,206.0,0.6350757205666886,-1.3882240306366709,-5.2437902483900665,45.37755822159493,49.81818181818182,52.592592592592595,77.58620689655173,220.8722741433022,2646.6666666666665,2139.130434782609,4.533324007751329,5.144126801110723
DUTCHBANGL,Dutch-Bangla Bank PLC,45.3,-0.6578947368421146,-6.790123456790132,-6.211180124223603,13.819095477386936,11.393442887738512,23.225388909099735,15.169491798707258,-13.352267991034319,116.68770404513648,98.19452921672182,2.374247479022662,2.4871536469451088
EASTERNINS,Eastern Insurance PLC,62.7,0.0,-7.522123893805301,8.103448275862075,10.000000000000004,12.769784172661872,25.1497005988024,16.111111111111114,-41.292134831460665,188.94009216589862,71.78082191780823,3.5717245182550115,4.40091401240881
EASTLAND,Eastland Insurance PLC,28.3,-1.0489510489510514,-8.41423948220064,3.663003663003663,10.116731517509733,31.627906976744192,51.33689839572193,43.654822335025386,-35.68181818181818,104.94001148421547,-20.34119390021649,3.560242270016975,4.206060005663218
EASTRNLUB,Eastern Lubricants Blenders PLC,1880.0,-1.6376288390100955,-10.00478697941599,-10.03923820461289,-1.6067409849793293,17.58819114335752,13.184828416616496,9.340467058085363,124.7691460545655,205.9770090477875,1463.92498743572,3.2120488140671397,2.508324621529447
EBL,Eastern Bank PLC,23.7,-0.4201680672268967,-1.659751037344407,-2.4691358024691414,-5.200000000000002,-14.04577497838738,0.0450815801534551,-3.8937011585837853,-3.452588515397065,69.88316084190447,79.29124672294182,1.0927974812614556,1.1324920365820679
EBL1STMF,EBL First Mutual Fund Units,4.2,0.0,-6.6666666666666625,-15.999999999999996,13.513513513513512,16.666666666666668,35.483870967741936,7.6923076923077,-58.0,8.773279812735925,-38.74346884140965,4.202231372963074,5.205628529815223
EBLNRBMF,EBL NRB Mutual Fund,3.5,0.0,-5.40540540540541,-12.5,12.90322580645161,29.629629629629623,52.17391304347827,2.941176470588238,-50.70422535211267,-9.885937481695583,-49.05551679133223,4.589169000933711,5.707066661511598
ECABLES,Eastern Cables Ltd.,132.0,-0.7518796992481203,-8.269631688672693,-7.368421052631579,7.317073170731708,8.19672131147541,17.752007136485286,-2.149740548554489,-10.991233985165213,-14.221267626782925,218.16733003144918,3.863114865355214,3.5179779196982848
EGEN,eGeneration PLC,24.7,-0.8032128514056196,-8.178438661710036,-6.439393939393938,-0.4032258064516186,11.26126126126126,24.74747474747474,2.916666666666664,-59.038142620232165,64.66666666666666,64.66666666666666,3.005314812335226,2.3921248098537204
EHL,Eastern Housing Ltd.,89.2,0.0,-3.1487513572204033,-4.700854700854692,6.317044100119186,12.060301507537702,21.85792349726776,-3.671706263498911,51.959114139693355,163.83098653605316,128.17401503908695,2.493720157171127,2.4754771372117235
EIL,Express Insurance Ltd.,31.5,-0.3164556962025361,-8.959537572254337,2.605863192182413,11.70212765957447,7.142857142857148,11.70212765957447,-10.511363636363644,-25.355450236966828,110.0,110.0,4.068761495238065,3.7794972665338524
EMERALDOIL,Emerald Oil Industries Ltd.,29.0,1.0452961672473893,0.34602076124567965,4.693140794223829,52.63157894736842,93.33333333333333,101.38888888888889,50.25906735751295,-13.432835820895523,-17.571059520982306,-32.51923090808543,6.712812080740551,4.627475707092225
ENVOYTEX,Envoy Textiles Ltd.,61.1,0.0,5.163511187607573,7.192982456140353,24.186991869918693,17.500000000000004,25.979381443298973,23.43434343434344,74.07407407407408,82.16552080911762,36.36089599858641,4.449811374258688,4.091419523743354
EPGL,Energypac Power Generation PLC,18.1,0.0,-7.653061224489796,-8.585858585858583,-1.6304347826086802,1.6853932584269702,16.025641025641036,7.100591715976349,-66.97080291970802,-61.075268817204304,-61.075268817204304,3.2515515240713424,3.6171942367253513
ESQUIRENIT,Esquire Knit Composite PLC,25.5,0.7905138339920921,0.0,2.0,7.142857142857141,25.61576354679802,23.786407766990283,4.5081967213114815,-33.9378238341969,-46.08879492600422,-46.08879492600422,1.7422673944413067,2.2921019286401805
ETL,Evince Textiles Ltd.,12.0,-1.6393442622950762,-13.043478260869568,-15.49295774647887,5.263157894736839,20.0,20.0,29.03225806451612,-9.090909090909086,21.968000524169685,-8.064321173493969,4.646124708624709,3.597142830812285
EXIM1STMF,EXIM Bank 1st Mutual Fund 2013- Units,6.4,-1.538461538461533,-8.571428571428566,20.754716981132088,82.85714285714288,106.45161290322581,128.5714285714286,42.22222222222223,-26.436781609195393,22.0800006534332,-17.90695848146733,3.991682757540967,6.005517461031516
FAMILYTEX,Familytex (BD) Ltd.,2.4,4.347826086956526,-14.285714285714285,-7.692307692307699,-17.24137931034483,19.999999999999996,84.6153846153846,19.999999999999996,-63.076923076923066,-66.52650575419617,-92.67115103137316,9.026409017713366,8.113006979984203
FARCHEM,FAR Chemicals Industries Ltd,16.7,-5.649717514124294,-15.228426395939087,-30.41666666666667,-9.729729729729733,18.439716312056735,15.172413793103445,-28.017241379310345,1.2121212121212077,3.786926151582309,-25.907666577755872,9.967759875133977,7.633838736423526
FAREASTLIF,Fareast Islami Life Insurance Company Limited,20.0,-0.4975124378109523,-6.976744186046512,-11.11111111111111,-5.660377358490563,-17.355371900826444,-3.8461538461538494,-26.739926739926744,-68.55345911949685,-61.227786599993216,-74.56647391199171,5.831715210355986,4.141273433663509
FBFIF,First Bangladesh Fixed Income Fund Units,3.5,0.0,-2.7777777777777803,-10.256410256410255,12.90322580645161,20.689655172413797,34.615384615384606,9.374999999999995,-44.44444444444444,-30.687778107987796,-53.336565802747046,5.095238095238096,6.960640095384854
FEDERALINS,Federal Insurance PLC,29.3,0.3424657534246624,-6.984126984126982,9.73782771535581,15.810276679841897,40.86538461538461,52.60416666666667,31.98198198198199,-30.40380047505938,217.98512021296696,51.78802671728088,3.7503774867383943,4.158212388119536
FEKDIL,Far East Knitting & Dyeing Industries PLC.,22.7,0.8888888888888857,-5.020920502092047,-14.981273408239701,58.74125874125873,56.551724137931025,59.85915492957747,20.744680851063823,32.74853801169589,31.63319203956006,-4.582811924112482,5.04388651837318,5.284653183027374
FINEFOODS,Fine Foods Limited,440.0,2.4447031431897557,2.3255813953488373,-11.415341252264946,-26.162107736197346,-6.283280085197018,15.72856391372962,56.750979693623094,682.9181494661922,5284.430884078872,2754.660974111094,3.643506614195828,4.2478812020691965
FIRSTFIN,First Finance Ltd.,4.9,0.0,-10.909090909090903,16.666666666666668,6.521739130434798,-7.547169811320744,96.00000000000001,96.00000000000001,-46.7391304347826,-19.263076997727513,-85.61280676252672,8.014337649953598,8.186907499586537
FORTUNE,Fortune Shoes Ltd.,16.3,-1.2121212121212077,-8.938547486033508,-18.090452261306524,18.97810218978103,8.66666666666667,17.266187050359715,6.5359477124183005,-71.10811882762357,-37.8906916028859,-37.8906916028859,3.457206981179064,4.073067567423304
FUWANGCER,Fu-Wang Ceramic Industry Ltd.,14.0,0.7194244604316521,-13.580246913580243,-14.110429447852763,5.263157894736836,18.644067796610162,21.73913043478261,8.527131782945734,-44.66403162055336,25.905404990342934,-8.083408466174104,5.410979395155328,4.412348486334539
FUWANGFOOD,Fu-Wang Foods Limited,9.1,-9.000000000000004,-23.529411764705888,-29.457364341085274,-14.150943396226415,-9.900990099009901,-18.75,-37.67123287671233,-56.459330143540676,-10.9404414182411,-45.37680423807041,5.466955266955268,3.544336882968792
GBBPOWER,GBB POWER Ltd.,14.1,-0.7042253521126736,-14.024390243902433,71.95121951219512,63.95348837209303,63.95348837209303,120.31249999999997,116.92307692307692,-67.95454545454545,7.2826089638586975,-46.62774296348141,11.32423087438285,9.14337374594662
GEMINISEA,Gemini Sea Food PLC,116.8,-0.17094017094017336,-4.026294165981927,-7.080350039777252,2.9074889867841383,-4.6530612244897975,-14.557425018288217,-40.3777437468096,32.000462043206326,-8.518288202053705,559.2122702340465,2.6262847448192823,2.5663223597182014
GENEXIL,Genex Infosys PLC,36.3,0.5540166204986031,-5.958549222797938,-11.463414634146348,33.45588235294117,28.723404255319142,34.94423791821561,49.99999999999999,-68.20227922556879,8.488653056115407,8.488653056115407,3.4693834036008395,3.599445081097068
GENNEXT,Generation Next Fashions Ltd.,3.1,3.333333333333336,-6.060606060606053,3.333333333333336,0.0,6.896551724137938,14.814814814814811,24.000000000000004,-62.19512195121951,-44.01492544750256,-86.08500008133765,3.9569892473118293,5.617702411803704
GHAIL,Golden Harvest Agro Industries Ltd.,13.4,0.0,-8.84353741496598,-12.418300653594773,0.0,17.543859649122805,25.233644859813097,1.5151515151515234,-36.79245283018867,-7.242604268188782,-63.67620387167331,4.48839793789395,3.8431865470265576
GHCL,Global Heavy Chemicals Ltd.,21.9,0.0,-1.3513513513513546,-6.410256410256411,8.955223880597,10.050251256281408,10.050251256281408,3.301886792452827,-48.470588235294116,-42.21635883905013,-73.45454545454545,3.887471625412511,4.645477816672847
GLDNJMF,ICB AMCL CMSF GOLDEN JUBILEE MUTUAL FUND,8.5,0.0,-5.555555555555555,-1.1627906976744145,37.096774193548384,37.096774193548384,39.344262295081975,26.86567164179104,-22.727272727272727,-22.727272727272727,-22.727272727272727,4.200110517342461,5.9852941098583266
GLOBALINS,Global Insurance PLC,45.6,0.4405286343612398,-5.785123966942143,12.871287128712877,32.94460641399419,53.02013422818792,78.82352941176471,57.78546712802769,-24.126455906821963,427.87700338019437,92.51897327466561,4.507924196026382,4.897852914116374
GOLDENSON,Golden Son Limited,13.5,0.0,-13.46153846153846,-17.17791411042945,-11.184210526315786,32.352941176470594,33.66336633663367,20.535714285714292,-30.051813471502594,-39.461883408071756,-65.9090909090909,5.0280534782019455,3.670692293765603
GP,Grameenphone Ltd.,244.5,0.20491803278688525,-2.8991262907069144,-5.5619930475086825,1.2841756420878188,-8.048138397893938,-5.961538461538462,-18.74376869391824,-33.032046014790474,-8.461250467989524,42.48251748251749,1.0435656082637275,0.9337456126416752
GPHISPAT,GPH Ispat Limited,17.3,0.0,-4.945054945054937,-9.42408376963351,7.4534161490683175,0.5813953488372176,7.4534161490683175,-8.947368421052628,-63.4969999623289,-12.532997356498418,-7.617711948145788,2.8525721634258385,2.7949320381960296
GQBALLPEN,G.Q. Ball Pen Industries Limited,545.9,2.0183143337693803,4.2589763177998385,-8.574778094121594,-21.846814602720116,1.2801484230055618,21.934331025240112,38.94120641384576,316.3996948893974,561.6969696969697,302.4262808440032,3.6259504754331466,4.5354910958772665
GRAMEENS2,Grameen Mutual Fund One - Grameen Two Units,13.1,0.0,-2.238805970149259,-5.07246376811595,7.377049180327871,3.1496062992126013,20.183486238532105,-0.7575757575757549,-38.20754716981132,23.85454565271272,-28.458447569468905,2.1433845756586756,3.1871825488204983
GREENDELMF,Green Delta Mutual Fund 2010 Units,4.4,2.32558139534885,-8.333333333333321,-16.981132075471688,29.411764705882366,37.5,46.66666666666668,18.918918918918923,-54.16666666666666,-27.868852459016384,-38.888888888888886,5.937199216247466,6.586922758474192
GREENDELT,Green Delta Insurance PLC,68.1,0.0,-6.456043956043961,2.4060150375939764,15.423728813559313,18.64111498257839,27.052238805970134,30.710172744721675,-41.49484536082475,89.58444495541613,30.632203096484975,3.4630018834289853,3.9951036628579555
GSPFINANCE,GSP Finance Company PLC,3.8,2.7027027027026933,-7.317073170731704,-7.317073170731704,0.0,-19.14893617021277,137.49999999999997,5.555555555555547,-83.03277565335328,-58.180761021470616,-73.87564813047493,8.024340129603278,7.784796879219772
HAKKANIPUL,Hakkani Pulp & Paper Mills PLC,75.6,0.2652519893899053,-5.500000000000007,-6.5512978986403105,-3.076923076923084,2.1621621621621543,11.669128508124063,-9.569377990430622,-5.853051058530514,41.04477611940297,306.45161290322574,2.5929200310589446,2.84151612500884
HAMI,Hami Industries PLC,157.0,-0.12722646310431845,-2.484472049689441,0.6410256410256411,-14.673913043478262,3.7673496364837993,45.91078066914499,56.68662674650698,-10.234419668381936,-10.234419668381936,-10.234419668381936,4.386458368765511,3.4576705072477845
HEIDELBCEM,Heidelberg Materials Bangladesh PLC,210.5,-0.047483380816711454,-6.277827248441672,-8.874458874458874,0.8624820316243467,-10.463632496809867,-3.837368661489267,-14.151712887438823,-38.629737609329446,-61.36196769456681,-20.265151515151516,3.0707701717342535,2.5690718587823795
HFL,Hamid Fabrics PLC,13.8,-0.7194244604316521,-14.285714285714288,-10.967741935483867,-22.905027932960884,89.04109589041097,112.30769230769232,72.50000000000001,-34.59715639810427,-17.857142857142858,-75.89018297011775,7.326655211931058,4.900568291310738
HRTEX,H.R. Textile Mills Ltd.,19.0,0.0,-7.766990291262142,-9.090909090909085,-2.5641025641025643,4.972375690607727,3.8251366120218537,-31.89964157706093,-73.90761550638325,-9.913793184991817,-32.684048972172974,4.351017406749431,3.47187966699157
HWAWELLTEX,Hwa Well Textiles (BD)PLC,46.0,-0.43290043290043906,-5.930470347648259,-4.95867768595041,7.476635514018699,7.981220657276992,3.139013452914795,-11.538461538461538,0.6564551422319412,47.43589743589744,15.0,3.691613664763849,3.492603242777044
IBNSINA,BN SINA Pharmaceutical Industry PLC,315.0,-0.19011406844107184,-1.5625,-0.9433962264150944,1.2861736334405145,-4.545454545454546,0.0,2.3724406889827794,21.340523882896754,58.81250007847984,425.86992426624187,0.8627864845988032,1.1742167450635925
IBP,Indo-Bangla Pharmaceuticals Ltd.,16.6,-0.5988023952095681,-8.79120879120878,-14.432989690721636,13.698630136986313,17.73049645390072,48.21428571428574,25.757575757575776,-25.66086984027216,-36.63481232390497,-36.63481232390497,3.801656313205613,4.985095742244813
ICB,Investment Corporation of Bangladesh,41.6,0.24096385542169016,-6.516853932584267,-11.30063965884861,0.9708737864077635,2.716049382716053,13.97260273972603,-21.657250470809792,-63.57038247869823,-46.61787880929763,-61.96657409324707,3.5887636142100194,2.646395202335726
ICB3RDNRB,ICB AMCL Third NRB Mutual Fund 2010 Units,5.4,0.0,-9.999999999999995,-12.90322580645161,17.391304347826104,17.391304347826104,31.70731707317075,22.727272727272727,-30.769230769230763,17.391304347826104,-23.94366197183098,4.763415829453568,5.612132156388401
ICBAGRANI1,ICB AMCL First Agrani Bank Mutual Fund Units,7.9,0.0,-8.139534883720922,-10.22727272727273,19.696969696969706,21.538461538461544,23.4375,14.492753623188404,-15.957446808510637,-8.139534883720922,-8.139534883720922,3.0164599035907123,5.534101511824232
ICBAMCL2ND,ICB AMCL Second Mutual Fund Units,7.5,4.166666666666664,-7.407407407407403,-5.06329113924051,25.0,22.950819672131153,33.92857142857144,29.310344827586214,-34.21052631578948,50.0,-1.315789473684206,5.217316017316017,5.954192693067091
ICBEPMF1S1,ICB Employees Provident Mutual Fund One Scheme One Units,5.8,1.7543859649122744,-7.936507936507937,-14.705882352941178,-9.375000000000009,18.367346938775498,70.58823529411765,23.40425531914893,-33.33333333333333,-3.333333333333336,-30.120481927710852,6.931422945753468,6.313755204042144
ICBIBANK,ICB Islamic Bank Limited,2.7,3.8461538461538494,0.0,-3.571428571428559,3.8461538461538494,-15.625,12.500000000000012,-3.571428571428559,-59.090909090909086,-30.769230769230763,-64.0,5.507692307692313,4.792763247149208
ICBSONALI1,ICB AMCL Sonali Bank Ltd 1st Mutual Fund 2013- Units,5.8,0.0,-6.451612903225812,-12.12121212121212,20.833333333333336,31.818181818181802,38.09523809523809,15.999999999999996,-36.95652173913043,-12.12121212121212,-51.666666666666664,4.79372891609503,5.656380830958038
ICICL,Islami Commercial Insurance PLC.,35.1,-1.1267605633802777,-8.355091383811999,18.58108108108108,24.468085106382986,53.27510917030569,56.696428571428584,58.10810810810812,140.4109589041096,140.4109589041096,140.4109589041096,3.3607580428012938,3.9060226925393344
IDLC,IDLC Finance PLC.,43.4,-0.9132420091324169,-5.24017467248908,-7.264957264957263,15.425531914893611,8.758950138938324,27.290503111522334,19.29319401551046,-22.706268646351337,17.24168107586288,-8.207107160328086,2.5003289003399143,2.927963961278352
IFADAUTOS,IFAD Autos PLC,23.3,0.4310344827586268,-6.425702811244971,-4.11522633744856,-4.11522633744856,4.954954954954961,7.373271889400929,-6.425702811244971,-57.33889477709181,-51.90778057268107,32.54215662427352,3.6227207013716507,3.323363327656247
IFIC,IFIC Bank PLC,4.5,-2.173913043478253,-6.2499999999999964,-10.0,2.2727272727272645,-26.22950819672131,-4.255319148936174,-22.41379310344827,-69.73046871206849,-27.7377748373297,-57.64621669079887,3.4601706239079038,2.9065244956048994
IFIC1STMF,IFIC Bank 1st Mutual Fund Units,4.1,2.499999999999991,-4.651162790697679,-12.765957446808523,20.588235294117638,36.66666666666666,63.999999999999986,24.24242424242424,-43.83561643835616,-1.3437498612646586,-36.47500001282121,6.397310195948888,6.891108626699217
IFILISLMF1,IFIL Islamic Mutual Fund - 1 Units,5.4,0.0,-1.8181818181818117,-5.263157894736839,31.70731707317075,28.571428571428573,58.823529411764724,31.70731707317075,-24.999999999999996,-23.94366197183098,-14.285714285714278,2.649035101865295,4.627762913987818
INDEXAGRO,Index Agro Industries Ltd,70.6,0.0,-10.63291139240507,-3.4199726402188784,-2.6206896551724217,2.3188405797101366,5.530642750373675,-5.806861270165375,-44.843749862109384,-1.1599997529000137,-1.1599997529000137,4.0144463793955865,3.391581278644152
INTECH,Intech Ltd.,24.7,0.0,-7.490636704119851,-7.490636704119851,-32.142857142857146,-27.777777777777786,-22.082018927444796,-5.000000000000002,-38.40399002493766,147.20245906117356,102.7334829649801,4.916041697294936,3.1611286968891563
INTRACO,Intraco Refueling Station PLC,22.6,0.8928571428571557,0.44444444444445075,3.1963470319634837,24.86187845303867,16.49484536082476,10.243902439024398,-3.004291845493559,-3.9055122256675405,-51.394413810477424,-51.394413810477424,2.4217955686982258,3.7544593545568823
IPDC,IPDC Finance PLC,31.8,0.9523809523809548,-7.2886297376093205,-1.8518518518518454,76.66666705925925,62.87804914597025,74.81675431569175,85.50000046375001,-9.204129309400436,133.70156606329664,508.35520665232366,4.497861190485298,4.535416814178702
ISLAMIBANK,Islami Bank Bangladesh PLC,27.2,-0.3663003663003715,-7.167235494880551,-15.000000000000002,-16.564417177914116,-38.87640449438202,-17.575757575757578,-37.61467889908257,-6.8493150684931505,-7.167235494880551,-30.418604720744185,3.1882288453719445,2.6951079059143215
ISLAMICFIN,Islamic Finance & Investment PLC,10.9,0.9259259259259226,-9.166666666666664,-9.166666666666664,1.8691588785046829,-9.91735537190082,14.736842105263161,62.6865671641791,-67.26726726726727,-0.44523621271579383,-40.23093989471919,3.642979642763426,2.8399115019838104
ISLAMIINS,Islami Insurance Bangladesh Limited,61.6,-1.2820512820512775,-5.230769230769229,7.880910683012259,21.73913043478261,54.77386934673368,64.26666666666667,50.24390243902439,-0.6451612903225784,478.70380428184734,227.08186681673897,1.6416818197890997,3.0249172460523646
ISNLTD,Information Services Network Ltd.,56.4,0.534759358288765,-8.589951377633719,-6.000000000000002,-5.210084033613447,-25.000000000000004,-28.06122448979593,-30.71253071253072,23.956043956043953,369.24800075079685,273.2654560249431,3.6347400803024095,3.0662718253555528
ITC,IT Consultants PLC,47.0,0.21321961620469387,0.0,-9.961685823754793,18.387909319899236,17.5,22.07792207792208,12.70983213429256,9.81308411214954,62.06778096941881,59.98107136640577,2.5400418243184415,3.304052890045906
JAMUNABANK,Jamuna Bank PLC,24.3,0.0,-0.4098360655737618,0.8298755186721962,-4.705882352941174,-5.078125000000002,15.165876777251182,17.961165048543684,37.234207279300065,207.17779121255734,107.65507229811715,1.0747287338929876,1.1515782933190317
JAMUNAOIL,JAMUNA OIL PLC,178.6,0.7332205301748352,-1.3259668508287323,-2.1369863013698662,6.372840976771881,1.2471655328798121,5.555555555555559,-4.74666666666667,-3.978494623655917,-4.74666666666667,11.245753000365333,1.2944226529387017,1.0626310871294606
JANATAINS,Janata Insurance PLC,33.6,0.2985074626865714,-6.925207756232687,1.8181818181818226,-2.0408163265306,30.73929961089495,38.27160493827161,30.232558139534888,-42.6699997671327,329.0368777652305,-82.02995540970896,4.256445900072779,3.6339091692169525
JHRML,JMI Hospital Requisite Manufacturing Ltd,47.9,0.0,-8.061420345489449,-3.815261044176704,-2.8397565922920864,4.357298474945534,13.507109004739325,-20.03338898163606,117.72727272727273,117.72727272727273,117.72727272727273,3.4765004154374877,3.38960550987806
JMISMDL,JMI Syringes & Medical Devices Ltd.,135.5,0.22189349112426876,-4.577464788732394,-8.99932840832774,10.342019543973944,6.608969315499611,14.830508474576272,-14.564943253467842,-50.342225973685075,10.34730503611018,291.2526526983993,3.5827125187240023,3.546888887353649
JUTESPINN,Jute Spinners Limited,216.5,0.0,-2.914798206278027,-0.9153318077803204,-2.521386762719493,-12.206001622060015,10.911885245901644,-4.835164835164835,30.42168674698795,249.75767366720518,225.5639097744361,4.372799067871354,3.9264925830994026
KARNAPHULI,Karnaphuli Insurance PLC,57.5,0.0,-0.8620689655172413,27.77777777777778,67.6384839650146,87.29641693811075,101.75438596491227,75.84097859327215,19.047619047619055,503.75000277724996,110.64379112803309,3.548146387015353,5.075990011862809
KAY&QUE,Kay and Que (Bangladesh) Ltd.,397.3,0.0,-5.853080568720377,-6.8682606657290215,-15.933135844265765,-21.170634920634917,5.272919978802341,14.47077966731053,59.19016277140853,1669.459886176253,1900.2590015707954,2.946633562541118,2.4965722351257957
KBPPWBIL,Khan Brothers PP Woven Bag Industries Ltd,35.4,0.0,-9.230769230769234,-10.37974683544304,-27.902240325865584,-30.314960629921256,-26.250000000000004,-69.00175131348512,129.87012987012986,70.84347826681194,5.759382647756155,3.6967188725087334,3.225299037893446
KDSALTD,KDS Accessories Ltd.,46.3,-0.6437768240343439,-7.214428857715434,-10.097087378640781,-8.858267716535433,9.198113207547168,12.65206812652067,3.1180400890868567,-17.461799461452898,-4.876123716866816,-11.268448305793887,2.4985758511305245,2.3742025620423775
KEYACOSMET,Keya Cosmetic Ltd.,5.4,0.0,-1.8181818181818117,3.8461538461538494,14.893617021276599,-1.8181818181818117,20.000000000000007,12.500000000000012,-47.57281553398059,-31.910628786404217,-65.45264106104582,3.65704665704665,4.019422817041861
KOHINOOR,Kohinoor Chemical Company (Bangladesh) PLC,532.8,0.0939319932368965,-3.809351868568338,1.4277555682467162,5.484062561868923,2.0689655172413706,6.5813162632526465,3.914893513106365,83.24621423163828,297.3928630105552,1053.4268808269542,2.4673103308777526,2.539403523270476
KPCL,Khulna Power Company Ltd.,10.9,-0.909090909090906,-9.166666666666664,5.8252427184465985,1.8691588785046829,-1.8018018018017954,3.809523809523813,5.8252427184465985,-74.76851851851852,-80.75441414342681,-74.77054104510383,4.129976444679484,4.188328350141998
KPPL,Khulna Printing & Packaging Ltd,13.8,0.0,-7.999999999999996,-9.80392156862745,-10.967741935483867,-24.17582417582417,-13.749999999999996,-16.36363636363636,-15.337423312883434,51.648351648351664,-59.94722959266644,3.6910981188186995,2.9980649508530806
KTL,Kattali Textile Ltd.,11.9,0.0,0.847457627118641,10.185185185185182,27.95698924731182,23.95833333333334,2.5862068965517304,-13.768115942028986,-65.70605187319886,-37.796320393813986,-37.796320393813986,4.984014275408379,4.378526500706911
LANKABAFIN,LankaBangla Finance PLC,15.9,-1.242236024844727,-8.620689655172404,-12.637362637362632,28.225806451612904,2.5806451612903247,29.268292682926823,0.0,-60.74074074074074,-11.898011524600046,-44.470333434368335,3.7895774060185397,3.5233662690524477
LEGACYFOOT,Legacy Footwear Ltd.,70.0,-0.28490028490028896,-2.9126213592232935,-2.642559109874834,2.6392961876832803,20.689655172413794,29.151291512915122,-3.9780521262002817,-2.097902097902098,165.91591482430312,347.00721085978427,3.0728279447776035,3.475258709637334
LHB,LafargeHolcim Bangladesh PLC,53.7,-0.18587360594794483,-5.954465849387038,-10.20066889632106,4.27184466019418,-0.5555555555555503,14.012738853503187,-4.955752212389376,-27.137042062415194,-28.874172185430456,638.8639183536714,2.6312587402862,2.140216593923375
LIBRAINFU,Libra Infusions Ltd.,610.0,1.5481937739304068,-1.6129032258064515,-4.448621553884708,-2.5559105431309903,-9.62962962962963,-4.088050314465409,-20.417482061317678,25.877011340028126,43.15514979072258,417.9245277644179,2.863507017961643,1.9331616016177056
LINDEBD,Linde Bangladesh Limited,692.1,0.043365134431926605,-3.874999999999997,-5.836734693877548,5.825688073394499,-17.292065009560222,-8.814229249011856,-27.323322482410997,-50.068537623548075,-50.02888086642599,34.258001939864215,1.3959377766861358,1.0952734714873535
LOVELLO,Taufika Foods and Lovello Ice-cream PLC,63.4,-0.15748031496063214,-6.074074074074076,-10.325318246110331,-16.02649006622517,3.4257748776508996,-7.038123167155431,-26.033333148416673,111.02881874788014,388.18000063951575,388.18000063951575,3.3166152786549685,3.0273298235435115
LRBDL,Lub-rref (Bangladesh) Ltd,14.7,-0.6756756756756852,-5.769230769230771,0.6849315068493127,36.1111111111111,48.48484848484847,48.48484848484847,7.299270072992701,-71.6763005780347,-63.7037037037037,-63.7037037037037,3.0521736359861147,3.9511050567153614
LRGLOBMF1,LR Global Bangladesh Mutual Fund One Units,4.3,2.3809523809523725,-4.444444444444448,-10.416666666666668,26.470588235294112,38.709677419354826,53.57142857142858,19.444444444444436,-50.57471264367816,-30.645161290322584,-53.26086956521739,4.2202758481828235,5.683840771458117
MAGURAPLEX,Magura Multiplex PLC,86.3,0.46565774155994344,-3.142536475869806,-6.195652173913046,4.860267314702309,-4.851157662624042,2.8605482717520756,-24.298245614035093,-49.61945968113383,382.9222776408645,382.9222776408645,2.7136038784668792,2.3671947142456085
MAKSONSPIN,Maksons Spinning Mills PLC,6.0,1.6949152542372818,-9.090909090909086,0.0,7.1428571428571495,0.0,27.6595744680851,-7.6923076923076925,-77.52808988764045,-12.499999781249999,-62.837078475474684,4.637072908259349,5.042148128485634
MALEKSPIN,Malek Spinning Mills PLC,47.3,0.4246284501061481,-5.964214711729623,7.744874715261957,67.7304964539007,60.8843537414966,63.66782006920415,39.528023598820056,32.492997198879536,188.41463414634148,89.19999999999999,3.35293773421356,3.9689871745973027
MARICO,Marico Bangladesh Limited.,2735.1,0.051212642206536596,0.18681318681318348,-0.5418181818181851,-0.6321525885558616,-4.09887798036466,3.0907240586483735,-3.967557318914364,17.28559176672384,118.266698587503,628.3888149134488,0.4058513949156445,0.5762335634561067
MATINSPINN,Matin Spinning PLC,62.9,0.15923566878981119,-1.5649452269170578,11.921708185053372,32.70042194092827,30.769230769230763,35.26881720430107,14.990859232175493,10.350877192982454,57.25,39.77777777777777,4.1584912235320095,3.8941205299930104
MBL1STMF,MBL 1st Mutual Fund 2010- Units,8.5,0.0,0.0,21.428571428571427,129.7297297297297,112.5,150.0,102.38095238095238,0.0,41.666666666666664,23.188405797101446,3.600392140400092,5.5326507208250515
MEGCONMILK,Meghna Condensed Milk Industries Ltd.,35.5,1.4285714285714286,2.305475504322758,-5.333333333333333,-11.69154228855722,20.338983050847457,146.52777777777777,86.84210526315789,69.04761904761905,393.05555555555554,273.6842105263158,3.363290204225877,4.854908362268874
MEGHNACEM,Meghna Cement Mills PLC,29.5,-1.0067114093959755,-6.940063091482648,-17.13483146067416,-14.244186046511626,-14.244186046511626,0.6825938566552877,-45.26901669758813,-59.34531219373045,-59.55533478337676,-60.06235565947271,4.238099525080482,3.707049593212963
MEGHNAINS,Meghna Insurance PLC,37.5,0.2673796791443888,-8.536585365853659,-0.2659574468085144,15.740740740740746,20.967741935483872,33.45195729537366,36.36363636363637,240.9090909090909,240.9090909090909,240.9090909090909,4.067688678742212,4.424854504769772
MEGHNALIFE,Meghna Life Insurance PLC,54.0,-1.0989010989011014,-9.849749582637727,-11.475409836065573,-3.743315508021393,-1.8181818181818181,6.2992125984252025,-12.903225806451612,-27.25239645832544,42.90659405835972,-17.08795371363159,4.166971629849736,3.904085727240039
MEGHNAPET,Meghna Pet Industries Ltd.,82.4,-2.253855278766301,-2.9446407538280326,-14.166666666666663,16.05633802816902,213.30798479087454,277.98165137614683,173.75415282392026,184.1379310344828,1111.7647058823532,1187.5,4.371116361514492,5.6538047960994025
MERCANBANK,Mercantile Bank PLC,7.1,1.4285714285714235,-1.3888888888888962,-5.333333333333338,2.8985507246376705,-20.2247191011236,-4.054054054054063,-23.655913978494635,-55.84146354495569,10.872055344006988,-31.376032875156206,2.841046277665999,2.466383749265975
MERCINS,Mercantile Islami Insurance PLC,42.0,0.9615384615384581,-5.405405405405403,0.9615384615384581,43.83561643835616,67.33067729083665,64.70588235294117,52.17391304347825,-22.365988909426992,292.52336448598135,52.233010173812175,3.839928460198813,4.4024413851377036
METROSPIN,Metro Spinning Ltd.,9.7,1.041666666666663,-6.7307692307692415,4.301075268817189,4.301075268817189,8.988764044943807,14.117647058823522,-6.7307692307692415,-69.32228907993223,33.18846145188904,-35.45482237513466,3.874586947858878,4.669627728640371
MHSML,Mozaffar Hossain Spinning Mills Ltd.,20.1,-0.4950495049504845,-7.798165137614676,-7.798165137614676,-15.546218487394954,0.5000000000000071,48.8888888888889,21.818181818181824,-15.899581589958148,35.35003019790485,-18.76883370606725,4.4052220137586,3.3369255790638994
MIDASFIN,MIDAS Financing PLC,5.4,-3.5714285714285587,-8.47457627118644,-9.999999999999995,-3.571428571428559,-19.402985074626862,20.000000000000007,-11.475409836065563,-73.12331742261597,-60.84425738550578,-78.05019260100357,4.293828004354321,4.5132082705478265
MIDLANDBNK,Midland Bank PLC,17.5,0.0,-4.89130434782608,-6.91489361702128,18.24324324324324,-2.234636871508372,2.339181286549699,-7.4074074074074,100.27777703675,100.27777703675,100.27777703675,2.260976734746595,2.951252836095009
MIRACLEIND,Miracle Industries Limited,28.8,0.0,-3.999999999999998,-0.6896551724137907,3.9711191335740126,-10.55900621118013,-9.433962264150944,6.666666666666669,-32.23529411764706,24.605111313347802,212.48625548735632,2.006690671742408,3.0618430096270264
MIRAKHTER,Mir Akhter Hossain Ltd,35.4,-1.6666666666666705,-8.290155440414514,-15.107913669064757,-21.15812917594655,19.594594594594586,28.26086956521738,22.49134948096886,-62.73684210526316,-56.2962962962963,-56.2962962962963,3.7809561510863055,3.3022309068703417
MITHUNKNIT,Mithun Knitting & Dyeing (CEPZ) Ltd.,14.0,0.0,-16.666666666666668,-6.04026845637584,-11.949685534591197,-16.16766467065868,-4.109589041095888,-24.324324324324323,-36.93693693693693,-75.43859639212066,-73.18417436905112,5.93672000165957,6.231342861314029
MJLBD,MJL Bangladesh PLC,90.2,0.11098779134296176,-3.01075268817204,-4.246284501061571,1.2345679012345776,-2.1691973969631237,0.22222222222222537,-8.146639511201629,-5.3515215110178325,-14.59873739198247,58.47638865898808,1.4555864858885297,1.3270467775256802
MLDYEING,M.L. Dyeing & Textile Ind. PLC,12.5,-2.3437500000000053,-16.666666666666668,-23.780487804878042,31.57894736842105,38.888888888888886,48.8095238095238,27.551020408163257,-62.462462462462454,81.12500076470975,81.12500076470975,9.215346432848039,8.143532283003148
MONNOAGML,Monno Agro & General Machinery Ltd.,328.1,-0.030469226081647136,-5.200809014735626,-6.78977272727272,-5.473926822241428,-5.44668587896253,-11.204330175913391,-18.585607940446646,-9.40119357808935,767.6227886015954,2538.3850891488974,2.0638513486366787,2.012377098195407
MONNOCERA,Monno Ceramic Industries Limited.,86.2,-0.5767012687427913,-5.792349726775954,-9.926854754440962,-11.225540679711628,-3.6871508379888236,5.378973105134482,-5.274725274725272,-36.61764705882353,221.27840526833734,403.3361681786885,3.2534991475838457,2.463277986143299
MONNOFABR,Monno Fabrics Ltd.,21.2,-0.9345794392523332,-6.194690265486735,-4.932735426008975,-9.4017094017094,-11.297071129707112,-0.9345794392523332,19.101123595505612,-10.169491525423737,-10.169491525423737,-10.169491525423737,3.7112351528526,3.9747088727126507
MONOSPOOL,Monospool Bangladesh PLC,106.5,0.282485875706212,-6.496927129060584,-12.704918032786885,3.3980582524271843,6.713426853707417,12.460401267159448,-1.626506319216862,-22.662170227718644,122.68181728096901,122.68181728096901,2.741269171247105,2.4548613352881463
MPETROLEUM,Meghna Petroleum PLC,209.1,0.04784688995215039,-1.6000000000000028,-2.289719626168227,3.5661218424962797,3.361344537815117,8.510638297872344,0.4805382027871216,3.0049261083743812,16.36060100166945,46.5031845668726,0.7060405018321093,0.8392257114852434
MTB,Mutual Trust Bank PLC,13.4,0.0,-0.7407407407407381,-1.4705882352941124,27.186441109106582,23.595294855147465,36.65821227236985,33.40444533617906,5.03627154465103,131.4073785931593,175.8806499461527,2.6888282065029867,2.2690097261870177
NAHEEACP,Nahee Aluminum Composite Panel PLC,32.7,0.30674846625767305,-8.146067415730334,-10.899182561307901,4.472843450479241,43.42105263157896,76.75675675675677,53.52112676056339,-36.25730994152046,-48.11680161720595,-48.11680161720595,3.862324240736731,3.4734853485954025
NATLIFEINS,National Life Insurance PLC,97.0,-0.7164790174002076,-5.6420233463035,-4.901960784313726,-1.5228426395939085,-6.909788867562382,3.4115138592750562,-14.912280701754385,-57.45614035087719,-21.778963883507252,-28.59300170881128,1.9510655531935093,2.251886985638217
NAVANACNG,Navana CNG Limited,20.6,-0.4830917874396033,-5.936073059360718,-8.035714285714274,-1.4354066985645797,-1.904761904761898,-3.286384976525818,-4.62962962962963,-45.66626767094756,-51.262875287252,-65.05923045526107,2.5909109064689932,2.3521215285273422
NAVANAPHAR,Navana Pharmaceuticals PLC,65.5,-0.7575757575757576,-3.817914831130682,-8.005617977528093,-7.092198581560283,7.026143790849669,25.000000000000004,13.321799307958482,148.10606060606062,148.10606060606062,148.10606060606062,2.6283173212588506,2.51080266267909
NBL,National Bank PLC,3.6,2.85714285714286,-2.702702702702705,-7.692307692307688,-9.999999999999998,-26.530612244897963,12.499999999999996,0.0,-58.62068965517241,-34.802559230638906,-66.26032457264104,3.984126984126987,3.539620471951295
NCCBANK,National Credit and Commerce Bank PLC,14.8,-1.3333333333333286,-3.896103896103894,-5.128205128205121,-0.671140939597313,18.40005436930498,26.163992403754683,26.163992403754683,5.711143299535227,110.34296942758886,34.3505142698488,1.7666033932154566,1.9197543794270255
NCCBLMF1,NCCBL Mutual Fund-1 2012- Dividend Units,6.5,3.174603174603177,-5.797101449275367,-10.958904109589039,44.44444444444444,51.162790697674424,62.5,35.41666666666667,-25.287356321839077,4.838709677419351,-45.833333333333336,5.734767025089603,6.328138293742939
NEWLINE,New Line Clothings Ltd.,6.1,1.6666666666666607,-4.687500000000011,5.172413793103446,10.909090909090903,17.307692307692296,52.49999999999999,0.0,-80.7570977917981,-75.55638497416346,-75.55638497416346,5.51789492807831,6.688183470653657
NFML,National Feed Mill Ltd,16.4,-1.2048192771084507,-13.684210526315795,-19.211822660098534,-2.3809523809523934,0.6134969325153243,16.312056737588644,62.376237623762364,-49.80606061108001,14.826965229621937,-41.205524991528556,5.354015782229124,4.472801508350739
NHFIL,National Housing Finance PLC,26.5,-0.7490636704119823,-9.86394557823129,-16.927899686520373,9.958506224066383,6.0,17.77777777777778,11.814345991561185,-55.90015132929637,-2.8333335373833277,-13.226159760044206,3.7099526147016735,3.3698771091902047
NITOLINS,Nitol Insurance PLC,46.5,0.8676789587852464,-3.526970954356852,31.355932203389838,55.0,52.96052631578949,65.48042704626333,70.32967032967032,-17.245762504978813,199.50650236313626,95.20606931856099,4.1633116791889,5.810698171490198
NORTHERN,Northern Jute Manufacturing Co. Ltd.,109.9,1.477377654662981,-3.5964912280701706,-9.547325102880654,-2.570921985815595,-0.09090909090908574,28.839390386869884,-2.311111111111106,-63.133176786313314,-62.31999984928,632.6666715511111,6.04628166102638,4.615097022589828
NORTHRNINS,Northern Islami Insurance PLC,38.8,0.0,-7.619047619047626,3.191489361702116,12.541436745441983,33.57377080274549,46.54676295629495,27.711599086378857,-32.66115686228974,200.76510114752054,26.92149011759379,5.079526107543474,5.002053471507996
NPOLYMER,National Polymer Industries PLC,31.4,-0.317460317460322,-7.374631268436579,-12.04481792717088,-1.8750000000000044,10.175438596491224,18.045112781954877,1.9480519480519412,-54.42670537010161,-33.10189351053097,117.57096985748571,3.4969540644350876,3.441521152755292
NRBBANK,NRB Bank PLC,6.6,1.538461538461533,-5.71428571428572,1.538461538461533,15.789473684210515,-5.71428571428572,8.196721311475411,-21.428571428571434,-26.66666666666667,-26.66666666666667,-26.66666666666667,3.0490902132693205,4.109007441960642
NRBCBANK,NRBC Bank PLC,8.9,0.0,-15.238095238095235,11.250000000000004,20.27027027027027,34.84848484848486,74.50980392156865,28.98550724637681,-63.37715213188202,-30.01373754054916,-30.01373754054916,4.624000171322038,4.95940405043056
NTC,National Tea Company Limited,160.0,0.18785222291797832,-2.9126213592233077,-8.414424728105317,2.629890955740856,-6.976744186046512,-7.940161104718073,-19.638372677046707,-69.31338703490603,-70.64758759860575,-79.22077922077922,2.2366487696018202,3.1815823548635733
NTLTUBES,National Tubes Limited,65.2,0.0,-2.9761904761904763,-7.122507122507122,7.413509060955518,1.3996889580093401,4.320000000000005,-22.28843861740167,-40.347666971637686,-37.19781604022091,176.6936811605351,2.9935970646623824,2.719883482038302
NURANI,Nurani Dyeing & Sweater Ltd.,3.4,3.030303030303033,-10.526315789473683,13.33333333333333,13.33333333333333,25.925925925925913,70.0,41.66666666666667,-69.91150442477876,-79.90722404178462,-79.90722404178462,8.433160106147724,7.136659049994927
OAL,Olympic Accessories Ltd,6.7,0.0,-4.285714285714283,1.5151515151515234,9.836065573770501,8.064516129032258,17.543859649122805,-4.285714285714283,-59.14634146341463,-60.6933332976953,-72.24163198485415,2.0810386569824706,3.4359738470728254
OIMEX,Oimex Electrode Ltd.,15.5,0.0,0.0,-3.72670807453417,6.164383561643838,17.42424242424243,1.3071895424836555,-32.314410480349345,-43.01470588235294,-68.91453298907372,-68.91453298907372,2.456300080650578,2.766796853029569
OLYMPIC,Olympic Industries PLC.,144.9,-0.13783597518951662,-2.6209677419354875,-4.356435643564352,1.2578616352201337,-9.437499999999996,5.305232558139544,-13.389121338912135,-20.20925110132158,-50.2956548912927,96.10526442889275,1.867948945775638,1.8067395945690403
ONEBANKPLC,One Bank PLC,7.9,0.0,-3.658536585365841,0.0,6.756756756756756,-3.658536585365841,12.857142857142861,1.2820512820512888,-13.931578559607534,-13.931578559607534,-13.931578559607534,1.75339896858884,2.2236921540718972
ORIONINFU,Orion Infusion Ltd.,228.2,0.13163668275558707,-6.857142857142862,-21.147201105736006,-25.788617886178866,-38.75469672571123,-32.90208762128786,-56.943396226415096,157.85310734463275,218.27057182705718,396.0869565217391,4.077430898407646,3.6409007535475753
ORIONPHARM,Orion Pharma Ltd.,26.5,-1.1194029850746294,-5.357142857142857,-7.9861111111111125,3.1128404669260727,-14.516129032258064,-2.5735294117647034,-19.207317073170728,-62.72855133614627,-29.521276595744684,-61.219512040000005,2.599706722645426,2.348737202331768
PADMALIFE,Padma Islami Life Insurance Ltd.,17.0,0.5917159763313694,-2.2988505747126355,-5.027932960893847,-5.027932960893847,-2.857142857142857,1.796407185628747,-10.994764397905765,-59.036144578313255,-9.333332994844449,-65.30393702186171,3.851404388764886,3.5148065748192994
PADMAOIL,Padma Oil PLC,194.6,0.10288065843620814,-1.8163471241170508,-3.424317617866008,10.568181818181815,7.04070407040703,14.808259587020647,-1.8658598083711633,-14.273127753303967,5.132360886007564,14.470588120823532,1.1285833333674395,0.873677865465638
PARAMOUNT,Paramount Insurance PLC.,61.0,0.3289473684210573,-10.294117647058824,0.8264462809917356,22.0,11.51736745886654,40.229885057471265,35.55555555555556,-33.1140350877193,841.3003148473639,363.5356771936328,3.901169100693739,4.377588541785546
PDL,Pacific Denims Ltd.,5.6,0.0,-8.196721311475411,1.8181818181818117,5.660377358490563,19.148936170212753,21.73913043478261,-5.084745762711876,-65.7212121351314,-71.57409278450629,-71.57409278450629,3.8985865918715303,4.752389517948947
PENINSULA,The Peninsula Chittagong PLC,22.0,-0.4524886877828118,-3.9301310043668063,-10.204081632653061,0.0,-2.654867256637174,20.218579234972673,101.8348623853211,-7.949790794979074,47.651006711409394,-39.210526163815786,3.57923734743352,3.0493735357538814
PEOPLESINS,Peoples Insurance PLC,62.7,0.15974440894568917,-7.111111111111107,14.207650273224052,24.158415841584162,51.44927536231885,72.72727272727275,81.21387283236994,11.964285714285719,338.4615384615385,137.50000000000003,3.2931521862880864,4.396042148001178
PF1STMF,Phoenix Finance 1st Mutual Fund Units,14.1,-0.7042253521126736,-1.398601398601406,11.023622047244098,83.11688311688312,176.47058823529412,182.0,187.7551020408163,40.99999999999999,199.99999999999997,78.48101265822783,2.8291831366449314,4.1496466235372305
PHARMAID,Pharma Aids Limited.,592.0,0.7659574468085106,-2.7914614121510675,-5.28,0.8346107988417607,3.8596491228070176,20.081135902636916,-6.343932922006015,32.142857142857146,97.33333333333333,322.5553176302641,2.6155717326289674,2.52062989483366
PHENIXINS,Phoenix Insurance PLC,50.1,-1.1834319526627246,-7.904411764705877,12.58426966292135,21.601941747572813,60.57692307692309,86.94029850746269,86.24535315985132,-22.92307692307692,166.48936170212767,11.830357142857153,4.87941193376316,4.636062239673209
PHOENIXFIN,Phoenix Finance and Investments Ltd.,3.7,2.77777777777778,-7.499999999999996,-5.128205128205121,0.0,-13.953488372093016,54.16666666666668,37.03703703703704,-88.68501529051989,-72.244307793253,-86.43882952700521,6.006006006005999,7.832944960486234
PHPMF1,PHP First Mutual Fund Units 2010-,3.6,0.0,-2.702702702702705,-9.999999999999998,16.129032258064516,28.571428571428584,50.00000000000001,12.499999999999996,-50.68493150684932,-6.7200005082723555,-35.536857591345644,5.048477048477046,5.793847858857944
PIONEERINS,Pioneer Insurance PLC,67.4,-0.29585798816566367,-8.049113233287846,1.506024096385542,11.960132890365452,31.54275125822491,47.13097748274559,56.570796851604,-44.621036365133165,183.6381239035893,68.20512535576437,3.5262412066353734,3.4983396654178085
PLFSL,Peoples Leasing and Financial Services Ltd.,1.9,5.555555555555548,-20.833333333333336,5.555555555555547,0.0,11.76470588235294,258.49056603773585,11.76470588235294,-36.66666666666667,-72.05882352941177,-93.5294117705154,11.883040935672513,11.3924232008481
POPULAR1MF,Popular Life First Mutual Fund Units 2010-,3.6,0.0,0.0,-14.285714285714286,20.000000000000004,28.571428571428584,50.00000000000001,9.0909090909091,-50.68493150684932,-0.6612004296458255,-31.4154038392952,5.031746031746029,6.0718533184667205
POPULARLIF,Popular Life Insurance Co. Ltd.,60.0,0.0,-3.225806451612903,0.1669449081803029,11.11111111111111,13.636363636363642,41.1764705882353,25.26096033402923,-38.775510204081634,-15.492957746478874,-46.15384583076923,3.446259945684438,3.537623268140384
POWERGRID,Power Grid Co. of Bangladesh Ltd.,37.0,-0.5376344086021582,-5.128205128205129,-3.896103896103896,11.782477341389724,16.719242902208205,37.546468401487,10.77844311377246,-36.206896551724135,-35.763888888888886,-31.860036832412522,2.64962976845553,3.006255397861164
PRAGATIINS,Pragati Insurance PLC,76.7,-0.5188067444876673,-8.363201911589009,3.508771929824573,6.97350069735007,2.598700919086114,9.87621656304316,39.3315691569694,0.3918148818786637,376.7425963287304,92.84628838580889,3.3433239350612745,3.9291534222621323
PRAGATILIF,Pragati Life Insurance PLC,151.8,0.26420079260238155,-6.871165644171772,-8.499095840867989,-7.490304804469812,-30.9714758857955,12.976995825801422,6.969890989235542,65.26498519464486,191.7227985066993,129.22118950809795,4.096786989781882,3.616844533087798
PREMIERBAN,The Premier Bank PLC,5.8,1.7543859649122744,-1.6949152542372972,13.725490196078436,41.46341463414635,3.5714285714285747,44.99999999999999,-14.705882352941178,-53.969798792951146,49.83347662408147,-20.681903474258167,2.788868723532973,3.758894649113247
PREMIERCEM,Premier Cement Mills PLC,47.8,-0.829875518672211,-1.4432989690721707,-5.905511811023622,14.628297362110297,20.403022670025173,21.938775510204067,-0.208768267223385,-42.06060606060607,-53.04518664047151,-54.476190476190474,5.121544731003575,3.291652537553205
PREMIERLEA,Premier Leasing & Finance Limited,2.1,0.0,-19.23076923076923,-15.999999999999996,-27.58620689655172,16.666666666666668,288.88888888888886,0.0,-82.92682926829269,-68.48687468876851,-84.50756465407693,7.04968944099379,8.959607565858017
PRIME1ICBA,Prime Bank 1st ICB AMCL Mutual Fund Units,5.9,1.7241379310344922,-4.838709677419351,-13.23529411764705,31.111111111111118,34.090909090909086,37.20930232558141,20.408163265306122,-28.048780487804866,13.461538461538463,-18.05555555555555,5.264022124276209,5.968931853804768
PRIMEBANK,Prime Bank PLC,29.5,0.0,-1.6666666666666667,-3.278688524590164,0.3401360544217736,-9.693877311432729,7.5520836022135445,9.452297073113971,35.68108954854818,116.9211950358348,3.829036783375599,1.1514391670413142,1.1137379725978582
PRIMEFIN,Prime Finance and Investment Ltd.,3.1,0.0,-3.1250000000000027,-16.216216216216218,-8.823529411764701,-22.499999999999996,181.8181818181818,-3.1250000000000027,-81.21212121212122,-56.33802816901408,-88.58895701041062,4.516129032258064,6.695478897561724
PRIMEINSUR,Prime Islami Insurance PLC,53.3,-1.2962962962963016,-11.75496688741722,14.62365591397849,41.75531914893616,58.630952380952365,78.26086956521739,49.29971988795516,-5.160142348754459,303.78787878787875,49.240000352206394,5.306305045173548,6.693821158773946
PRIMELIFE,Prime Life Insurance Company Limited,37.3,0.0,-9.466019417475742,-4.603580562659857,-15.227272727272732,0.8108108108108031,13.030303030303022,-11.190476190476197,-47.53867791842475,-34.21516754850089,-58.96999993722411,6.3241720888506165,4.662128227649433
PRIMETEX,Prime Textile Spining Mills Ltd.,15.7,0.0,-6.547619047619055,-6.547619047619055,-22.66009852216749,9.79020979020978,13.768115942028974,17.164179104477604,-40.53030303030303,-22.66009852216749,-22.277227722772277,3.4921319335305183,3.6984102865017645
PROGRESLIF,Progressive Life Insurance Co. Ltd.,38.3,0.0,-1.542416452442163,-7.038834951456324,-4.488778054862854,-17.634408602150543,-16.008771929824572,-25.486381322957204,-67.45964316057774,-3.2326557832790157,-48.806516220994176,4.583215637662748,5.117834438172588
PROVATIINS,Provati Insurance PLC,56.5,0.7130124777183575,-7.224958949096878,0.17730496453900962,33.254716981132084,76.01246105919003,96.86411149825784,62.824207492795374,-62.76136383000455,613.0062079696406,202.50417096766475,3.3169357406640234,3.9861918507474905
PTL,Paramount Textile PLC,68.9,0.43731778425657636,2.8358208955223967,9.365079365079374,17.777777777777786,23.255813953488385,33.01158301158303,24.144144144144153,37.206034691643,578.0702340404881,169.67418200561121,2.090387837412231,2.1979902205806163
PUBALIBANK,Pubali Bank PLC,38.8,-0.25706940874036355,-3.482587064676631,4.021447721179625,15.820895522388053,11.550026604681339,44.40132893272465,53.862105661629435,126.79598728176266,247.2444380477882,122.56665444523335,2.1471323507532336,2.5784342291604774
PURABIGEN,Purabi General Insurance Co. Ltd.,30.4,0.6622516556291367,-5.882352941176467,0.330033003300323,1.3333333333333286,38.18181818181818,56.701030927835056,65.21739130434783,-34.766666908030004,320.0539608503242,2.6910126145541895,3.206056242743004,3.498386840436493
QUASEMIND,Quasem Industries Limited.,41.6,-0.23980815347722165,-4.36781609195402,-9.565217391304346,-3.255813953488369,-0.7159904534606137,9.999999878365381,7.92452820516199,1.4095235109600597,-3.7924127557926637,161.7859082106829,2.665613284794018,2.323006779996982
QUEENSOUTH,Queen South Textile Mills Ltd.,15.1,-0.657894736842103,-11.176470588235295,-13.714285714285715,18.897637795275593,32.456140350877185,26.890756302521,6.338028169014087,-52.784660950809,-37.81539291440353,-37.81539291440353,5.002660083711147,6.456431974927821
RAHIMAFOOD,Rahima Food Corporation Ltd.,79.1,1.2804097311139566,-8.765859284890437,-11.71875,-20.66198595787363,-43.940467753366406,-50.56250000000001,-49.61783439490446,-75.2889721961887,38.7719298245614,359.8837209302325,3.77725662052965,3.525755967678494
RAHIMTEXT,Rahim Textile Mills Ltd.,197.2,-0.15189873417722097,-6.050500238208679,-4.27184466019418,2.1232522009321566,-9.54128440366973,-7.548054383497432,-4.642166344294014,-45.97260273972603,19.677669903169033,388.93768338205035,3.447938844237611,3.6707082384957292
RAKCERAMIC,RAK Ceramics (Baneladesh) Limited,31.0,-1.2738853503184668,2.9900332225913573,-0.3215434083601332,27.572016460905346,25.50607287449393,39.63963963963965,43.51851851851851,-33.760683760683754,-31.14423073612703,-22.77352945925898,2.9796599132193307,2.846348752953532
RANFOUNDRY,Rangpur Foundry Limited,152.2,0.19749835418037062,-6.683016554261193,-4.93441599000625,-7.757575757575765,-0.5228758169934715,6.50804758572427,-8.862275449101803,13.244047619047604,39.76124885215793,145.4838709677419,3.212329025983281,2.6547659700775514
RDFOOD,Rangpur Dairy and Food Products Limited,23.8,-0.8333333333333304,-8.46153846153846,-12.177121771217713,-25.624999999999996,10.185185185185182,19.000000000000004,-7.751937984496124,-48.063559516465446,163.14163285161248,47.1014358631726,3.9267805459329654,3.0775005103118476
RECKITTBEN,Reckitt Benckiser (Bangladesh) PLC,3296.1,-0.021232710507166734,-0.5341300018106184,-0.27532373230061447,-0.11515500469711755,-7.904442581726741,-3.6228070175438623,-1.4029314986539063,-26.68816725978648,109.01077996195308,346.021650879567,0.32446889660073136,0.5071244240007232
REGENTTEX,Regent Textile Mills Ltd.,5.7,-8.064516129032258,-10.937500000000002,-9.523809523809518,9.615384615384615,39.02439024390246,42.50000000000001,90.0,-62.74509803921569,-44.80789104471934,-77.78517608494825,8.479275899834397,6.582283826051233
RELIANCE1,Reliance Insurance Mutual Fund Reliance One Units,13.3,1.5267175572519165,8.130081300813007,9.016393442622963,26.66666666666667,-2.2058823529411686,-15.286624203821647,-12.499999999999991,0.0,60.24096385542168,46.15384615384617,4.410568729686463,3.855145957207738
RELIANCINS,Reliance Insurance PLC,109.6,0.458295142071494,-7.899159663865551,-0.3636363636363688,19.389978213507625,49.31880108991824,67.5840978593272,71.78683385579937,5.283381364073007,230.78820761601443,126.96838147111154,4.454488187104205,4.361514564187015
RENATA,Renata PLC,462.5,-0.4305705059203444,-1.5957446808510638,-2.528977871443625,12.612612612612615,0.4779491635889612,17.98469387755102,-4.6588332302618065,-61.87937681938654,-30.344679399081134,48.88796323891867,1.1485343401117565,1.224148469095979
RENWICKJA,Renwick Janeswar and Co. (BD) Limited,798.4,3.6748474224126677,-6.059536416048947,-9.272727272727275,55.572876071706915,51.585342699829106,63.33878887070375,14.877697841726617,-26.986739826246,10.398230088495565,917.0700636942676,4.6185957275390805,6.056560556368513
REPUBLIC,Republic Insurance PLC,39.6,0.0,-6.823529411764703,10.924369747899156,16.129032258064516,17.857142857142858,44.525547445255484,30.693069306930695,-25.11320717315331,437.0501733184322,93.08157916081673,3.6079160380990425,4.879237649438754
RINGSHINE,Ring Shine Textiles Ltd.,4.1,0.0,-14.583333333333337,5.128205128205121,13.888888888888877,17.14285714285713,28.124999999999982,41.37931034482758,-72.48322147651007,-72.393333336094,-72.393333336094,6.667176231333183,6.774024479227914
ROBI,Robi Axiata PLc,30.8,0.0,-2.22222222222222,-5.521472392638039,3.010033444816061,-3.144654088050314,8.8339222614841,14.074074074074076,-30.0,105.33333333333333,105.33333333333333,1.2310681417900948,1.393879382280292
RSRMSTEEL,Ratanpur Steel Re-Rolling Mills Ltd,7.4,1.3698630136986376,-6.329113924050633,-5.128205128205121,-6.329113924050633,-3.896103896103894,10.447761194029853,-22.105263157894733,-77.43902439024392,-78.05576026985891,-83.67348557558871,3.222487000713385,3.03338751406354
RUNNERAUTO,Runner Automobiles PLC,51.2,-0.7751937984496096,7.563025210084036,22.195704057279247,25.183374083129596,48.8372093023256,38.378378378378386,71.81208053691275,-23.582089552238802,-44.74820130370063,-44.74820130370063,5.40702998773163,4.364663731333048
RUPALIBANK,Rupali Bank PLC,17.4,0.0,-1.6949152542372923,-3.333333333333341,8.749999999999991,-11.675126903553302,0.5780346820809125,-16.74641148325359,-46.29567727109981,27.143465095306713,-41.97092822810627,2.0729899294778718,2.57795385588019
RUPALIINS,Rupali Insurance Company Ltd.,29.3,-1.0135135135135158,-7.861635220125786,1.7361111111111112,10.268817459223612,31.474359303044878,43.76168260239487,34.344978532600926,-33.838709519485946,166.50181416243834,-6.5123744767895575,3.5177077188857586,4.098881768324636
RUPALILIFE,Rupali Life Insurance PLC,77.1,0.2600780234070073,-12.186788154897497,-12.186788154897497,-11.175115207373274,-12.585034013605451,-1.9083969465648856,-14.33333333333334,-2.9111114217955607,187.66701106700992,-23.4008543982556,4.960325025874563,3.2093426933569247
SAFKOSPINN,Safko Spinning Mills Limited,20.2,-0.4926108374384306,0.0,0.4975124378109346,-14.406779661016959,38.35616438356165,46.37681159420289,45.323741007194236,-36.04388715575598,88.40191681677075,2.298232185566315,2.4882581633650416,3.969363555623373
SAIFPOWER,SAIF Powertec Ltd.,9.5,-1.041666666666663,-5.0,0.0,53.225806451612904,43.93939393939395,90.0,63.793103448275865,-65.6313994492502,-37.959595520464674,-30.887402471239657,4.169675159289192,4.598094007715668
SAIHAMCOT,Saiham Cotton Mills Ltd.,20.5,0.4901960784313796,-9.292035398230095,-2.843601895734604,6.770833333333337,-3.301886792452827,4.59183673469387,12.63736263736264,0.0,57.69230769230769,-20.59859161639556,4.013104906734817,4.6552974959879405
SAIHAMTEX,Saiham Textile Mills Ltd.,31.9,0.9493670886075859,5.2805280528052725,66.14583333333334,82.28571428571428,42.41071428571429,84.393063583815,96.91358024691358,26.587301587301585,149.96268719207092,36.11042398221705,2.9645813557614304,5.329347234385268
SALAMCRST,S. Alam Cold Rolled Steels Limited,12.6,0.7999999999999973,-10.000000000000002,-7.352941176470589,-15.436241610738259,-18.709677419354843,-15.436241610738259,-28.813559322033896,-65.0,-50.19762845849802,-73.52941176470588,4.992257283894264,4.801311804663332
SALVO,Salvo Organic Industries PLC,32.2,0.0,-9.295774647887315,-15.92689295039163,-15.706806282722512,2.222222222222231,6.270627062706278,2.222222222222231,-41.02564102564102,206.0387945610899,88.0875126662921,3.8160962663834552,2.8646276913713704
SAMATALETH,Samata Leather Complex (Pvt.) Ltd.,93.9,0.3205128205128327,-8.031341821743379,-8.121330724070448,-12.242990654205602,-4.959514170040477,11.785714285714292,-24.4569589702333,5.3872053872054,244.52517872835287,538.519997956736,4.404963475288562,4.8101601643933405
SAMORITA,Samorita Hospital Ltd.,102.4,-2.1967526265520507,2.297702297702309,10.344827586206907,47.338129496402885,43.21678321678322,40.85281980742779,38.00539083557952,52.75539663834833,74.64582514839502,160.84991264852235,8.544653979932095,5.9168175789667385
SANDHANINS,Shandhani Life Insurance Co.Ltd,25.7,-7.2202166064981945,-9.507042253521126,-6.545454545454548,7.5313807531380785,20.657276995305157,33.16062176165802,17.351598173515985,-38.95486935866984,30.30986022677406,-39.639357723045585,2.3507408046307496,2.789625853631618
SAPORTL,Summit Alliance Port Limited,60.0,-1.315789473684206,-1.639344262295082,14.942528735632179,29.032258064516128,27.659574468085108,42.51781472684085,132.55813953488374,89.87341772151899,51.904534353818946,184.70105810244343,1.9417077153487465,2.6228117360975753
SBACBANK,SBAC Bank PLC.,6.8,0.0,-2.85714285714286,1.4925373134328306,15.254237288135583,-4.225352112676054,9.677419354838703,-8.108108108108116,-72.09874995875846,-35.06618171735732,-35.06618171735732,2.9157228108634734,4.894847879755453
SEAPEARL,Sea Pearl Beach Resort & Spa Ltd.,36.9,-0.2702702702702741,-4.651162790697685,-6.8181818181818254,2.499999999999996,11.480362537764341,11.818181818181815,-39.00826446280992,-12.142857142857146,53.75000038437501,53.75000038437501,4.517362656752597,3.3059237841518003
SEMLFBSLGF,SEML FBLSL Growth Fund Units,6.7,0.0,-4.285714285714283,-8.219178082191776,24.074074074074066,24.074074074074066,36.73469387755101,36.73469387755101,-47.24409448818897,9.836065573770501,9.836065573770501,3.9258254183627375,5.191898707618849
SEMLIBBLSF,SEML IBBL Shariah Fund Units,7.6,0.0,-2.5641025641025665,-7.317073170731704,22.580645161290313,22.580645161290313,31.034482758620687,18.74999999999999,-36.66666666666667,-44.52554744525548,-44.52554744525548,2.3894736842105293,2.7433470929854655
SHAHJABANK,Shahjalal Islami Bank PLC,17.4,-0.5714285714285796,-0.5714285714285795,-1.1363636363636525,8.749999999999991,-6.951871657754014,6.097560975609756,-4.3956043956043995,-19.27027057646141,134.01862248378217,6.956398485912178,1.0351547595318837,1.209011300043755
SHARPIND,Sharp Industries PLC,29.7,-10.000000000000002,-21.010638297872347,-15.625000000000009,77.84431137724552,91.61290322580645,130.23255813953486,62.2950819672131,82.2085889570552,82.2085889570552,82.2085889570552,11.235471328350583,8.907287943190926
SHASHADNIM,Shasha Denims PLC,27.1,0.0,-5.244755244755244,-6.551724137931029,26.6355140186916,44.9197860962567,70.44025157232704,38.265306122448976,-4.577464788732384,-3.7291361739510767,-18.811571768580677,4.353927168889423,3.4948820909461578
SHEPHERD,Shepherd Industries PLC,14.6,-1.3513513513513586,-12.048192771084347,-12.574850299401197,-7.006369426751591,8.148148148148145,8.955223880597009,-17.045454545454554,-19.10810843167568,-59.76077802379143,-59.76077802379143,4.0949098902622385,4.1997577370737655
SHURWID,Shurwid Industries Ltd,6.0,-3.2258064516129057,-7.6923076923076925,0.0,-1.6393442622950762,-10.447761194029853,30.43478260869566,-13.043478260869568,-76.19047619047619,-31.958762977787227,-80.02631586813321,3.9467838750793756,4.55672848036023
SHYAMPSUG,Shyampur Sugar Mills Ltd.,309.0,1.6113120683985456,7.180020811654523,0.032372936225323,115.18105849582173,86.144578313253,103.28947368421052,102.75590551181102,204.43349753694582,2016.4383561643833,3762.5,6.566342737559016,5.421545815924952
SICL,"Sikder Insurance Co., Ltd.",39.3,-1.503759398496244,2.6109660574412534,5.080213903743312,5.929919137466295,83.64485981308411,112.4324324324324,79.45205479452055,45.55555555555555,45.55555555555555,45.55555555555555,5.875138040339462,4.607762031255645
SILCOPHL,Silco Pharmaceuticals Ltd.,17.2,0.0,-11.340206185567007,-19.626168224299064,6.172839506172839,15.436241610738247,25.547445255474454,8.860759493670876,-48.50299401197605,-29.40298515101916,-29.40298515101916,5.077785465692814,3.8563489516351583
SILVAPHL,Silva Pharmaceuticals Ltd.,13.7,0.7352941176470562,-11.612903225806456,-19.411764705882355,10.483870967741925,36.99999999999999,42.70833333333333,18.103448275862068,-40.94827586206897,-62.144736747467114,-62.144736747467114,7.221287664249692,4.933216270689136
SIMTEX,Simtex Industries PLC,24.5,0.0,-9.926470588235292,-10.256410256410259,0.0,2.510460251046031,8.88888888888889,31.720430107526873,0.40983606557377633,45.58319012963608,-9.060363428684092,3.529177476296299,3.0300526396940204
SINGERBD,Singer Bangladesh Limited,74.7,1.219512195121959,-0.3999999999999962,-6.624999999999997,-7.2049689440993765,-17.821782178217823,-12.117647058823527,-30.576208178438655,-60.13874066168623,-44.66666672404938,-26.387204441056053,1.979078198388964,1.965953415144268
SINOBANGLA,Sinobangla Industries Ltd.,51.4,0.5870841487279788,-5.860805860805866,-9.982486865148866,-4.990757855822556,-3.0188679245283048,12.227074235807864,5.9793814432989665,10.039610819551564,116.86377843731509,182.5901880386284,3.0466016926377097,2.352114812913865
SIPLC,Sena Insurance PLC,138.9,2.660753880266071,-9.922178988326838,27.782888684452626,73.62500000000001,129.96688741721854,160.60037523452158,174.50592885375497,190.5857740585774,190.5857740585774,190.5857740585774,7.007197078935,7.479677827589103
SKTRIMS,SK Trims & Industries Ltd.,13.9,0.0,-1.4184397163120517,-3.4722222222222223,9.448818897637805,63.529411764705884,69.51219512195124,52.74725274725276,-67.67441860465117,-62.62444452019224,-62.62444452019224,5.243659712074594,4.446130172948417
SONALIANSH,Sonali Aansh Industries Limited.,212.4,0.09425070688030965,-3.891402714932124,1.384248210023869,10.68264721208963,21.579851173440193,10.395010395010395,-11.463109629012088,260.07628734901465,869.8630136986302,1473.3333333333333,3.16039082356177,3.2536595985081704
SONALILIFE,Sonali Life Insurance PLC,84.4,0.7159904534606307,-2.764976958525336,-0.11834319526626547,13.288590604026853,33.54430379746836,38.587848932676536,21.965317919075147,14.986376021798364,667.2727272727274,667.2727272727274,2.7418556283046565,3.2997160361697713
SONALIPAPR,Sonali Paper & Board Mills Ltd.,229.0,0.0,-5.761316872427984,-3.9429530201342304,3.1067086897793814,-10.860256909303223,-3.171247357293869,-8.179631114675223,10.795409542241694,51.72774313483014,51.72774313483014,2.4853577249163457,3.057620249090605
SONARBAINS,Sonar Bangla Insurance Ltd.,37.3,0.539083557951471,-7.901234567901241,-2.09973753280841,-11.790540320016897,32.314189519974654,54.80237189638486,39.87500034968749,-51.73327440765839,315.3124442226619,79.19666992823022,3.604242966116513,4.276971624060178
SONARGAON,Sonargaon Textiles Limited.,104.0,0.28929604628736466,-13.405495420482927,8.333333333333334,131.11111111111111,142.42424242424244,234.4051446945338,168.73385012919894,286.6171003717472,1123.5294117647059,457.1428585357143,6.218888456339362,6.232932965126334
SOUTHEASTB,Southeast Bank PLC,11.1,0.0,-5.128205128205125,3.7383177570093493,21.193877480530098,22.443298844104252,30.516483473456116,31.96666656109332,-19.999941419776924,7.595792223630627,-6.722724505318087,3.4335993274046315,3.8634932927715084
SPCERAMICS,Shinepukur Ceramics PLC,19.4,-1.5228426395939123,-13.004484304932745,-16.017316017316027,-14.912280701754396,22.78481012658226,32.87671232876712,-0.5128205128205201,-46.111111111111114,115.55555555555553,-14.521073045839033,4.851939475076742,3.82545761302779
SPCL,Shahjibazar Power Co Ltd,51.4,-0.5802707930367587,-7.052441229656417,-8.703374777975132,-6.204379562043794,0.0,8.21052631578947,18.160919540229884,-47.84780479460527,-57.42849423758115,97.94533779162974,2.780374452830512,2.3989346832340943
SQUARETEXT,Square Textiles PLC,49.1,0.20408163265306412,-2.9644268774703555,-5.02901353965184,6.507592190889371,-2.5793650793650738,1.2371134020618586,-13.09734513274336,1.867219917012445,-16.71884573039351,-35.657536640686544,3.183386869254135,2.3392378929373203
SQURPHARMA,Square Pharmaceuticals PLC,218.1,0.09178522257915953,-0.4109589041095916,-0.8636363636363662,2.5387870239774357,-3.9207048458149805,9.597989949748742,-1.623815967523678,-5.1739130434782625,14.78604288042309,108.35826708359718,0.4861596341749068,0.7020141957544167
SSSTEEL,S.S. Steel Ltd,6.4,0.0,-8.571428571428566,-13.513513513513512,30.612244897959183,36.17021276595745,56.097560975609774,20.754716981132088,-71.67213126967587,-82.83059220142985,-82.83059220142985,4.684225629326847,3.799854425918542
STANCERAM,Standard Ceramic Industries Ltd.,72.9,3.257790368271971,0.6906077348066297,1.8156424581005748,-1.4864864864864789,2.676056338028177,3.9942938659058655,-17.905405405405396,-68.9655172413793,31.11510791366907,197.5510204081633,4.399932878806122,4.2155008551958115
STANDARINS,Standard Insurance PLC,48.9,-0.20408163265306412,-7.561436672967864,1.0330578512396695,3.1645569620253164,19.852941176470594,25.063938618925825,8.908685968819599,-49.11550468262227,454.99604425718235,87.35006714632155,3.454857966961493,3.774233580576143
STANDBANKL,Standard Islami Bank PLC,4.5,0.0,-8.163265306122456,-11.764705882352935,2.2727272727272645,-21.05263157894737,-6.2499999999999964,-30.76923076923077,-54.05993567633494,-21.241935705833214,-50.324865773978885,3.915458937198077,3.5418878511941814
STYLECRAFT,Stylecraft Limited,55.0,0.0,-8.026755852842806,-8.180300500834722,5.973025048169559,5.769230769230769,16.525423728813553,-35.89743589743589,-70.27027027027027,0.43218786190316444,123.94758016156094,2.1000498408291066,2.7007370419794277
SUMITPOWER,Summit Power Ltd.,15.4,-0.6451612903225784,-9.411764705882351,-7.784431137724544,10.000000000000002,9.219858156028373,24.193548387096772,4.76190476190477,-67.78242677824268,-52.02492211838007,-66.45753429367264,3.187297206272538,2.9211395347046327
SUNLIFEINS,Sunlife Insurance Co. Ltd.,53.5,-1.4732965009208052,-12.86644951140065,-21.20765832106039,-21.66910688140556,-0.37243947858473525,1.5180265654648901,0.37523452157599035,56.43274853801169,215.43352496497778,-42.155800407063516,5.617964702719242,5.799697123905139
TAKAFULINS,Takaful Islami Insurance PLC,51.6,0.5847953216374353,-6.352087114337568,5.306122448979594,47.85100286532952,52.662721893491145,51.76470588235295,47.42857142857144,-13.277310924369745,364.7072340777898,68.05384525711555,5.550231060568698,4.028589542720937
TALLUSPIN,Tallu Spinning Mills Limited,7.7,0.0,-7.228915662650609,-4.938271604938265,-10.465116279069761,-6.097560975609746,22.22222222222223,35.08771929824561,-36.36363636363636,-46.89655172413793,-66.52173915954631,5.3493748529578315,3.697454632599302
TAMIJTEX,Tamijuddin Textile Mills PLC,125.0,0.5631536604987954,-5.731523378582198,-4.798172124904807,5.932203389830509,-0.0799360511590682,-0.7936507936507936,-0.9365995242646913,61.95524129648821,848.2758607609989,848.2758607609989,3.269490057032284,2.657469423905873
TECHNODRUG,Techno Drugs Ltd.,43.1,-0.46189376443417035,-2.488687782805433,-8.29787234042553,-5.066079295154179,36.82539682539683,47.60273972602741,14.933333333333337,63.25757575757577,63.25757575757577,63.25757575757577,4.719491338745624,3.6647008320805132
TILIL,Trust Islami Life Insurance Ltd.,44.7,0.0,-10.420841683366724,-13.539651837524177,-5.296610169491525,-3.03687635574837,0.6756756756756853,-31.124807395993837,306.36363636363643,306.36363636363643,306.36363636363643,3.929038999004147,3.6234693698938414
TITASGAS,Titas Gas Transmission and Distribution PLC,17.6,-0.5649717514124173,-7.853403141361256,-12.87128712871286,7.975460122699389,2.32558139534885,12.820512820512832,-21.0762331838565,-61.06194690265486,-63.02521008403361,-72.41379310344828,2.7738883036269524,2.5965291562053507
TOSRIFA,Tosrifa Industries PLC,20.7,0.0,-6.756756756756757,-11.91489361702128,7.8125,20.348837209302328,21.76470588235294,3.4999999999999964,2.997572383044169,10.837686378161116,-52.32427760547777,3.696493451165982,3.8751671439337696
TRUSTB1MF,Trust Bank 1st Mutual Fund Units,3.5,0.0,-7.894736842105259,-14.634146341463408,16.666666666666668,25.000000000000007,45.83333333333334,0.0,-55.12820512820513,-5.089130837906215,-46.41850043033981,4.477906477906475,5.888010463155
TRUSTBANK,Trust Bank PLC,14.9,0.6756756756756733,-2.6143790849673225,-5.6962025316455716,-0.3503182555357155,-17.222222038271603,-10.086206671767231,-16.78191468557181,-32.61826293373935,58.43657846766406,56.9762055741509,1.7405879563774307,1.663191385839878
TUNGHAI,Tung Hai Knitting & Dyeing Ltd,4.4,-4.347826086956506,-11.999999999999993,46.66666666666668,46.66666666666668,69.23076923076924,175.0,91.30434782608698,-44.303797468354425,-53.009708769799225,-82.25333336929991,11.110437048032951,7.659135050876932
UCB,United Commercial Bank PLC,9.2,0.0,-3.157894736842113,-5.154639175257732,4.545454545454529,-10.67961165048545,-12.380952380952387,-5.154639175257732,-34.3688232791929,-20.40579010779144,-27.450723967884947,2.381954184198227,2.5148263727405586
UNILEVERCL,Unilever Consumer Care Limited,2021.0,0.19334688414060242,-0.5217562512305527,-1.4386734942696904,-1.0090125391849485,-9.35593828489415,-6.435185185185185,-16.947480890934497,14.952008531816565,103.37106918238993,504.41121495327104,0.4699237094210185,0.5859811152256313
UNIONCAP,Union Capital Limited,4.5,2.2727272727272645,-6.2499999999999964,-8.163265306122456,-2.173913043478253,-11.764705882352935,60.71428571428573,21.621621621621617,-60.869565217391305,-49.4687498073496,-76.20988744959607,4.533192370380155,4.683545650427222
UNIONINS,Union Insurance PLC,47.7,0.6329113924050723,-8.795411089866146,-2.851323828920567,21.683673469387752,33.613445378151255,29.61956521739132,28.918918918918926,333.6363636363637,333.6363636363637,333.6363636363637,5.496333744158597,4.78693186370351
UNIQUEHRL,Unique Hotel & Resorts PLC,42.3,-0.23584905660377695,-2.758620689655179,-3.6446469248291606,10.156249999999998,7.908163265306108,10.443864229765014,1.6826923076922975,-9.615384615384617,-4.514672686230249,-66.61404893449092,2.9526376986265745,2.528054436727061
UNITEDFIN,United Finance PLC,17.3,0.5813953488372177,-8.947368421052628,-3.888888888888885,40.65040650406504,33.07692307692308,49.13793103448277,37.30158730158731,-35.68773234200743,3.6589679107259103,-25.792178234443004,4.210777503554912,4.287137971185382
UNITEDINS,United Insurance Company Limited,61.0,-0.3267973856209197,-9.49554896142434,20.792079207920793,46.28297362110311,36.465324384787465,45.93301435406699,38.63636363636363,-12.732474964234628,207.7595253221619,59.77779658871754,4.477781333870644,6.123953392048555
UPGDCL,United Power Generation & Distribution Co. Ltd.,117.0,0.6018916595012923,-5.492730210016154,-7.142857142857143,-1.0152284263959415,-7.801418439716316,0.7751937984496173,-15.827338129496402,-60.33898305084746,31.785895761047588,109.75473468691112,2.6385705477327126,2.391346734768245
USMANIAGL,Usmania Glass Sheet Factory Limited,62.5,1.4610389610389587,-2.34375,-6.7164179104477615,66.66666666666667,56.64160401002506,83.82352941176471,56.25,-11.473087818696877,-30.677083542330372,28.8820417510046,5.605278885723968,6.142098801231057
UTTARABANK,Uttara Bank PLC,21.0,0.4784688995215379,-0.943396226415091,-1.4084507042253553,0.0,3.3464566929133843,14.62882096069869,24.999999999999996,55.125919269179995,135.57760738456915,62.045071646804736,0.9542036910457998,1.1120753776626517
UTTARAFIN,Uttara Finance and Investments Limited,13.0,0.0,-5.797101449275367,1.5624999999999944,3.1746031746031775,-0.7633587786259515,31.313131313131308,-13.333333333333334,-71.11111111111111,-74.76894633493461,-81.62178699818146,2.139914349216675,2.5121677166054743
VAMLRBBF,Vanguard AML Rupali Bank Balanced Fund Units,8.1,0.0,-1.219512195121947,-1.219512195121947,37.288135593220325,32.786885245901644,42.105263157894726,34.99999999999999,-12.903225806451625,-26.36363636363637,-26.36363636363637,1.7407407407407396,2.6655334660370125
VFSTDL,VFS Thread Dyeing Ltd.,13.3,-2.2058823529411686,-16.874999999999996,-21.301775147928982,-6.338028169014075,12.711864406779661,3.90625,66.25000000000001,-50.65371013313844,-43.85619533901706,-43.85619533901706,6.587224385175634,4.758828640051757
WALTONHIL,Walton Hi-Tech Industries PLC,382.1,-0.49479166666666075,-2.0256410256410198,-1.0872378980067277,4.972527472527479,-7.861104412828542,0.5526315789473744,-5.823437243379378,-70.05272535959794,11.193121581928578,11.193121581928578,1.0813396667925335,1.2389966519775883
WATACHEM,Wata Chemicals Ltd.,136.0,-0.8746355685131112,-5.2264808362369335,-3.5460992907801416,1.492537313432836,-9.333333333333334,-4.225352112676056,1.416853094705448,-55.84415584415584,24.290305485781303,544.583333605267,3.1770437878708893,2.942260341517208
WMSHIPYARD,Western Marine Shipyard Limited,9.4,0.0,-5.9999999999999964,-5.05050505050505,9.302325581395358,9.302325581395358,14.63414634146343,14.63414634146343,-41.25,-33.138605782038084,-72.69826405193992,2.7358569799718997,3.224193991435536
YPL,Yeakin Polymer Ltd.,22.2,-1.3333333333333366,-3.4782608695652204,-12.252964426877474,-12.252964426877474,32.14285714285713,25.423728813559322,15.625,40.50632911392404,-11.403381758938536,-11.403381758938536,4.4247717526683035,4.375396434045513
ZAHEENSPIN,Zaheen Spinning PLC,5.5,1.8518518518518452,-11.290322580645164,1.8518518518518452,-3.5087719298245643,3.773584905660381,37.5,-22.535211267605632,-53.38983050847458,-56.77292904272608,-61.35456654070122,6.045024391143925,5.209059956877045
ZAHINTEX,Zahintex Industries Ltd.,8.7,1.1627906976744147,-6.451612903225821,-4.3956043956043995,4.819277108433718,38.09523809523809,49.99999999999999,64.15094339622641,-20.18348623853212,-53.443243500186206,-63.325290559716954,4.601248791304926,3.5295430837750725
ZEALBANGLA,Zeal Bangla Sugar Milla Limited,190.0,2.536427415002692,-1.2987012987012987,-9.090909090909092,52.73311897106108,31.944444444444443,32.86713286713287,86.27450980392157,11.11111111111111,822.3300970873786,2083.9080459770116,7.6194831119649375,6.779609536514044
