Symbol,Name,Revenue TTM,Revenue Growth TTM,Gross Profit TTM,Operating Income TTM,Net Income TTM,EBITDA TTM,EPS dil TTM,EPS dil growth TTM
1JANATAMF,First Janata Bank Mutual Fund Units,,,,,,,,
1STPRIMFMF,Prime Finance First Mutual Fund 2009 Units,,,,,,,,
AAMRANET,aamra networks ltd,942083070.0,-30.0870312993689,464361631.0,151478594.0,74823265.0,306380300.0,0.8047,-78.2982740021575
AAMRATECH,Aamra Technologies Limited,278691541.0,-67.39435189926546,32965966.0,-23035735.0,-89426146.0,56257760.0,-1.382,-535.1385390428211
ABB1STMF,AB Bank 1st Mutual Fund 2011 Units,,,,,,,,
ABBANK,AB Bank PLC,2290695952.0,-93.46727019582937,,-35637862470.0,-36779360245.0,,-41.0624,-5600.656396517078
ACFL,Aman Cotton Fibrous Ltd.,2427240382.0,48.870732619333204,244286477.0,163581171.0,-19097216.0,,-0.1906,65.46475810835297
ACI,Advanced Chemical Industries PLC,133285753225.0,8.59101943043522,32425624138.0,8405129849.999999,-1564338844.0,10236800790.0,-17.827,-54.13946651679565
ACIFORMULA,ACI Formulations PLC,5007290455.0,0.65263894109689,1634422228.0,771321324.0,431855114.0,,9.1398,52.546106984895246
ACMELAB,ACME Laboratories Ltd.,34746355572.0,12.772056071988287,14445458250.0,6235519156.0,2403247727.0,,11.3574,-0.7090090483892056
ACMEPL,ACME Pesticides Ltd,,,,,,,,
ACTIVEFINE,Active Fine Chemicals Ltd.,,,,,,,,
ADNTEL,ADN Telecom Ltd.,1809166668.0,32.292263056610366,642447652.0,306172243.0,171617821.0,485059650.0,2.6545,-4.383689935883571
ADVENT,Advent Pharma Ltd.,478958279.0,-15.79177811463102,173341016.0,95907133.0,48685984.0,159811710.0,0.5227,-47.313778852938206
AFCAGRO,AFC Agro Biotech Ltd.,,,,,,,,
AFTABAUTO,Aftab Automobiles Ltd.,734433226.0,30.34071446938299,171323264.0,53306515.0,-108488759.0,134386770.0,-1.0279,26.646685220866335
AGNISYSL,Agni Systems PLC,761838886.0,15.796065776097903,224507371.0,134202285.99999999,96849888.0,197763740.0,1.3348,25.2862774544772
AGRANINS,Agrani Insuarnce Co. Ltd.,273642170.0,10.73191499624557,,88409475.0,55731071.0,,1.5566,8.648007259021421
AIBL1STIMF,AIBL 1st ISLAMIC Mutual Fund 2010- Units,,,,,,,,
AIL,Alif Industries Ltd.,924575513.0,17.848981045510918,154561906.0,140691944.0,131649167.0,148412950.0,2.7053,20.24089959553758
AL-HAJTEX,Alhaj Textile Mills Limited,,,,,,,,
ALARABANK,Al-Arafah Islami Bank PLC,50876780443.0,9.581172971051156,,2502387283.0,578172444.0,,0.502,-78.43827849841078
ALIF,Alif Manufacturing Company Ltd.,1356842503.0,,123191791.0,94790673.0,72450188.0,156774290.0,0.2787,
ALLTEX,Alltex Industries Limited,,,,,,,,
AMANFEED,Aman Feed Ltd.,11209921261.0,11.324907058564266,1249500507.0,512255775.99999994,59182557.0,,0.4519,-18.208144796380086
AMBEEPHA,Ambee Pharmaceuticals PLC,235216514.0,14.606183549829128,120097567.0,14442403.0,10079487.0,23440270.0,4.1998,-5.63307493540052
AMCLPRAN,Agricultural Marketing Co. Ltd.,3553260584.0,8.86163325239674,675344746.0,243141631.0,42526195.0,272999300.0,5.3158,6.335140325258545
ANLIMAYARN,Anlima Yarn Dyeing Ltd.,,,,,,,,
ANWARGALV,Anwar Galvanizing Ltd.,568395997.0,-18.3497004192205,-37765332.0000001,-83859286.0,-118312832.0,-52448000.0,-3.9193,-273.6277854073451
AOL,Associated Oxygen Ltd,,,,,,,,
APEXFOODS,Apex Foods Limited,2078066423.0000002,6.410193787517981,193489916.0,44560859.0,25875703.0,61159070.0,4.5379,-27.61827288097745
APEXFOOT,Apex Footwear Ltd.,18039354773.0,16.077010855526314,4878903012.0,1407001293.0,183664351.0,,11.6817,22.87472388766172
APEXSPINN,Apex Spinning and Knitting Mills Ltd.,5356157581.0,-1.9341278751244335,362234372.0,138137561.0,31296308.0,193133360.0,3.7258,-0.48079491425823484
APEXTANRY,Apex Tannery Limited.,624743956.0,-28.394454824856048,-1311761.0000000498,-43567874.0,-278941005.0,,-18.3032,-249.35104596121542
APOLOISPAT,Appollo Ispat Complex Ltd.,,,,,,,,
ARAMIT,Aramit Limited,290841453.0,62.6679169132182,33104394.999999996,-40397860.0,22334040.0,-26648290.0,3.7224,348.10400866738894
ARAMITCEM,Aramit Cement Limited,73007816.0,-51.798509126401036,-220424917.0,-380965113.0,-280961920.0,,-8.2929,52.9360687835192
ARGONDENIM,Argon Denims Ltd.,5833243711.0,6.437454120095746,483487577.000001,237985157.0,221892075.0,366817350.0,1.5976,97.6493876036125
ASIAINS,Asia Insurance PLC,495804445.0,-9.143378577594913,,126926634.0,79524160.0,,1.6895,14.994554859787634
ASIAPACINS,Asia Pacific General Insurance Company Limited,401689157.0,-10.913883446931363,,98379277.0,69925048.0,,1.6511,-23.510608727879177
ASIATICLAB,Asiatic Laboratories Ltd,,,,,,,,
ATLASBANG,Atlas Bangladesh Limited,,,,,,,,
AZIZPIPES,Aziz Pipes Limited.,,,,,,,,
BANGAS,Bangas Limited,,,,,,,,
BANKASIA,Bank Asia PLC,56635917416.0,29.201994341404756,,6325826650.0,2894715792.0,,2.2571,43.08989476353493
BARKAPOWER,Baraka Power Ltd.,2283279615.0,-24.812029903111128,223449203.0,135411441.0,53379248.0,263397209.99999997,0.2267,-84.63259219088937
BATASHOE,Bata Shoe Co. (Bangladesh) Ltd.,9017266134.0,-6.435630839311248,3882865172.0,633586916.0,196060241.0,1343850340.0,14.3319,-41.25788999098287
BATBC,British American Tobacco Bangladesh Co Ltd,98145618000.0,10.363133635661233,41853161000.0,33437309000.0,16555079000.000002,37106772000.0,30.6576,-5.123309122306433
BAYLEASING,Bay Leasing and Investment Ltd.,,,,,,,,
BBS,Bangladesh Building Systems PLC,785506404.0,-34.35292272002652,140971324.0,69714483.0,-24942966.0,115489310.0,-0.1531,-109.28723081589324
BBSCABLES,BBS Cables PLC,2568885725.0,-49.705719351304474,466820803.0,117865322.0,-378138891.0,,-1.7861,-420.88072324292796
BDAUTOCA,Bangladesh Autocars Limited,,,,,,,,
BDCOM,BDCOM Online Ltd.,794755003.0,5.8297792905516665,373112516.0,78230496.0,49187024.0,138923160.0,0.8206,10.787093290130953
BDFINANCE,Bangladesh Finance PLC,,,,,,,,
BDLAMPS,Bangladesh Lamps PLC,1871011324.0,9.798879616548623,377740469.0,70286731.0,-64853123.99999999,122513770.0,-6.1588,48.80763380351932
BDTHAI,Bangladesh Thai Aluminium Ltd.,247445186.0,-65.19445734250063,33494276.999999996,-4218161.0,-212136814.0,76152250.0,-1.6602,-109.99241082721983
BDTHAIFOOD,BD Thai Food & Beverage Ltd.,,,,,,,,
BDWELDING,Bangladesh Welding Electrodes Ltd.,,,,,,,,
BEACHHATCH,Beach Hatchery Ltd,310767668.0,69.73601833912117,181710756.0,175299890.0,141317541.0,178247740.0,3.4134,107.06096451319382
BEACONPHAR,Beacon Pharmaceuticals PLC,,,,,,,,
BENGALWTL,Bengal Windsor Thermoplastics PLC,906645614.0,20.05624477885558,209430880.0,74212077.0,49987439.0,123902300.0,0.5465,9.871330920788093
BERGERPBL,Berger Paints Bangladesh Ltd.,27699324000.0,6.272852578000614,8679697000.0,4259205000.0,3423082000.0,5091260000.0,72.3289,5.244096390100238
BESTHLDNG,Best Holdings PLC,2482436617.0,,1385308517.0,824431350.0,626971125.0,1336976820.0,0.5182,
BEXIMCO,Bangladesh Export Import Company Ltd.,17724688111.0,,2836683255.0,1500745939.0,-3954747484.0,,-4.1965,-832.885085574572
BGIC,Bangladesh General Insurance Company PLC,,,,,,,,
BIFC,Bangladesh Industrial Finance Company Ltd.,,,,,,,,
BNICL,Bangladesh National Insurance Company Ltd,982631781.0,37.73681697940227,,246640889.0,192333623.0,,4.3465,24.310024310024296
BPML,Bashundhara Paper Mill Ltd.,7756111355.0,-42.93536621721623,608286139.999999,173498094.0,-1965755844.0,1001585600.0,-11.311,-620.7163244636773
BPPL,Baraka Patenga Power Ltd.,,,,,,,,
BRACBANK,BRAC Bank PLC,126158406059.0,49.73719396309827,,28277140189.0,14160522454.0,,7.1125,45.482623903127504
BSC,Bangladesh Shipping Corporation,5712106571.0,16.02217858329625,3338237544.0,2780282136.0,3007121337.0,3230459660.0,19.7143,33.99329839800449
BSCPLC,Bangladesh Submarine Cables PLC,3547276438.0,-23.80622349435937,2487243873.0,1660503646.0,1534467303.0,2188244430.0,7.8746,-32.468891232944856
BSRMLTD,Bangladesh Steel Re-Rolling Mills Ltd.,89736718420.0,-5.850114946086972,10916790242.0,7833287729.0,5260707015.0,,17.6188,-10.4139442413395
BSRMSTEEL,BSRM Steels Limited,93122447384.0,11.313047684959225,9459787243.0,7000297028.0,4432996537.0,8565303980.000001,11.7914,-2.8026443774007936
BXPHARMA,Beximco Pharmaceuticals Limited,46341432925.0,11.259937004223016,19578078735.0,8810403823.0,6353528200.0,10825999950.0,14.242,29.230713391285416
CAPITECGBF,CAPITEC GRAMEEN BDT10 (MUTUAL FUND) Units,,,,,,,,
CAPMBDBLMF,CAPM BDBL Mutual Fund 01 Units,,,,,,,,
CAPMIBBLMF,CAPM IBBL Islamic Mutual Fund Units,,,,,,,,
CENTRALINS,Central Insurance Company Limited,498999669.0,7.681092268350886,,128165299.0,92531178.0,,1.7411,-13.088404133180243
CENTRALPHL,Central Pharmaceuticals Ltd.,,,,,,,,
CITYBANK,City Bank PLC,86851657842.0,54.06850106145627,,19289349064.0,10659491381.0,,7.0263,63.558276496194054
CITYGENINS,City Insurance PLC,776898421.0,11.737927287497017,,299483794.0,201940569.0,,2.9625,-12.921430880926488
CLICL,Chartered Life Insurance PLC,2141660970.9999998,-13.802526800388412,,1340240552.0,1319289578.0,,35.1811,13.327298848723416
CNATEX,C & A Textiles Ltd,,,,,,,,
CONFIDCEM,Confidence Cement PLC,4109189384.0000005,-6.45792204061339,589518295.0,434306133.0,878042588.0,686045380.0,10.1798,70.67028803272642
CONTININS,Continental Insurance PLC,368256406.0,-21.790558022954748,,67674542.0,56038473.0,,1.2828,-9.233708342177886
COPPERTECH,Coppertech Industries Ltd,1838957761.0,97.83359140972055,227676804.0,175478180.0,54559332.0,223964340.0,0.8327,-13.38672768878719
CROWNCEMNT,Crown Cement PLC,31124461292.0,14.283803671883097,4075379521.0,2550985137.0,653218753.0,3765457420.0,4.3988,-44.017817371937646
CRYSTALINS,Crystal Insurance Company Ltd,,,,,,,,
CVOPRL,CVO Petrochemical Refinery PLC,1079831373.0,91.43054540596091,125880803.0,96599954.0,74641026.0,127667250.0,2.6879,-18.049330772279646
DACCADYE,Dacca Dyeing and Manufacturing Company Limited,,,,,,,,
DAFODILCOM,Daffodil Computers PLC.,516473488.0,-1.9183492018030153,176352744.0,78635316.0,4761395.0,92286950.0,0.0954,-78.5425101214575
DBH,DBH Finance PLC,9001719477.0,24.427758086538244,2521789915.0,1692150189.0,1020540696.0,1912396010.0,5.0306,13.052272012225268
DBH1STMF,DBH First Mutual Fund Units,,,,,,,,
DELTALIFE,Delta Life Insurance Company Ltd.,13258019925.0,7.379438076136107,,1510399026.0,1302321256.0,,10.5238,-12.63510933271348
DELTASPINN,Delta Spinners Limited,,,,,,,,
DESCO,Dhaka Electric Supply Co. Ltd.,8690428298.0,84.74296257628538,1896602221.0,1472893548.0,-3132971441.0,3992312930.0,-7.8803,53.60435678539888
DESHBANDHU,Deshbandhu Polymer Limited,,,,,,,,
DGIC,Desh General Insurance Company Ltd,,,,,,,,
DHAKABANK,Dhaka Bank PLC,41066548810.0,20.7362931874669,,2803826071.0,918104686.0,,0.8686,-50.90713841632284
DHAKAINS,Dhaka Insurance Limited,272170484.0,-24.61198738067241,,141306136.0,234987909.0,,5.8564,106.26210685732399
DOMINAGE,Dominage Steel Building Systems Ltd,219769800.0,12.572274301054085,40164128.0,20136523.0,13363240.0,,0.1302,
DOREENPWR,Doreen Power Generations & Systems Ltd.,15443997772.0,16.969931241922882,3544237769.0,3308138968.0,475288558.0,4277880800.0,2.6242,-34.32604234446168
DSHGARME,Desh Garments Limited.,768843173.0,,69907589.9999999,45564760.0,4907528.0,55857440.0,0.5921,
DSSL,Dragon Sweater & Spinning Ltd.,426181435.0,-47.444511997041495,104328287.0,50120551.0,60567012.0,151267320.0,0.2873,-18.380681818181813
DULAMIACOT,Dulamia Cotton Spinning Mills Limited,,,,,,,,
DUTCHBANGL,Dutch-Bangla Bank PLC,69388096481.0,39.12245702952335,,3213137441.0,3752136723.0,,3.8814,-50.95402966969091
EASTERNINS,Eastern Insurance Co. Ltd.,,,,,,,,
EASTLAND,Eastland Insurance PLC,407002541.0,24.83954874790763,,95580080.0,87835624.0,,1.0472,14.560770156438013
EASTRNLUB,Eastern Lubricants Blenders PLC,772043000.0,109.81481884097357,48802999.999999896,26072000.0,64479000.0,,41.6756,204.09713455967662
EBL,Eastern Bank PLC,64209067514.0,35.74390303619517,,11795197349.0,6893619607.0,,4.3198,-0.3667227898609278
EBL1STMF,EBL First Mutual Fund Units,,,,,,,,
EBLNRBMF,EBL NRB Mutual Fund,,,,,,,,
ECABLES,Eastern Cables Ltd.,,,,,,,,
EGEN,eGeneration PLC,,,,,,,,
EHL,Eastern Housing Ltd.,,,,,,,,
EIL,Express Insurance Ltd.,381984013.0,-22.247287914134304,,32879770.999999996,75126795.0,,1.1523,2.1361460733912434
EMERALDOIL,Emerald Oil Industries Ltd.,,,,,,,,
ENVOYTEX,Envoy Textiles Ltd.,17185261218.0,26.55990090092529,3107327180.0,2744797682.0,1171818470.0,3439763490.0,6.9862,147.86943409615046
EPGL,Energypac Power Generation PLC,3063795204.0,-83.97738829434633,599401616.0,102047713.0,-1218234486.0,487707740.0,-6.4062,-1847.173252279635
ESQUIRENIT,Esquire Knit Composite PLC,10865906644.0,51.31666987122784,1650877775.0,1064163542.9999999,343029614.0,1545351520.0,2.5429,
ETL,Evince Textiles Ltd.,3409756667.0,-2.227888118687463,288121823.999999,146455235.0,50418769.0,357996050.0,0.2744,-30.54922804353329
EXIM1STMF,EXIM Bank 1st Mutual Fund 2013- Units,,,,,,,,
EXIMBANK,Export Import Bank of Bangladesh PLC,54958592403.0,13.037596864174416,,725428476.0,-1207752182.0,,-0.8343,-136.90776376907766
FAMILYTEX,Familytex (BD) Ltd.,,,,,,,,
FARCHEM,FAR Chemicals Industries Ltd,3655276112.0,5967.604931383394,461339639.0,253833838.0,49429039.0,,0.3229,
FAREASTFIN,Fareast Finance & Investment Ltd.,211309555.0,105.29552324144818,-171023606.0,-483963146.0,-977103409.0,-213740460.0,-5.9556,14.810470605063655
FAREASTLIF,Fareast Islami Life Insurance Company Limited,,,,,,,,
FASFIN,FAS Finance & Investment Limited,,,,,,,,
FBFIF,First Bangladesh Fixed Income Fund Units,,,,,,,,
FEDERALINS,Federal Insurance PLC,,,,,,,,
FEKDIL,Far East Knitting & Dyeing Industries PLC.,,,,,,,,
FINEFOODS,Fine Foods Limited,,,,,,,,
FIRSTFIN,First Finance Ltd.,,,,,,,,
FIRSTSBANK,First Security Islami Bank PLC,33375134183.000004,-47.64558957529517,,-22342465201.0,-21864252107.0,,-18.0975,-828.2110091743119
FORTUNE,Fortune Shoes Ltd.,1544480989.0,-21.989389023168044,131245712.0,-3032687.00000001,-76011574.0,,-0.4454,-142.10227809811892
FUWANGCER,Fu-Wang Ceramic Industry Ltd.,1085333352.0,9.026486639054424,351490606.0,190411348.0,20805133.0,,0.1527,-26.017441860465112
FUWANGFOOD,Fu-Wang Foods Limited,,,,,,,,
GBBPOWER,GBB POWER Ltd.,0.0,-100.0,-19625778.0,-57672681.0,18198295.0,-73896210.0,0.1787,74.51171874999999
GEMINISEA,Gemini Sea Food PLC,394209040.0,-42.092358557567835,21067366.0,-14133589.0,-83972376.0,-10106520.0,-7.1917,-209.56610500015236
GENEXIL,Genex Infosys PLC,2070785477.9999998,36.81283236516741,918544324.0,768599851.0,263272826.0,,2.1857,-32.33336429212718
GENNEXT,Generation Next Fashions Ltd.,,,,,,,,
GHAIL,Golden Harvest Agro Industries Ltd.,833806757.0,-13.246720732069386,379458391.0,119427669.0,-207593340.0,199192880.0,-0.9618,-246.22030237580992
GHCL,Global Heavy Chemicals Ltd.,538662995.0,-13.738798887336298,-238372848.0,-271216934.0,-320127392.0,-185480300.0,-4.4462,47.70468472495031
GIB,Global Islami Bank PLC,4412488716.0,-76.64626557541143,,-29579778493.0,-29790276342.0,,-30.1692,-2115.041410633182
GLDNJMF,ICB AMCL CMSF GOLDEN JUBILEE MUTUAL FUND,,,,,,,,
GLOBALINS,Global Insurance PLC,716206168.0,-6.3459834824793395,,95361635.0,64138833.00000001,,1.5816,14.49254379614883
GOLDENSON,Golden Son Limited,607119550.0,-30.756136298302607,100906179.0,39222154.0,-278927140.0,103107630.0,-1.6242,-400.52388289676423
GP,Grameenphone Ltd.,156265875000.0,-4.083993115225448,75703348000.0,55491491000.0,29446681000.0,91171065000.0,21.8075,-16.663800581624187
GPHISPAT,GPH Ispat Limited,56670495465.0,-1.8611141998440501,7713272928.0000105,6338426474.0,517689583.99999994,8302361830.0,1.0699,-57.63611166105721
GQBALLPEN,G.Q. Ball Pen Industries Limited,,,,,,,,
GRAMEENS2,Grameen Mutual Fund One - Grameen Two Units,,,,,,,,
GREENDELMF,Green Delta Mutual Fund 2010 Units,,,,,,,,
GREENDELT,Green Delta Insurance PLC,2590737802.0,3.3721681837260307,,1048968259.0,536956769.0,,5.3595,-11.790845800622133
GSPFINANCE,GSP Finance Company PLC,,,,,,,,
HAKKANIPUL,Hakkani Pulp & Paper Mills PLC,1072561232.0,0.6693097279603686,165363883.0,90567114.0,5526557.0,136733280.0,0.2909,-82.06977317554241
HAMI,Hami Industries PLC,,,,,,,,
HEIDELBCEM,Heidelberg Materials Bangladesh PLC,14212811000.0,-10.988341904256052,1601180000.0,440993000.0,263613999.99999997,891858000.0,4.6654,-34.51978273379276
HFL,Hamid Fabrics PLC,,,,,,,,
HRTEX,H.R. Textile Mills Ltd.,,,,,,,,
HWAWELLTEX,Hwa Well Textiles (BD)PLC,1641815694.0,10.126505376218553,163657066.0,56254976.0,201798911.0,107228730.0,3.6036,-13.478991596638654
IBNSINA,BN SINA Pharmaceutical Industry PLC,11804443849.0,8.634068942269659,4597102368.0,905625650.0,632827973.0,1106446190.0,20.2546,-8.258900262704953
IBP,Indo-Bangla Pharmaceuticals Ltd.,91098199.0,-56.95048126249429,10249553.0,-29843021.0,-46012615.0,,-0.396,-154.17201540436457
ICB,Investment Corporation of Bangladesh,11812558921.0,16.49625582388555,2117749171.9999998,317164616.0,209773380.0,851796680.0,0.2419,
ICB3RDNRB,ICB AMCL Third NRB Mutual Fund 2010 Units,,,,,,,,
ICBAGRANI1,ICB AMCL First Agrani Bank Mutual Fund Units,,,,,,,,
ICBAMCL2ND,ICB AMCL Second Mutual Fund Units,,,,,,,,
ICBEPMF1S1,ICB Employees Provident Mutual Fund One Scheme One Units,,,,,,,,
ICBIBANK,ICB Islamic Bank Limited,302079672.0,7.696943253464229,,-945057987.0,-946870464.0,,-1.4245,-61.52625014173944
ICBSONALI1,ICB AMCL Sonali Bank Ltd 1st Mutual Fund 2013- Units,,,,,,,,
ICICL,Islami Commercial Insurance PLC.,,,,,,,,
IDLC,IDLC Finance PLC.,19396576593.0,29.137936389705587,9159166852.0,5642864708.0,2337955377.0,6622186140.0,5.3564,51.42194832362752
IFADAUTOS,IFAD Autos PLC,8581531348.0,18.975423635358784,1223372006.0,661776383.0,-79222307.0,766519760.0,-0.3041,-31.53114186851211
IFIC,IFIC Bank PLC,38935662350.0,-19.431230642771705,,-15507795243.0,-13122726333.0,,-6.8273,-610.5286771853736
IFIC1STMF,IFIC Bank 1st Mutual Fund Units,,,,,,,,
IFILISLMF1,IFIL Islamic Mutual Fund - 1 Units,,,,,,,,
ILFSL,International Leasing and Financial Services Ltd.,-376655896.0,-143.76695856673675,-2085840811.0,-6882720209.0,-9540863462.0,-2266089050.0,-43.0136,-337.45461572101243
INDEXAGRO,Index Agro Industries Ltd,4417339644.0,11.483722842131968,797691129.02,614563959.02,263599407.99999997,751296360.0,5.5784,16.48360826894969
INTECH,Intech Ltd.,,,,,,,,
INTRACO,Intraco Refueling Station PLC,1403728872.0,3.589008740767336,390890545.0,138817244.0,111269062.0,,1.1327,47.084794182573695
IPDC,IPDC Finance PLC,10409050336.0,19.800121072047897,3113364618.0,1003892348.0,410176165.0,1955648060.0,1.0026,16.771488469601668
ISLAMIBANK,Islami Bank Bangladesh PLC,,,,,,,,
ISLAMICFIN,Islamic Finance & Investment PLC,767826414.0,-21.381619332802558,-79392475.9999999,-1490837000.0,-1530083281.0,-245319510.0,-10.9037,-169.45336825977367
ISLAMIINS,Islami Insurance Bangladesh Limited,553244013.0,5.007128101444714,,175202045.0,145785018.0,,3.5415,16.183321304376356
ISNLTD,Information Services Network Ltd.,,,,,,,,
ITC,IT Consultants PLC,1476207140.0,1.8996649450023138,832063593.0,586511721.0,482685828.0,,3.7536,28.135454359254464
JAMUNABANK,Jamuna Bank PLC,35286275724.0,14.684457846604658,,5583070243.0,2828654502.0,,3.0113,-5.655116235353102
JAMUNAOIL,Jamuna Oil Company Limited,1658314093.0,27.00318046484146,,144980000.0,5526877664.0,287045380.0,50.0511,36.55426992134318
JANATAINS,Janata Insurance PLC,431555471.0,0.000878921388413649,,86398948.0,55902851.0,,1.1531,-2.74943071603272
JHRML,JMI Hospital Requisite Manufacturing Ltd,1777732263.0,-5.56961502402282,511441299.0,389375828.0,271406270.0,530685750.0,2.1662,-15.24044293148648
JMISMDL,JMI Syringes & Medical Devices Ltd.,1922186334.54,11.845231511806503,321226487.58000004,173147300.6,74328713.48,239984900.0,2.473,
JUTESPINN,Jute Spinners Limited,,,,,,,,
KARNAPHULI,Karnaphuli Insurance PLC,542980106.0,15.143166911438977,,121195599.0,96222641.0,,2.1442,10.400576665636917
KAY&QUE,Kay and Que (Bangladesh) Ltd.,231239429.0,-19.84253539532415,48281229.0,17843204.0,13121102.0,,1.9161,-20.838669696343736
KBPPWBIL,Khan Brothers PP Woven Bag Industries Ltd,103922654.0,52.08268567768762,34769403.0,27486122.0,20633319.0,53358490.0,0.2104,
KDSALTD,KDS Accessories Ltd.,2906687270.0,15.259850185742932,510447860.0,237221761.0,165587137.0,330157100.0,2.2155,20.07479269416292
KEYACOSMET,Keya Cosmetic Ltd.,,,,,,,,
KOHINOOR,Kohinoor Chemical Co. (Bangladesh) Ltd.,5926108892.0,-1.0470602917565301,1761763843.0,819746611.0,603222211.0,,15.9681,39.84043857498162
KPCL,Khulna Power Company Ltd.,1470460885.0,-67.92617806285185,-109841987.0,-133165297.00000001,132466500.0,100930080.0,0.3333,1.5539305301645319
KPPL,Khulna Printing & Packaging Ltd,,,,,,,,
KTL,Kattali Textile Ltd.,,,,,,,,
LANKABAFIN,LankaBangla Finance PLC,,,,,,,,
LEGACYFOOT,Legacy Footwear Ltd.,43666997.0,1134.7325858073748,13516522.0,-12812.9999999995,4830654.0,,0.1121,-88.0959966018902
LHB,LafargeHolcim Bangladesh PLC,28105126000.0,2.013139799733551,8590042000.0,5354870000.0,3746795000.0,,3.2262,-21.24112003515368
LIBRAINFU,Libra Infusions Ltd.,,,,,,,,
LINDEBD,Linde Bangladesh Limited,,,,,,,,
LOVELLO,Taufika Foods and Lovello Ice-cream PLC,1308109796.0,51.43882739903548,549975253.0,391031711.0,202652750.0,,2.2226,126.33401221995926
LRBDL,Lub-rref (Bangladesh) Ltd,621382921.0,-18.479711383588334,95179648.0,-68985596.0,-149157735.0,128661579.99999999,-1.027,-676.9662921348314
LRGLOBMF1,LR Global Bangladesh Mutual Fund One Units,,,,,,,,
MAGURAPLEX,Magura Multiplex PLC,,,,,,,,
MAKSONSPIN,Maksons Spinning Mills PLC,,,,,,,,
MALEKSPIN,Malek Spinning Mills PLC,22921718993.0,4.800217484414026,2689294480.0,2447376378.0,1425710503.0,2994729230.0,7.3642,27.287183475931215
MARICO,Marico Bangladesh Limited.,16309360877.0,12.291073921457313,9183504376.0,6680909648.0,5906078932.0,6977927720.0,187.4946,28.21695343641588
MATINSPINN,Matin Spinning PLC,8979675604.0,23.730184617622886,1304411816.0,1007903793.0,403797211.0,1441612360.0,4.1419,112.44870742716454
MBL1STMF,MBL 1st Mutual Fund 2010- Units,,,,,,,,
MEGCONMILK,Meghna Condensed Milk Industries Ltd.,,,,,,,,
MEGHNACEM,Meghna Cement Mills PLC,780825094.0,-61.16148066204925,249932275.0,32096066.999999996,-1029480688.0000001,157934400.0,-32.5903,-9011.758271807492
MEGHNAINS,Meghna Insurance Company Ltd,,,,,,,,
MEGHNALIFE,Meghna Life Insurance PLC,4115954866.0,-9.04071895870388,,17112495468.000002,-1608500461.0,,-39.4317,-41.86003842251819
MEGHNAPET,Meghna Pet Industries Ltd.,,,,,,,,
MERCANBANK,Mercantile Bank PLC,40941627011.0,18.020429335004543,,1177551210.0,465877116.0,,0.421,-83.20434054097184
MERCINS,Mercantile Islami Insurance PLC,473848974.0,18.307301750725653,,91613200.0,82772662.0,,1.9207,84.5052833813641
METROSPIN,Metro Spinning Ltd.,3289407.0,-94.7207439334505,-17941397.0,-46736909.0,-411117062.0,,-6.666,-49.25774165379191
MHSML,Mozaffar Hossain Spinning Mills Ltd.,2890905389.0,-5.5964863331771415,569592163.0,499283963.0,83650904.0,703819430.0,0.8283,
MIDASFIN,MIDAS Financing PLC,497891606.0,-62.395881283987556,-83303916.0,-371367495.0,-414604031.0,-386949180.0,-2.8813,33.10037381875595
MIDLANDBNK,Midland Bank PLC,11177832986.0,38.051902860288635,,600519487.0,647509751.0,,0.9828,-45.39089848308052
MIRACLEIND,Miracle Industries Limited,229113156.0,59.96446214060725,-43700578.0,-57280950.0,-95749999.0,-49826190.0,-2.7188,-1.3494371132483416
MIRAKHTER,Mir Akhter Hossain Ltd,1966052962.0,-30.99326884041334,610293592.0,386390001.0,238299886.0,,1.9732,-43.8826005346681
MITHUNKNIT,Mithun Knitting & Dyeing (CEPZ) Ltd.,,,,,,,,
MJLBD,MJL Bangladesh PLC,41509122993.0,15.521710253346535,7348739057.0,6185436279.0,3245685092.0,7498286540.0,10.2468,4.276148413489929
MLDYEING,M.L. Dyeing & Textile Ind. PLC,925742135.0,11.820948686117452,93641293.9999999,72292452.0,53334509.0,232523300.0,0.2295,292.97945205479454
MONNOAGML,Monno Agro & General Machinery Ltd.,110990226.0,-11.809550398391341,22402598.0,15892475.0,8688666.0,20918870.0,2.022,60.22187004754357
MONNOCERA,Monno Ceramic Industries Limited.,311793643.0,4.981660124662977,32538006.000000004,-521911.000000003,32049054.0,59346170.0,0.8496,-74.68263901305203
MONNOFABR,Monno Fabrics Ltd.,1647057606.0,20.524586671270452,364440381.0,322076441.0,10671789.0,390465740.0,0.0928,8.284714119019831
MONOSPOOL,Monospool Bangladesh PLC,1783769650.0,92.54309900396315,491940125.0,428065493.0,127228672.0,447005460.0,3.7305,-56.81341961774001
MPETROLEUM,Meghna Petroleum Limited,144613955286.0,-35.00886571683994,,1507002533.0,6595795904.0,,57.5041,42.024006520289475
MTB,Mutual Trust Bank PLC,46874421754.0,26.60428985825392,,4328186956.0,3191315716.0,,2.9797,10.449254948476531
NAHEEACP,Nahee Aluminum Composite Panel PLC,308939641.0,,54233030.0,31962613.0,18471990.0,56811780.0,0.2702,
NATLIFEINS,National Life Insurance PLC,,,,,,,,
NAVANACNG,Navana CNG Limited,4319863941.0,9.345351207704402,789137482.0,519370132.0,7941435.0,873386990.0,0.1051,10.748155953635406
NAVANAPHAR,Navana Pharmaceuticals PLC,8470278491.999999,30.233551798053544,3720636192.0,1341211503.0,422538326.0,1639397360.0,3.9337,-3.962402343750002
NBL,National Bank Limited,20922079927.0,-21.68244502118967,,-34747860367.0,-16247432415.0,,-5.0462,16.14961532709659
NCCBANK,National Credit and Commerce Bank PLC,37665193676.0,23.432353500515767,,6980043145.0,2744246096.0,,2.4714,88.31149039926852
NCCBLMF1,NCCBL Mutual Fund-1 2012- Dividend Units,,,,,,,,
NEWLINE,New Line Clothings Ltd.,,,,,,,,
NFML,National Feed Mill Ltd,,,,,,,,
NHFIL,National Housing Finance PLC,2025599400.0,19.60589470481194,625219685.0,201665473.0,-14428493.0,426477700.0,-0.1233,-121.22568428300913
NITOLINS,Nitol Insurance Co. Ltd.,595046442.0,49.296835549783,,110539490.0,79940120.0,,1.9089,58.625560910752874
NORTHERN,Northern Jute Manufacturing Co. Ltd.,,,,,,,,
NORTHRNINS,Northern Islami Insurance PLC,462154085.0,-43.42158003430031,,99512467.0,74222387.0,,1.7399,-6.612634855885351
NPOLYMER,National Polymer Industries PLC,5614780510.0,-21.229844425157797,995180975.0,545729946.0,97911236.0,,1.3416,-50.790448593331625
NRBBANK,NRB Bank PLC,11076893546.0,36.89186067816749,,-1443079588.0,-882930969.0,,-1.2785,-161.3424815276845
NRBCBANK,NRBC Bank PLC,20385189676.0,1.4184010013020738,,-208175078.0,-466877395.70000005,,-0.5634,-129.40501043841337
NTC,National Tea Company Limited,,,,,,,,
NTLTUBES,National Tubes Limited,527620996.0,15.625758996690259,191219558.0,115289060.0,66571986.99999999,,1.9118,628.0274181264281
NURANI,Nurani Dyeing & Sweater Ltd.,,,,,,,,
OAL,Olympic Accessories Ltd,22015449.0,-62.24238154181132,-82354507.0,-90322242.0,-136095271.0,-13710060.0,-0.8028,67.5741174569836
OIMEX,Oimex Electrode Ltd.,,,,,,,,
OLYMPIC,Olympic Industries PLC.,27944859303.0,9.977948360295386,6424704913.0,1849550605.0,1851552935.0,2354926170.0,9.2606,10.66418106641811
ONEBANKPLC,One Bank PLC,34495407317.0,16.06732171318706,,530988398.99999994,1024257945.0000001,,0.961,-50.95687675427405
ORIONINFU,Orion Infusion Ltd.,675084405.0,-20.615078164398387,280364231.0,84078891.0,41224065.0,105547740.0,2.0248,-3.4660309892729537
ORIONPHARM,Orion Pharma Ltd.,6192379073.0,-46.13575323478752,1795686531.0,561825273.0,-109388316.0,1216045820.0,-0.4675,-124.01870119194412
PADMALIFE,Padma Islami Life Insurance Ltd.,,,,,,,,
PADMAOIL,Padma Oil PLC,86533316000.0,-48.599677936130135,3117166000.00001,1085609000.0,5483563000.0,1293810000.0,55.8222,49.563544585970206
PARAMOUNT,Paramount Insurance PLC.,374358931.0,-15.572850501154347,,104845483.0,81106324.0,,1.9945,-18.090349075975364
PDL,Pacific Denims Ltd.,,,,,,,,
PENINSULA,The Peninsula Chittagong PLC,383800682.0,-3.4244970826411696,94736856.0,28704367.0,-128465217.0,70290110.0,-1.0826,-121.7079664140897
PEOPLESINS,Peoples Insurance Company Limited,787973752.0,6.617556659508886,,219393030.0,148430754.0,,3.2128,22.299200609059778
PF1STMF,Phoenix Finance 1st Mutual Fund Units,,,,,,,,
PHARMAID,Pharma Aids Limited.,416814275.0,1.930937713411356,116727929.0,74336944.0,53085782.0,80839180.0,17.0147,4.6948934572998615
PHENIXINS,Phoenix Insurance Co. Ltd.,459967704.0,44.04627682531206,,65180842.0,56947074.0,,1.4116,-0.25438100621820575
PHOENIXFIN,Phoenix Finance and Investments Ltd.,,,,,,,,
PHPMF1,PHP First Mutual Fund Units 2010-,,,,,,,,
PIONEERINS,Pioneer Insurance Co Ltd,1849385692.0,0.26613991523318714,,585308635.0,432563271.0,,4.4253,-8.015132303726956
PLFSL,Peoples Leasing and Financial Services Ltd.,37989033.0,-96.31493862306631,-4403734654.0,-4517690306.0,-4519196274.0,-4509182650.0,,
POPULAR1MF,Popular Life First Mutual Fund Units 2010-,,,,,,,,
POPULARLIF,Popular Life Insurance Co. Ltd.,,,,,,,,
POWERGRID,Power Grid Co. of Bangladesh Ltd.,30427100413.0,15.455889656404578,13328161356.0,12573810482.0,-6988121931.0,23505113410.0,-7.6473,-234.1913210680418
PRAGATIINS,Pragati Insurance Limited,1607083860.0,10.308589397768811,,555531501.0,414529508.0,,5.2572,12.49438298418676
PRAGATILIF,Pragati Life Insurance PLC,,,,,,,,
PREMIERBAN,The Premier Bank PLC,,,,,,,,
PREMIERCEM,Premier Cement Mills PLC,24352053674.0,-11.011648081263768,3326866694.0,2464958418.0,266259058.99999997,3326741040.0,2.525,
PREMIERLEA,Premier Leasing & Finance Limited,,,,,,,,
PRIME1ICBA,Prime Bank 1st ICB AMCL Mutual Fund Units,,,,,,,,
PRIMEBANK,Prime Bank PLC,52136972761.0,34.249189017431135,,12132867365.0,8310626957.950001,,7.1607,45.232735016732576
PRIMEFIN,Prime Finance and Investment Ltd.,,,,,,,,
PRIMEINSUR,Prime Insurance Company Limited,862004555.0,25.382648329678275,,106273033.0,75471982.0,,1.8463,-16.046744270643863
PRIMELIFE,Prime Life Insurance Company Limited,3925517523.0,-2.6898502729928815,,-248480818.0,-232587941.0,,-7.6208,-967.8738184717004
PRIMETEX,Prime Textile Spining Mills Ltd.,,,,,,,,
PROGRESLIF,Progressive Life Insurance Co. Ltd.,,,,,,,,
PROVATIINS,Provatee Insurance Company Limited,866267734.0,-33.22824533744676,,92345767.0,74539523.0,,1.849,-9.94106473138182
PTL,Paramount Textile PLC,12020652618.0,24.165275836545803,2539389581.0,2187324014.0,1094003337.0,3084460660.0,5.638,-6.036465451151637
PUBALIBANK,Pubali Bank PLC,98578062993.0,32.10495144134807,,16276990348.0,9263720533.0,,7.1181,9.16828980261645
PURABIGEN,Purabi General Insurance Co. Ltd.,,,,,,,,
QUASEMIND,Quasem Industries Limited.,1434221189.0,1.5692781814437144,327183646.0,59635845.0,29677973.0,,0.4081,-57.37859007832898
QUEENSOUTH,Queen South Textile Mills Ltd.,,,,,,,,
RAHIMAFOOD,Rahima Food Corporation Ltd.,100088751.0,-60.75509942462235,19508019.0,11754177.0,9898208.0,16596699.999999998,0.4949,-66.58564580379448
RAHIMTEXT,Rahim Textile Mills Ltd.,1260403168.0,-12.054245781720656,183217355.0,137306743.0,11299782.0,205500130.0,1.1945,
RAKCERAMIC,RAK Ceramics (Baneladesh) Limited,6584441323.0,-8.434175765526103,880858287.999998,59183227.0,-274460823.0,596893270.0,-0.6413,-174.20735940754457
RANFOUNDRY,Rangpur Foundry Limited,1499682242.0,3.6456989757267535,303781992.0,88816275.0,38861778.0,94944860.0,3.8862,2.6303279987323758
RDFOOD,Rangpur Dairy and Food Products Limited,1209855728.0,18.892394673924237,325077164.0,137135491.0,64090414.99999999,,0.8436,-27.011593701332405
RECKITTBEN,Reckitt Benckiser (Bangladesh) PLC,5605807005.0,13.515535901851017,2790815373.0,1056535781.0,753741450.0,,159.522,-0.848852957684151
REGENTTEX,Regent Textile Mills Ltd.,,,,,,,,
RELIANCE1,Reliance Insurance Mutual Fund Reliance One Units,,,,,,,,
RELIANCINS,Reliance Insurance Ltd.,2239998665.0,15.13060655337485,,1497494639.0,1038617855.0,,9.8765,30.060048987331772
RENATA,Renata PLC,41394881548.0,13.506432687755158,17150363247.000002,4587284881.0,2813835034.0,6292757680.0,24.533,22.658867056647168
RENWICKJA,Renwick Janeswar and Co. (BD) Limited,,,,,,,,
REPUBLIC,Republic Insurance Co. Limited,593203939.0,-8.878498072014233,,120987641.0,103937262.0,,1.9,-12.727940838730417
RINGSHINE,Ring Shine Textiles Ltd.,3058154073.0,-52.07132207514535,-144722400.0,-425671427.0,-1549588790.0,,-3.0972,-581.380167858253
ROBI,Robi Axiata PLc,97259842000.0,-4.411715117160459,38854155000.0,21861808000.0,8715220000.0,50314679000.0,1.6639,85.952168082253
RSRMSTEEL,Ratanpur Steel Re-Rolling Mills Ltd,,,,,,,,
RUNNERAUTO,Runner Automobiles PLC,10062535554.0,46.02985697257962,3355491429.0,2091317904.0,351093526.0,2292157320.0,3.0922,
RUPALIBANK,Rupali Bank PLC,56555152162.0,6.338275318807277,,1757357480.0,-223399441.0,,-0.4578,-132.18277680140596
RUPALIINS,Rupali Insurance Company Ltd.,,,,,,,,
RUPALILIFE,Rupali Life Insurance Co. Ltd.,,,,,,,,
SAFKOSPINN,Safko Spinning Mills Limited,,,,,,,,
SAIFPOWER,SAIF Powertec Ltd.,,,,,,,,
SAIHAMCOT,Saiham Cotton Mills Ltd.,5688506943.0,-8.24924037415415,705481052.0,555313444.0,145181128.0,825358710.0,0.9758,3.467288728660794
SAIHAMTEX,Saiham Textile Mills Ltd.,3552999186.0,21.710380758924614,454518524.0,354398921.0,49662011.0,487529630.0,0.5484,-24.44199503995591
SALAMCRST,S. Alam Cold Rolled Steels Limited,,,,,,,,
SALVOCHEM,Salvo Chemical Industry Ltd.,2494385690.0,16.039413431560725,191296790.0,94744212.0,5177106.0,214360470.0,0.0796,-96.09669984798704
SAMATALETH,Samata Leather Complex (Pvt.) Ltd.,,,,,,,,
SAMORITA,Samorita Hospital Ltd.,390831792.0,3.4996327147674795,201177429.0,10514970.0,11638620.0,35638170.0,0.5338,-4.251121076233174
SANDHANINS,Shandhani Life Insurance Co.Ltd,,,,,,,,
SAPORTL,Summit Alliance Port Limited,6851629121.0,244.16369045319487,1722908259.0,1331059415.0,635829640.0,1468670380.0,2.6843,77.40400502280089
SBACBANK,SBAC Bank PLC.,12134742552.0,3.6204354856339034,,546231193.0,-153908171.0,,-0.1867,-126.00278551532034
SEAPEARL,Sea Pearl Beach Resort & Spa Ltd.,640960981.0,-60.841324169954916,441944153.0,85841231.0,-404612217.0,,-3.3459,-212.64518735481266
SEMLFBSLGF,SEML FBLSL Growth Fund Units,,,,,,,,
SEMLIBBLSF,SEML IBBL Shariah Fund Units,,,,,,,,
SEMLLECMF,SEML Lecture Equity Management Fund Units 2015,,,,,,,,
SHAHJABANK,Shahjalal Islami Bank PLC,32612774747.0,24.78120880540687,,6135939384.0,1559619383.0,,1.4013,-58.340517882094126
SHARPIND,Sharp Industries PLC,4243312393.0,126.9154591981843,777136178.0,516428582.0,179470456.0,,0.5914,1565.915492957747
SHASHADNIM,Shasha Denims PLC,11664298579.0,8.062051634292827,1282888189.0,1084604212.0,303283830.0,1381966750.0,2.1504,122.49353336782202
SHEPHERD,Shepherd Industries PLC,2494825326.0,2.3070682634338193,294265898.0,222631604.0,20439605.0,294545340.0,0.1327,
SHURWID,Shurwid Industries Ltd,,,,,,,,
SHYAMPSUG,Shyampur Sugar Mills Ltd.,,,,,,,,
SIBL,Social Islami Bank PLC,29776395003.0,-14.455462571388683,,-5348076155.0,-6233710918.0,,-5.5012,-383.6401134312967
SICL,"Sikder Insurance Co., Ltd.",,,,,,,,
SILCOPHL,Silco Pharmaceuticals Ltd.,,,,,,,,
SILVAPHL,Silva Pharmaceuticals Ltd.,431684066.0,-29.419069657956026,159051805.0,-113954738.0,-131562546.0,,-0.9638,-325.51876379690947
SIMTEX,Simtex Industries PLC,1891551131.0,21.021715453636368,314064680.0,191291383.0,77204713.0,278443780.0,0.97,2.062289562289557
SINGERBD,Singer Bangladesh Limited,20487026484.0,13.859571624093695,4539952640.0,837104073.0,-1384791656.0,1502106120.0,-13.8892,-891.5427138542201
SINOBANGLA,Sinobangla Industries Ltd.,2750992501.0,22.29273333517459,304234444.0,181074325.0,38267356.0,241168360.0,1.2857,-10.758658985215522
SIPLC,Sena Insurance PLC,,,,,,,,
SKTRIMS,SK Trims & Industries Ltd.,,,,,,,,
SONALIANSH,Sonali Aansh Industries Limited.,,,,,,,,
SONALILIFE,Sonali Life Insurance Company Ltd,,,,,,,,
SONALIPAPR,Sonali Paper & Board Mills Ltd.,2866480614.0,35.50442937099438,,,280694010.0,,,
SONARBAINS,Sonar Bangla Insurance Ltd.,,,,,,,,
SONARGAON,Sonargaon Textiles Limited.,,,,,,,,
SOUTHEASTB,Southeast Bank PLC,47702616905.0,18.81960504261556,,4045417426.0,547957104.0,,0.4097,-63.77862257978959
SPCERAMICS,Shinepukur Ceramics Limited.,1881811149.0,-4.822883744477377,73656230.9999997,-44684348.0,-172526962.0,,-1.1739,-760.6077658975802
SPCL,Shahjibazar Power Co Ltd,10784035054.0,-32.380296525945504,960790459.000002,519161752.0,69499018.0,,0.3724,-94.8783540317146
SQUARETEXT,Square Textiles PLC,23741678823.0,13.798833952540711,3121013742.0,2788470555.0,1332896402.0,3787925330.0,6.7573,14.296104599042645
SQURPHARMA,Square Pharmaceuticals PLC,75860142232.0,14.627627984845004,33480166862.0,18289121594.0,23503291344.0,20509249010.0,26.5139,16.131646146231642
SSSTEEL,S.S. Steel Ltd,24310998314.0,23.383286591309464,4132298749.99999,3467596362.0,6026277.0,,0.0183,-87.37060041407867
STANCERAM,Standard Ceramic Industries Ltd.,,,,,,,,
STANDARINS,Standard Insurance Ltd.,425477033.0,19.206123093171673,,152003157.0,104056211.0,,2.4033,
STANDBANKL,Standard Bank PLC,23852831987.0,21.63937220428626,,1967428248.0,858978358.0,,0.7786,-45.27307232726506
STYLECRAFT,Stylecraft Limited,102975458.0,-77.84956430130815,-5802563.0,-16715829.0,-47234927.0,845240.0,-3.4019,48.90661139647352
SUMITPOWER,Summit Power Ltd.,47360616481.0,22.863956046973524,8148156790.0,6974772512.0,2346322711.0,,,
SUNLIFEINS,Sunlife Insurance Co. Ltd.,,,,,,,,
TAKAFULINS,Takaful Islami Insurance PLC,,,,,,,,
TALLUSPIN,Tallu Spinning Mills Limited,,,,,,,,
TAMIJTEX,Tamijuddin Textile Mills PLC,4114114049.0,6.39814261799367,872357375.0,807852377.0,203000927.0,,6.7521,1.414860541612231
TECHNODRUG,Techno Drugs Ltd.,,,,,,,,
TILIL,Trust Islami Life Insurance Ltd.,,,,,,,,
TITASGAS,Titas Gas Transmission and Distribution PLC,356718773655.0,-0.7125485380379692,-1966062355.9999201,-7082407535.0,-15263678452.0,-6360829200.0,-15.43,-351.79047228647556
TOSRIFA,Tosrifa Industries Ltd,5354417293.0,7.5289169083167975,588852371.0,214601170.0,44681199.0,345789070.0,0.6572,9.533333333333339
TRUSTB1MF,Trust Bank 1st Mutual Fund Units,,,,,,,,
TRUSTBANK,Trust Bank PLC,53626325377.0,31.491098059301425,,7983043316.0,3665763607.0,,3.7675,-12.694366556206976
TUNGHAI,Tung Hai Knitting & Dyeing Ltd,,,,,,,,
UCB,United Commercial Bank PLC,77737030903.0,21.63940556326923,,-2532282348.0,-1009878251.0,,-0.6503,-139.03127063201487
UNILEVERCL,Unilever Consumer Care Limited,,,,,,,,
UNIONBANK,Union Bank PLC,,,,,,,,
UNIONCAP,Union Capital Limited,,,,,,,,
UNIONINS,Union Insurance Co. Ltd,,,,,,,,
UNIQUEHRL,Unique Hotel & Resorts PLC,2723345857.0,-6.854896433898911,1665963863.0,679230640.0,1717598442.0,956741430.0,5.8342,1.2003469210754618
UNITEDFIN,United Finance PLC,2866746329.0,22.622566752764236,1494867891.0,649775875.0,211018120.0,823207770.0,1.1277,73.11943506294135
UNITEDINS,United Insurance Company Limited,418347161.0,7.338918527206649,,166766620.0,103754057.0,,2.3316,20.570896680111694
UPGDCL,United Power Generation & Distribution Co. Ltd.,39191283193.0,7.612090093896086,12656607413.0,12465152623.0,11658453609.0,16628755850.000002,20.1113,55.57111252069248
USMANIAGL,Usmania Glass Sheet Factory Limited,,,,,,,,
UTTARABANK,Uttara Bank PLC,28731856689.0,26.52054295928788,,9395911923.0,4612360836.0,,4.7537,18.054486303921333
UTTARAFIN,Uttara Finance and Investments Limited,,,,,,,,
VAMLBDMF1,Vanguard AML BD Finance Mutual Fund One Units 2015,,,,,,,,
VAMLRBBF,Vanguard AML Rupali Bank Balanced Fund Units,,,,,,,,
VFSTDL,VFS Thread Dyeing Ltd.,,,,,,,,
WALTONHIL,Walton Hi-Tech Industries PLC,78239795144.0,14.48100516953068,28943929571.0,17708615590.0,12906295225.0,20594377590.0,42.6052,-0.345007449821868
WATACHEM,Wata Chemicals Ltd.,728902245.0,-5.478272722252348,224195114.0,192553367.0,4846872.0,231796820.0,0.327,
WMSHIPYARD,Western Marine Shipyard Limited,,,,,,,,
YPL,Yeakin Polymer Ltd.,,,,,,,,
ZAHEENSPIN,Zaheen Spinning PLC,,,,,,,,
ZAHINTEX,Zahintex Industries Ltd.,,,,,,,,
ZEALBANGLA,Zeal Bangla Sugar Milla Limited,,,,,,,,
