Symbol,Name,Total Assets FQ,Current Assets FQ,Cash on Hand FQ,Total Liabilities FQ,Total Debt FQ,Net Debt FQ,Total equity FQ,Current ratio FQ,Quick ratio FQ,Debt/Equity FQ,Cash/Debt FQ
GP,GRAMEENPHONE LTD,198299813000.0,17493554000.0,9202652000.0,141379718000.0,66069585999.99999,56866934000.0,56920095000.0,0.187124590705331,0.181537259253996,1.16074272188056,0.13928726600466365
SQURPHARMA,SQUARE PHARMACEUTICALS PLC,141654773900.0,74237565441.0,50520972282.0,6964188469.0,977794540.0,-49543177742.0,132595489343.0,12.1166870740631,9.74194816426314,0.00737453302083931,51.668290438602774
BATBC,BRITISH AMERICAN TOBACCO BANGLADESH CO LTD,118563610000.0,78090347000.0,13860447000.0,65766637000.0,24666019000.0,10805572000.0,52796973000.0,1.40410338355227,0.541050161815498,0.467186234332033,0.5619247678354582
ROBI,ROBI AXIATA PLC,198464430000.0,17987991000.0,3911669000.0,133987369000.0,51405503000.0,47493834000.0,64477061000.0,0.237862145065647,0.234283381151521,0.797268085777049,0.07609436289340463
BRACBANK,BRAC BANK LTD,1172147356591.0,99271023502.0,,1062843128961.9999,126508984205.0,52706211429.0,109304227629.0,0.227835781335566,,1.49148766997161,
WALTONHIL,WALTON HI-TECH INDUSTRIES PLC ,163138313711.0,82281326688.0,2749141969.0,48415094246.0,38940774573.0,36191632604.0,114630607954.0,2.04656111453989,1.1119103577914,0.339706604265996,0.0705980299350837
BEXIMCO,BEXIMCO LTD,175567329000.0,64990556000.0,2064380999.9999998,97680742000.0,87435289000.0,85370908000.0,77886587000.0,2.19772802382927,2.01636713424094,1.1225975147684901,0.023610386877088035
MARICO,MARICO BANGLADESH LTD,13855159980.0,12143469474.0,3092223180.0,6322513527.0,174821504.0,-2917401676.0,7532646453.0,1.98947668629624,1.5060771196495,0.02320851046054,17.687887984306553
UPGDCL,UNITED POWER GENERATION AND DISTRIBUTION COMPANY LTD ,81534628452.0,47994898017.0,1379003413.0,37893151826.0,6633008056.0,5254004643.0,43641476626.0,1.28552667966575,1.21126960351275,0.153849851993942,0.2079001565138458
BERGERPBL,BERGER PAINTS BANGLADESH LTD,25584269000.0,16153343000.0,6249793000.0,11077649000.0,1077621000.0,-5172172000.0,14506620000.0,1.61914171173515,0.942140142545195,0.0742847748131543,5.799620645848587
ISLAMIBANK,ISLAMI BANK BANGLADESH PLC,,,,,,,,,,,
LHB,LAFARGEHOLCIM BANGLADESH PLC ,35762904000.0,17823528000.0,8398281999.999999,16803777999.999998,114590000.0,-8283691999.999999,18959126000.0,1.20233157586172,0.971004517834664,0.00604389718549754,73.28983331878872
RENATA,RENATA PLC,59814837000.0,20938627000.0,1027589999.9999999,25119838000.0,19002692000.0,17975102000.0,34694999000.0,1.32822369261138,0.398003207610472,0.547706947620895,0.05407602249197113
BXPHARMA,BEXIMCO PHARMACEUTICALS LTD ,73802180000.0,24631982000.0,2376747000.0,20173217000.0,6193299000.0,3816552000.0,53628963000.0,2.13461998762141,0.818264862579838,0.124672865277534,0.3837610617540022
UNILEVERCL,UNILEVER CONSUMER CARE LTD,,,,,,,,,,,
ICB,INVESTMENT CORPORATION OF BANGLADESH I.C.B.,204344305715.0,,12564565661.0,163459535121.0,49847262551.0,37282696890.0,40884770594.0,,,1.21921365120123,0.2520612972105514
DUTCHBANGL,DUTCH-BANGLA BANK PLC,743030450557.0,185281990235.0,,691363183410.0,40716148622.0,-28271889506.0,51667267147.0,0.383661520553891,,0.788045330637623,
EBL,EASTERN BANK PLC,682088219317.0,41195528052.0,,637866234579.0,106425764859.0,76321942628.0,44221984737.0,0.274968871400864,,2.40662569742047,
PUBALIBANK,PUBALI BANK PLC,1061573030974.0,167289152289.0,,1004085444384.0,73263074453.0,-30808011495.0,57487586590.0,0.541659335632051,,1.27441557919528,
CITYBANK,CITY BANK PLC,789115809618.0,65170039050.0,,740971372625.0,62412427875.0,24364782776.0,48144436993.0,0.261790784651277,,1.29636187162154,
OLYMPIC,OLYMPIC INDUSTRIES PLC.,15978517791.0,10111767108.0,5929405653.0,3929842949.0,430625112.0,-5498780541.0,12048674842.0,2.5887955944697,1.96285096499217,0.0357404542530188,13.769298370597578
PRIMEBANK,PRIME BANK PLC,596048813003.0,165135957269.0,,555087427092.0,108533858935.0,77521932752.0,40961385911.0,0.859476785509481,,2.64966276630382,
MJLBD,MJL BANGLADESH PLC,46659503834.0,19308710743.0,2314463556.0,28474534195.0,21181830446.0,18867366890.0,18184969639.0,0.696638907488316,0.50188262774412,1.31511770404467,0.10926645654634941
POWERGRID,POWER GRID COMPANY OF BANGLADESH LTD,737795046072.0,89376186646.0,19585032920.0,608472333966.0,484666195951.0,465081163031.0,103226257388.0,1.58166542368507,1.43461037345203,4.6951832626196,0.04040932312510621
BSCPLC,BANGLADESH SUBMARINE CABLES PLC,22672919566.0,8921390607.0,5528663704.0,6511447428.0,4250187887.0,-1278475817.0,15285059249.0,5.50559030356,5.50559030356,0.278061590587427,1.3008045411146314
BEACONPHAR,BEACON PHARMACEUTICALS PLC,,,,,,,,,,,
BSRMLTD,BANGLADESH STEEL RE-ROLLING MILLS LTD,90579117954.0,43267867514.0,861284979.0,42665406961.0,29089745284.0,28228460305.0,47913710992.0,1.19297440171632,0.586517166538243,0.607127786216706,0.02960785564092669
BSRMSTEEL,BSRM STEELS LTD,86029087592.0,42212077720.0,4206096211.0,53782618478.0,44580890028.0,40374793817.0,32246469114.0,1.46714925979196,0.859335038107608,1.3825045424475602,0.09434751545692044
BANKASIA,BANK ASIA PLC,581848688931.0,51246501403.0,,547997344968.99994,31833437205.0,-9640751763.0,33851343962.0,0.302608011166974,,0.9403894557787901,
MPETROLEUM,MEGHNA PETROLEUM LTD,113167455151.0,101253880215.0,60443428416.0,85553093363.0,178514318.0,-60264914098.0,27614361788.0,1.18667704028333,0.946643106458581,0.00646454621585984,338.5914871881593
TITASGAS,TITAS GAS TRANSMISSION AND DISTRIBUTION PLC,382443902108.0,270903825420.0,36055674023.0,295323519965.0,4800551628.0,-31255122395.0,87120382142.0,1.11547306236352,1.09704074311607,0.0551025088500581,7.510735602279413
JAMUNAOIL,JAMUNA OIL COMPANY LTD,116197826494.0,105389468253.0,72400493461.0,87962965950.0,0.0,-72400493461.0,28234860544.0,1.21797607915689,1.03173686727147,0.0,
SHAHJABANK,SHAHJALAL ISLAMI BANK PLC,415953233423.0,70755312084.0,,390872200268.0,46035584949.0,5229816899.0,25081033155.0,0.521737439661106,,1.85217400427948,
UTTARABANK,UTTARA BANK PLC,294824817059.0,25170132646.0,,267738400403.0,2394373927.0,-14775503135.0,27086416656.0,0.186820460515829,,0.08839767642230999,
ALARABANK,AL-ARAFAH ISLAMI BANK PLC,656330817151.0,56926935703.0,,629943336910.0,82454591202.0,44847903002.0,26387480242.0,0.390317660014425,,3.33772775725042,
PADMAOIL,PADMA OIL PLC,136298688000.0,129319789000.0,53913248000.0,110978887000.0,183463000.0,-53729785000.0,25319801000.0,1.16830988593963,0.975539542412419,0.007245831039509349,293.8644195287333
KOHINOOR,KOHINOOR CHEMICALS COMPANY (BANGLADESH) LTD.,3605776942.0,3298480622.0,1547955235.0,1360582062.0,332732681.0,-1215222554.0,2245194879.0,3.30775159146832,2.0247370450145,0.148197683912497,4.652248857394324
JAMUNABANK,JAMUNA BANK PLC,402378517467.0,50819778813.0,,379289941315.0,25890272754.0,-13886352659.0,23088576152.0,0.521696272952988,,1.1213456587869899,
BSC,BANGLADESH SHIPPING CO LTD BSC,35369584119.0,19978133004.0,17194337127.0,20346902955.0,14991745731.0,-2202591396.0,15022681165.0,4.34514491105569,4.31850069508001,0.997940751477035,1.1469202743644105
TRUSTBANK,TRUST BANK PLC,589475040994.0,57105945755.0,,562593184573.0,32006946677.0,4191303955.9999995,26881856421.0,0.433380892092632,,1.19065242798563,
ACMELAB,THE ACME LABORATORIES LTD,58564095311.0,25927933016.0,1563913663.0,32498340564.0,25138655266.0,23574741603.0,25886290506.0,1.07881252895176,0.650244432709215,0.971118486836625,0.06221150839023563
ACI,ADVANCED CHEMICAL INDUSTRIES PLC,104884722000.0,60951942000.0,8774229000.0,97615955000.0,77519831000.0,68745602000.0,7268767000.0,0.700823037829303,0.411551315904816,13.148824939942202,0.11318689536358767
IDLC,IDLC FINANCE PLC,162652417257.0,,13096334256.0,142127194709.0,26422958052.0,13326623796.0,20525222548.0,1.83969488140497,1.83969488140497,1.28734111877543,0.4956422452863379
SUMITPOWER,SUMMIT POWER LTD,104087531885.0,41250065094.0,5310475732.0,40307000530.0,26717407612.0,21406931880.0,63780531355.0,1.57312899716596,1.5333526757622,0.587963119426116,0.19876463349740656
BESTHLDNG,BEST HOLDINGS PLC,80576036588.0,9231223008.0,866815433.0,23849197836.0,17722768147.0,16855952714.0,56726838752.0,3.48361376729122,3.3831352339494,0.312693917758717,0.048909709014431195
RECKITTBEN,RECKITT BENCKISER (BANGLADESH) PLC,4051044000.0,3253270000.0,2483716000.0,2240922000.0,151975000.0,-2331741000.0,1810122000.0,1.5461435403606,1.27029412309855,0.0839584293213385,16.342924823161706
UCB,UNITED COMMERCIAL BANK LTD,837722802431.0,65982857810.99999,,797812326549.0,62094889433.0,16795218694.0,39910475882.0,0.297544594907379,,1.55585440547217,
LINDEBD,LINDE BANGLADESH LTD,5969563000.0,3111018000.0,1559584000.0,2480240000.0,29182000.0,-1530402000.0,3489323000.0,1.70082493085484,1.48916283924044,0.00836322637946965,53.44335549311219
HEIDELBCEM,HEIDELBERG MATERIALS BANGLADESH PLC,9721147000.0,4365889000.0,2045466000.0,5521993000.0,1343794000.0,-701672000.0,4199154000.0000005,0.878008426762361,0.569305605580784,0.32001541262835304,1.522157414008397
MTB,MUTUAL TRUST BANK PLC,476265708684.0,30601086337.0,,449468664294.0,56512493175.0,31602000339.0,26797044390.0,0.329157791846542,,2.1089182889459703,
NCCBANK,NATIONAL CREDIT AND COMMERCE BANK PLC,371341955615.0,28260680582.0,,345501169567.0,27625596165.0,7497800666.0,25840786048.0,0.274554930205269,,1.06906950652044,
DHAKABANK,DHAKA BANK PLC,449947810071.0,60995396379.0,,426212163874.0,50059167202.0,25150887430.0,23735646197.0,0.60953524694113,,2.10903571625765,
SOUTHEASTB,SOUTHEAST BANK PLC,557481286903.0,44714947955.0,,524929795032.00006,24450857853.0,-4157905471.0,32551491871.0,0.377281124658333,,0.751358795031537,
MIDLANDBNK,MIDLAND BANK PLC,113429505701.0,9529646203.0,,103841981715.0,14093388209.0,4596227365.0,9587523986.0,0.6665560559643,,1.46997162760469,
NBL,NATIONAL BANK LTD,515646147847.0,11154292794.0,,521809787584.0,89758837626.0,83353009873.0,-6163639737.0,0.173285227181392,,,
KBPPWBIL,KHAN BROTHERS PP WOVEN BAG INDUSTRIES LTD,1245207016.0,809986761.0,61729291.0,71856285.0,16749420.0,-44979871.0,1173350731.0,25.5834450863853,6.70887363978337,0.014274862202306001,3.685458421843861
IFIC,IFIC BANK PLC,599192129421.0,55504782079.0,,575483172536.0,14599414816.0,-27883754860.0,23708956885.0,0.326587079540822,,0.61577683454167,
BATASHOE,BATA SHOE CO (BANGLADESH) LTD,8119653068.0,3970860652.0,679146668.0,4978785607.0,2089495910.0,1410349242.0,3140867461.0,1.63621118914205,0.333498772135342,0.665260771409545,0.3250289530358545
NATLIFEINS,NATIONAL LIFE INSURANCE PLC,,,,,,,,,,,
UNIQUEHRL,UNIQUE HOTEL & RESORTS PLC,43611271884.0,8152423461.0,2517332840.0,17564585759.0,9693940385.0,7176607545.0,26046686125.0,1.0180124171706,0.996146683368714,0.372175574984013,0.25968107292007037
RUPALIBANK,RUPALI BANK PLC,863856632254.0,97025793310.0,,846684455128.0,10716477552.0,-33457015174.0,17172177125.999998,0.473848385975548,,0.624060506327671,
SINGERBD,SINGER BANGLADESH LTD,36359680375.0,21341989592.0,775735291.0,34234594198.0,21156153054.0,20380417763.0,2125086177.0000002,0.857231512955807,0.399503943121822,9.95543299983547,0.03666712417044702
SQUARETEXT,SQUARE TEXTILES PLC,27248217319.0,15875234752.0,768049867.0,16636105961.000002,15429303457.0,14661253590.0,10612111358.0,1.31124130474183,0.668365154099117,1.4560544190584401,0.049778648086122736
MERCANBANK,MERCANTILE BANK PLC,468657672120.0,39046101712.0,,440866732749.0,20199721300.0,-2821425972.0,27790939371.0,0.238238133962557,,0.729713324281546,
DESCO,DHAKA ELECTRIC SUPPLY CO LTD,87911683829.0,28689761252.0,15087554679.0,73535886418.0,38815517722.0,23727963043.0,14375797412.0,0.932222360390958,0.759456685864662,2.7000601503746298,0.38869904523902876
IBNSINA,THE IBN SINA PHARMACEUTICAL INDUSTRY PLC,7251548810.0,2792890291.0,416284643.0,3414018352.0,1844453594.0,1428168951.0,3833138348.0,1.1840305427101,0.461995439166665,0.490302127904829,0.22569537360775693
ORIONINFU,ORION INFUSIONS LTD,859625584.0,475373330.0,27698659.0,539697042.0,317208026.0,289509367.0,319928541.0,0.929962740441183,0.61871835618874,0.991496491711879,0.08732017077020618
RAKCERAMIC,RAK CERAMICS (BANGLADESH) LTD,11858792643.0,7417449854.0,363832340.0,5124871182.0,1843877022.0,1480044682.0,6733921461.0,1.589413337976,0.668873738770187,0.273819205150958,0.19731920060772903
LANKABAFIN,LANKABANGLA FINANCE PLC,,,,,,,,,,,
GPHISPAT,GPH ISPAT LTD,95575755482.0,41163257095.0,3179647147.0,70040783922.0,63036922184.0,59857275037.0,25534971560.0,1.04627375484352,0.598421195539802,2.46865057342558,0.05044102784268006
DELTALIFE,DELTA LIFE INSURANCE CO LTD,47402772526.0,2744841021.0,,45424188827.0,24159763.0,-1702988659.0,1978583699.0,0.576131073554484,,0.0122106352349581,
PREMIERBAN,PREMIER BANK LTD,,,,,,,,,,,
ONEBANKPLC,ONE BANK PLC,348018573483.0,39255875288.0,,323481277666.0,24148733468.0,-1169782361.0,24537295817.0,0.580653583338168,,0.985634132537568,
SIBL,SOCIAL ISLAMI BANK PLC,464608431352.0,24941018968.0,,448854869049.0,117995350740.0,105362879826.0,15753562303.0,0.121952459899459,,7.490075076033841,
PTL,PARAMOUNT TEXTILE PLC ,33789616431.000004,11120193496.0,683479613.0,26475762695.0,24226214403.0,23542734790.0,7110236595.0,1.19473564909472,0.494978090862281,3.49142106456295,0.028212398422238136
LOVELLO,TAUFIKA FOODS AND LOVELLO ICE-CREAM PLC,2960147262.0,1586050291.0,102553552.0,1779463362.0,1367785862.0,1265232310.0,1180683900.0,2.37304806172311,1.23126669440052,1.1584691397926201,0.07497778332789932
EHL,EASTERN HOUSING LTD,24194300083.0,19238079390.0,4867377005.0,16006621287.0,26100944.0,-4841276061.0,8187678796.0,1.21049464200363,0.370172590436551,0.0031878319424000004,186.48279560310155
EXIMBANK,EXPORT IMPORT BANK OF BANGLADESH PLC,627129431175.0,20871938569.0,,595520029884.0,160308825064.0,146607971819.0,31609401291.0,0.287639387098606,,5.07157320259604,
DBH,DBH FINANCE PLC,79101387004.0,,18380932807.0,69581189809.0,15703918769.0,-2677014038.0,9520197194.0,,,1.6495371313209,1.1704678989606407
SPCL,SHAHJIBAZAR POWER CO LTD,13413243835.0,7155694714.0,146517598.0,5905583342.0,2473626220.0,2327108622.0,7507660492.0,1.27512263463175,0.754672716648242,0.34379735778036297,0.059231906912759036
ENVOYTEX,ENVOY TEXTILES LTD,24839977019.0,12465508446.0,403745587.0,15454792879.0,11859714447.0,11455968860.0,9385184140.0,1.25741635270141,0.737466824628288,1.26366347959583,0.034043449258774554
IPDC,IPDC FINANCE PLC,94458945698.0,,6770127213.0,87588257249.0,17695004504.0,10924877291.0,6870688449.0,,,2.5754339809390503,0.3826010449146591
STANDBANKL,STANDARD BANK PLC,291164007931.0,38972205190.0,,272252039896.0,42302220628.0,27603045227.0,18911968035.0,0.509933286920953,,2.23681682030318,
ORIONPHARM,ORION PHARMA LTD,54652295638.0,17098304121.000002,321738542.0,32292944644.0,23731614838.0,23409876296.0,22359350993.0,1.98807584006259,1.77461870006548,1.1372256779909702,0.013557380911341083
CROWNCEMNT,CROWN CEMENT PLC,28282681823.0,12912532463.0,1096204423.0,19599968142.0,15030801546.0,13934597123.0,8682713682.0,0.922079048785413,0.704181593401288,1.73111795418984,0.07293053664804204
SEAPEARL,SEA PEARL BEACH RESORT & SPA LTD,8590833558.0,540634483.0,80663985.0,6588575493.0,5657840711.0,5577176726.0,2002258065.0,0.28729066470917,0.228052984621031,2.8257300144774304,0.014257026508924634
SBACBANK,SBAC BANK PLC,131990359489.0,19095051166.0,,120683895077.0,3294624147.0,-3416021504.0,11306464412.0,0.835600112539643,,0.291404527118796,
JHRML,JMI HOSPITAL REQUISITE MANUFACTURING LTD,5867311684.0,3474397050.0,592487358.0,1366845186.0,1092520709.0,500033351.0,4376281285.0,3.25239797505852,2.46794331695702,0.257645575187417,0.5423122446276668
ACIFORMULA,ACI FORMULATIONS PLC,8460540999.999999,5813344000.0,228767000.0,4886744000.0,3889322000.0,3660555000.0,3573797000.0,1.26187131844834,1.0198429624285,1.08893837718218,0.058819249216187294
SONALIPAPR,SONALI PAPER & BOARD MILLS LTD,7089303326.0,1245325225.0,674853463.0,1578936084.0,1137643077.0,462789614.0,5510367242.0,0.968877777188849,0.591289503231524,0.206455037756629,0.5932031554040741
IFADAUTOS,IFAD AUTOS PLC,41903782277.0,35795922994.0,2714611286.0,32192051007.0,29847919703.0,27133308417.0,9711731270.0,2.04150831163603,1.89475219964335,3.07338813988826,0.09094808995104459
NRBBANK,NRB BANK PLC,107283231453.0,10342136527.0,,99374318970.0,5658922603.0,-4271597923.9999995,7908912483.0,0.431450580093058,,0.7155121102180201,
RELIANCINS,RELIANCE INSURANCE LTD,15443014858.0,4343412397.0,,7976650128.0,0.0,-495212397.0,7466364730.0,0.544515846539835,,0.0,
NAVANAPHAR,NAVANA PHARMACEUTICALS LTD,11400875414.0,5467516024.0,216041244.0,6533154247.0,4941721844.0,4725680600.0,4867721167.0,0.891142645064498,0.420755182979921,1.01520232455007,0.043717807440397896
ABBANK,AB BANK PLC,426608004746.0,45895166620.0,,437639106132.0,28811182500.0,9693058293.0,-11031101386.0,0.380815649838926,,,
NRBCBANK,NRBC BANK PLC,256825426607.0,45162629137.0,,243011702668.0,20309070225.0,8642777684.0,13813723939.0,0.429008812564759,,1.47020965222347,
MALEKSPIN,MALEK SPINNING MILLS PLC,26278271898.0,13470575599.0,773254714.0,14805342921.0,8898796217.0,8125541503.0,11472928977.0,1.27049292025488,0.588382618856163,0.7791834402081691,0.08689430515588129
SAPORTL,SUMMIT ALLIANCE PORT LTD,12999893361.0,1809130240.0,527357481.0,4659026385.0,3445480432.0,2918122951.0,8340866975.999999,0.645083089506389,0.639506798659189,0.421026684902024,0.15305774953825074
BPML,BASHUNDHARA PAPER MILLS LTD,40669221700.0,11925312118.0,109386758.0,28971398821.0,26328848816.0,26219462058.0,11697822880.0,1.03569012563463,0.514074278380835,2.25074777470045,0.004154635045552232
SHARPIND,SMART INDUSTRIES PLC,6835199657.0,3412226390.0,480809113.0,3661058628.0,3153065420.0,2672256307.0,3174141029.0,1.11733744184191,0.689068190286894,0.993360216572784,0.15248941869401492
KEYACOSMET,KEYA COSMETICS LTD,,,,,,,,,,,
ITC,IT CONSULTANTS PLC,4387555844.0,1351440971.0,444282238.0,1475363708.0,1127340648.0,683058410.0,2912192136.0,3.38517417614631,3.23862188441943,0.387110669678699,0.3940975948913003
MATINSPINN,MATIN SPINNING MILLS PLC,12215979179.0,6364719440.0,591877925.0,6721275759.0,5411063888.0,4819185963.0,5494703420.0,1.11033787366822,0.602982541768542,0.984778153504052,0.10938291198383278
CONFIDCEM,CONFIDENCE CEMENT LTD,15041821790.0,4122161161.0,228228558.0,7843911419.0,6174638544.0,5946409986.0,7197910371.0,0.581229275926469,0.506115442439043,0.8579661159706871,0.03696225396412451
PREMIERCEM,PREMIER CEMENT MILLS PLC,36474389771.0,12682471796.0,876839422.0,29718245003.0,24033926681.0,23157087259.0,6756144768.0,0.583438393819601,0.426264300621843,3.5672593255286,0.0364834025516598
ADNTEL,ADN TELECOM LTD,3312966145.0,1346092256.0,218160946.0,1210123948.0,478431114.0,260270168.0,2102842197.0,2.08561888003741,2.07662351888736,0.22820141643449401,0.4559923876522797
JMISMDL,JMI SYRINGES & MEDICAL DEVICES LTD,3058033316.4100003,1711122671.1399999,173717415.97,429964719.86,63121732.14,-110595683.83,2615949526.55,5.13600031496607,3.11221138161813,0.0241295680590776,2.752101535881585
GREENDELT,GREEN DELTA INSURANCE PLC,15736080000.0,12512920000.0,,8931480000.0,0.0,-2005410000.0,6804600000.0,1.66136287594334,,0.0,
FIRSTSBANK,FIRST SECURITY ISLAMI BANK PLC,678590453483.0,18384718159.0,,675321975183.0,203156957213.0,199182422654.0,3268478300.0,0.13562099438767,,70.2999374531923,
DOREENPWR,DOREEN POWER GENERATIONS AND SYSTEMS LTD,24039440794.0,11814347938.0,191662916.0,14509507313.0,13062847837.0,12871184921.0,9529933482.0,1.29997192378811,1.00552777315097,1.37955510159552,0.014672368413962716
PRAGATILIF,PRAGATI LIFE INSURANCE PLC,7926676786.0,2270996793.0,,7524466151.0,0.0,-178806373.0,402210635.0,2.87428186611643,,0.0,
CVOPRL,CVO PETROCHEMICAL REFINERY PLC,721918346.0,278999033.0,43679785.0,392224052.0,174136478.0,130456693.0,329694294.0,0.814230076371777,0.661840826958979,0.5281755892323691,0.2508365019303997
KPCL,KHULNA POWER CO LTD,8184400423.0,2411018319.0,267006708.0,685222555.0,456652227.0,189645519.0,7499177870.0,3.81208674313285,2.99993174029099,0.060893638598280106,0.5847047100900266
TECHNODRUG,TECHNO DRUGS LTD.,7240899781.0,3280825965.0,440256119.0,3292790298.0,2605815958.0,2165559839.0,3948109482.0,2.02540642414126,1.43986298972326,0.660016134273958,0.16895134809823742
TAMIJTEX,TAMIJUDDIN TEXTILE MILLS PLC,10327946000.0,6386011000.0,199043000.0,7306705000.0,4545726000.0,4346683000.0,3021241000.0,1.19253596275918,0.370569174436376,1.5045890082916302,0.04378684504961364
EASTRNLUB,EASTERN LUBRICANTS BLENDERS PLC,780687000.0,748274000.0,568777000.0,475645000.0,0.0,-568777000.0,305043000.0,1.57573166776871,1.35739796240687,0.0,
PIONEERINS,PIONEER INSURANCE CO LTD,6097165978.0,5605603296.0,,1793528460.0,0.0,-1341178877.0,4303637518.0,7.31984184481342,,0.0,
PRAGATIINS,PRAGATI INSURANCE LTD,5986929411.0,3755355163.0,,1765148140.0,0.0,-1816316316.0,4221781271.0,3.19819748054485,,0.0,
MONOSPOOL,MONOSPOOL BANGLADESH PLC,6708112674.0,2768933692.0,88369037.0,5182040262.0,4321998984.0,4233629947.0000005,1526072412.0,1.31348429917596,0.877941670531849,2.83210609799032,0.020446334514918063
CITYGENINS,CITY INSURANCE PLC,2296036464.0,1695356780.0,,813300259.0,0.0,-1123118157.0,1482736205.0,6.10808565895929,,0.0,
FEKDIL,FAR EAST KNITTING & DYEING INDUSTRIES PLC.,6671065454.0,3697490260.0,563383782.0,2053101005.0,869346712.0,305962930.0,4617964449.0,2.15621916848131,1.41989878040838,0.188253227499024,0.6480541931353161
INDEXAGRO,INDEX AGRO INDUSTRIES LTD,7335411126.0,4723372507.0,115487999.0,3387824703.0,2889542639.0,2774054640.0,3947586423.0,1.59381165775026,0.764394966768152,0.731977043533367,0.03996757045259162
AFTABAUTO,AFTAB AUTOMOBILES LTD,27139837188.0,20817726431.0,321948381.0,22081278435.0,20155486181.0,19833537800.0,5058558753.0,1.9585389019505,1.72250557290079,3.98477331477573,0.01597323816001479
APEXFOOT,APEX FOOTWEAR LTD,27639650202.0,15483426979.0,83015854.0,20839516437.0,19272745204.0,19189729350.0,6800133765.0,1.04978883146019,0.172394894594305,2.8341714839781504,0.0043074223791829255
BBSCABLES,BBS CABLES PLC,10215169054.0,8362018096.0,734330946.0,3774754921.0,3165556393.0,2431225447.0,6440414134.0,2.72557656033872,1.99035798315548,0.491514416175275,0.23197531644794805
MIRAKHTER,MIR AKHTER HOSSAIN LTD,26732024080.0,5020570360.0,272516840.0,20576178085.0,20402547127.0,20130030287.0,6155845995.0,1.08051811773324,0.188508366770783,3.3144054860164402,0.013357000883451507
EPGL,ENERGYPAC POWER GENERATION PLC,23560678786.0,7475727369.0,202561300.0,16499075496.000002,13565897220.0,13363335920.0,7061603290.0,1.56981602937691,1.27002559343239,1.92107891974203,0.014931655217125403
ECABLES,EASTERN CABLES LTD,10538655716.0,1590538724.0,22421938.0,1496900180.0,588399538.0,565977600.0,9041755536.0,1.24423755458922,0.984265875437524,0.06507580697766831,0.03810665466566019
RUNNERAUTO,RUNNER AUTOMOBILES PLC,24119979809.0,11967873624.0,2236229575.0,15088131669.0,12320693860.0,10084464285.0,9031848140.0,1.54127893893582,1.23604011132603,1.645145771052,0.1815019186752198
FARCHEM,FAR CHEMICALS INDUSTRIES LTD,8082548790.0,3088510553.0,227240836.0,3068489639.0,2266360825.0,2039119989.0,5014059151.0,1.10620308061351,0.717860194232917,0.452001214335096,0.100266839019334
MONNOCERA,MONNO CERAMIC INDUSTRIES LTD,4888526702.0,1512171818.0,25019145.0,1827006001.0,1052978820.9999999,1027959676.0,3061520701.0,1.21559807639635,0.86952208194914,0.34393980111127803,0.02376034968703326
RAHIMAFOOD,RAHIMA FOOD CORPORATION LTD,303348220.0,93460611.0,19881884.0,119447569.0,0.0,-19881884.0,183900651.0,0.811489439709625,0.730961725655309,0.0,
KDSALTD,KDS ACCESSORIES LTD,4658682934.0,3592821825.0,115990253.0,2634948770.0,293115014.0,177124761.0,2023734165.0,1.47131883211372,1.11060432691043,0.144838694265954,0.3957158366510697
AMANFEED,AMAN FEED LTD,9563448766.0,8270264411.0,136928758.0,5836661881.0,5405225150.0,5268296392.0,3726786885.0,2.45443026933613,1.05556349549739,1.45037141022353,0.025332665004713078
ESQUIRENIT,ESQUIRE KNIT COMPOSITE PLC,17608138495.0,6751392023.0,429072226.0,8819970269.0,7193888137.0,6764815911.0,8788168225.0,1.13932257578941,0.462497958333017,0.8184757669667281,0.05964399471172928
LEGACYFOOT,LEGACY FOOTWEAR LTD,527139553.0,187580364.0,110337675.0,52388358.0,1776255.0,-108561420.0,468275063.62,6.65557798480432,5.2909950857462,0.00379345091337242,62.11815026558687
QUASEMIND,QUASEM INDUSTRIES LTD,3992590649.0,1237393402.0,15986760.0,1899636823.0,1123939798.0,1107953038.0,2092953826.0,1.14453334306139,0.414848863885276,0.537011272794319,0.014223857922326192
UNIONBANK,UNION BANK PLC,,,,,,,,,,,
GHAIL,GOLDEN HARVEST AGRO INDUSTRIES LTD,5247720714.0,2227886760.0,230942877.0,2570425426.0,2270785605.0,2039842728.0,2677295288.0,1.93846473448065,1.52291484143822,0.8414333032843371,0.10170175312521412
NTLTUBES,NATIONAL TUBES LTD,6228107324.0,1002194134.0,2823329.0,1469537948.0,380613293.0,377789964.0,4758569376.0,1.53030470120754,0.847005125323084,0.079984815377419,0.0074178412891112554
GIB,GLOBAL ISLAMI BANK PLC,192203561918.0,36238409275.0,,213695921209.0,43374486219.0,27687967074.0,-21492359291.0,0.629033469255432,,,
SPCERAMICS,SHINEPUKUR CERAMICS LTD,6040152000.0,1188542000.0,73097000.0,1664970000.0,936651000.0,863554000.0,4375182000.0,0.852638314784233,0.35165119752532,0.214082751300403,0.07804080708823244
NHFIL,NATIONAL HOUSING FINANCE PLC,17360803967.0,,1275716163.0,15207689736.0,1403871707.0,128155543.99999999,2153114231.0,3.8435468589235,3.8435468589235,0.652019148258558,0.9087127809749356
GENEXIL,GENEX INFOSYS PLC,6485794271.0,2066283609.0,40792853.0,3814035590.0,3616308962.0,3575516109.0,2671758680.0,0.696027759490141,0.651944461502625,1.37737882718716,0.011280245528977013
DAFODILCOM,DAFFODIL COMPUTERS PLC.,1504139382.0,587395906.0,45409363.0,848032211.0,250842268.0,205432905.0,656107170.0,0.692657541047105,0.624189107599829,0.383478660173449,0.1810275571260582
POPULARLIF,POPULAR LIFE INSURANCE CO LTD,21337351506.0,6615538732.0,,18120233928.0,29851879.0,-357177283.0,3217117579.0,4.05375975431111,,0.00935845648852992,
HWAWELLTEX,HWA WELL TEXTILES (BD)PLC,2725986851.0,1963067414.0,1424566267.0,510354542.0,0.0,-1424566267.0,2156724680.0,4.36073230854845,4.16845889386451,0.0,
SHEPHERD,SHEPHERD INDUSTRIES PLC,4696540075.0,3187629913.0,30640453.0,2566513703.0,1640636341.0,1609995888.0,2130026371.9999998,1.29772892635885,0.593000256639405,0.7702422667469211,0.018675956538500203
SHASHADNIM,SHASHA DENIMS PLC,14005920100.0,8070142010.0,265070454.99999997,8096248229.0,4627011480.0,4361941025.0,5909671871.0,1.1339210400554,0.673827648682453,0.78935193932402,0.057287615590700884
FORTUNE,FORTUNE SHOES LTD.,3193779973.0,2348612584.0,201681006.0,856416203.0,548845603.0,347164597.0,2337363771.0,3.36794309730733,1.7218913173798,0.234813942874278,0.3674640097280692
RUPALILIFE,RUPALI LIFE INSURANCE COMPANY LTD,,,,,,,,,,,
GQBALLPEN,GQ BALL PEN INDUSTRIES LTD,1653888000.0,548150000.0,279700000.0,431638000.0,34727000.0,-244973000.0,1222249000.0,2.37854514527719,2.34353629326205,0.0284123775106382,8.05425173496127
ANWARGALV,ANWAR GALVANIZING LTD,826901281.0,316477763.0,8973858.0,766461951.0,422814973.0,413841115.0,60439330.0,0.468600719547058,0.0892479950942038,6.99569258957702,0.021224078079183823
SAIFPOWER,SAIF POWERTEC LTD,,,,,,,,,,,
BARKAPOWER,BARAKA POWER LTD,7210025672.0,2693019290.0,354603781.0,2044637434.0,582785872.0,228182091.0,5165388238.0,1.42592289127013,1.21426892072415,0.109709868731569,0.6084632418817455
ARGONDENIM,ARGON DENIMS LTD,6706624062.0,5164315546.0,931272269.0,3330060617.0,2833754670.0,1902482401.0,3260684371.0,1.66651496498537,1.04670813524791,0.869067455655309,0.32863545982263875
MEGHNALIFE,MEGHNA LIFE INSURANCE PLC,,,,,,,,,,,
SANDHANINS,SANDHANI LIFE INSURANCE CO LTD,9680256289.0,2556389913.0,,7842260887.0,10460382.0,-573533359.0,1837995403.0,2.30018355382425,,0.0056912107199874,
BPPL,BARAKA PATENGA POWER LTD,26479180651.0,11869419619.0,746237324.0,19846692981.0,10980812778.0,10234575454.0,6632487670.0,0.822007006157727,0.637506082437693,2.34801766543815,0.06795829590092661
AMBEEPHA,AMBEE PHARMACEUTICALS PLC,736424000.0,635336000.0,138909000.0,704192000.0,766000.0,-138143000.0,27098000.0,0.907046234893532,0.580969240982518,0.028267768839028703,181.34334203655354
SAIHAMCOT,SAIHAM COTTON MILLS LTD,10149980376.0,4569232741.0,210166746.0,4478332664.0,3680769548.0,3470602802.0,5671647712.0,1.15568166851091,0.301009842212277,0.648977111221537,0.05709858855852499
UNITEDFIN,UNITED FINANCE PLC,26634095161.0,,2932315327.0,23450655219.0,6686812387.0,3754497060.0,3183439942.0,1.89962393336816,1.89962393336816,2.10049899128896,0.4385221473688701
KAY&QUE,KAY & QUE (BANGLADESH) LTD,1012002190.0,251688824.0,4985595.0,341001247.0,106658751.0,101673156.0,671000943.0,0.738087693855266,0.725217465260472,0.15895469613371302,0.04674342192512643
SONALIANSH,SONALI AANSH INDUSTRIES LTD,,,,,,,,,,,
AIL,ALIF INDUSTRIES LTD,1423835392.0,1093206712.0,10243106.0,257795753.0,0.0,-10243106.0,1163557911.0,4.29156073805834,3.72723319121061,0.0,
INTRACO,INTRACO REFUELING STATION LTD,2618632631.0,515189316.99999994,19288958.0,1313137513.0,386818384.0,367529426.0,1305495118.0,1.08244466852317,1.05631961466927,0.30065702329447197,0.04986567029347809
NPOLYMER,NATIONAL POLYMER INDUSTRIES PLC,8222936270.0,3912498124.0,146597118.0,6012365122.0,5525903510.0,5379306392.0,2210571148.0,0.908394754571823,0.525195392131187,2.49976279433463,0.02652907669030218
DSSL,DRAGON SWEATER AND SPINNING LTD,4119149505.9999995,3104178943.0,54241024.0,228217329.0,0.0,-54241024.0,3890932177.0,16.7877708301769,12.4920229073883,0.0,
ACTIVEFINE,ACTIVE FINE CHEMICALS LTD,,,,,,,,,,,
EIL,EXPRESS INSURANCE LTD,2362115855.0,1863655123.0,,1079317792.0,0.0,-114554074.0,1282798063.0,2.10343911547516,,0.0,
MLDYEING,M.L. DYEING LTD,3718163300.0,1075631583.0,25623129.0,593180222.0,388005722.0,362382593.0,3124983078.0,2.46831414378318,1.28205859891648,0.12416250338492199,0.06603801837747125
WATACHEM,WATA CHEMICALS LTD ,2587497643.0,691518671.0,70902546.0,1682924328.0,1534745585.0,1463843039.0,904573314.0,0.561701009603946,0.463459828386041,1.6966514059688502,0.046198240733170116
ATLASBANG,ATLAS BANGLADESH LTD,4783190882.0,969272701.0,183879894.0,1009284600.0,2184296.0,-181695598.0,3773906282.0,1.8538413939759,1.79590289819017,0.0005787891475785201,84.18268128495406
CENTRALINS,CENTRAL INSURANCE CO LTD,3823362037.0,1648707623.0,,1138073699.0,118821579.0,116679624.0,2685288338.0,2.20823719050985,,0.0442490950854455,
PHARMAID,PHARMA AIDS LTD ,583215212.0,489583055.0,42997839.0,165366493.0,5204607.0,-37793232.0,414980911.0,3.00184262248773,2.55439394654541,0.0125417985792604,8.261495824756798
GEMINISEA,GEMINI SEA FOOD PLC,994788595.0,916039140.0,28618147.0,853373733.0,762145637.0,733527490.0,141414862.0,1.0908865145504,0.179544782576273,5.3894309708409605,0.03754944673389241
FAREASTLIF,FAREAST ISLAMI LIFE INSURANCE CO LTD,,,,,,,,,,,
LRBDL,LUB-RREF (BANGLADESH) LTD,9960167059.0,1839964846.0,221925546.0,4522581562.0,3765342118.0,3543416572.0,5437585498.0,1.21649273097591,0.857975356142059,0.6924658231829061,0.05893901245761913
UTTARAFIN,UTTARA FINANCE & INVESTMENTS LTD,,,,,,,,,,,
BDFINANCE,BANGLADESH FINANCE PLC,20570797356.0,,1658620349.0,25812095902.0,4688612110.0,3029991761.0,-5241298545.0,,,,0.35375507934692424
BEACHHATCH,BEACH HATCHERY LTD,751219892.0,533724720.00000006,48761534.0,123655939.0,24287469.0,-24474065.0,611190149.0,5.37116773560064,5.25982408705699,0.0397379915886046,2.007682809600292
AMCLPRAN,AGRICULTURAL MARKETING COMPANY LTD (PRAN),1835803000.0,1552691000.0,17877000.0,1094754000.0,984485000.0,966608000.0,741049000.0,1.54269587343601,0.598982194362724,1.32850189393684,0.018158732738436847
RAHIMTEXT,RAHIM TEXTILE MILLS LTD ,1798325216.0,875162644.0,30883224.0,1558739821.0,1278964698.0,1248081474.0,239585396.0,0.728331353419737,0.377322339996103,5.33824147612069,0.024147049600582487
WMSHIPYARD,WESTERN MARINE SHIPYARD LTD,,,,,,,,,,,
SSSTEEL,S.S. STEEL LTD,31807943616.0,24651890524.0,880009421.0,24018697268.0,21131027046.0,20251017625.0,7251646348.0,2.56174883981884,1.17071425968948,2.93379913196008,0.04164536910980773
QUEENSOUTH,QUEEN SOUTH TEXTILE MILLS LTD,6305904592.0,5448786530.0,35581126.0,3866682212.0,2155288580.0,2119707453.9999998,2439222380.0,1.6687467148114,0.898677558080635,0.883101460403641,0.016508752623743777
CRYSTALINS,CRYSTAL INSURANCE COMPANY LTD,,,,,,,,,,,
ICBIBANK,ICB ISLAMIC BANK LTD,9617772026.0,2215642770.0,,23714601659.0,7307264527.0,6358592886.0,-14096829633.0,1.61291426436548,,,
STANDARINS,STANDARD INSURANCE LTD,1608261929.0,1172710516.0,,662575140.0,36287345.0,-1018265873.0,945686788.0,2.93107305229793,,0.0383714200731754,
GOLDENSON,GOLDEN SON LTD,8131438845.0,4201252104.9999995,33562945.0,5245858587.0,4548151937.0,4514588992.0,2835012962.0,1.70266129407526,1.03583829484466,1.60426314788159,0.007379468730356094
EMERALDOIL,EMERALD OIL INDUSTRIES LTD,,,,,,,,,,,
NTC,NATIONAL TEA CO LTD,,,,,,,,,,,
AGNISYSL,AGNI SYSTEMS PLC,1502750980.0,860051766.0,21031036.0,252933392.0,56767372.0,35736336.0,1249817588.0,4.00866218826307,3.9602515940383,0.045420525799161705,0.37047753417227064
ACFL,AMAN COTTON FIBROUS LTD,5459368112.0,3723558481.0,1299288998.0,2093579990.0000002,1475350907.0,176061909.0,3365788122.0,2.60484559457618,1.55693170282778,0.438337427527472,0.8806643842053774
SUNLIFEINS,SUNLIFE INSURANCE COMPANY LTD,,,,,,,,,,,
SALAMCRST,S. ALAM COLD ROLLED STEELS LTD,,,,,,,,,,,
RDFOOD,RANGPUR DAIRY & FOOD PRODUCTS LTD,1966142865.0,876899987.0,59982936.0,641098884.0,496955756.0,436972820.0,1325043981.0,1.90618328521436,1.29784162530828,0.375048498861865,0.12070075711126284
BENGALWTL,BENGAL WINDSOR THERMOPLASTICS PLC,2611245739.0,1852606620.0,218800944.0,222329493.0,71045899.0,-147755045.0,2388916246.0,11.9896984226905,9.25338625254675,0.0297398031927487,3.0797125109219885
BNICL,BANGLADESH NATIONAL INSURANCE COMPANY LTD,2783373186.0,2001342135.0,,1477680222.0,0.0,-137300149.0,1305692963.0,1.71509010755568,,0.0,
UNITEDINS,UNITED INSURANCE CO LTD,2082391999.9999998,563906000.0,,713045000.0,0.0,-265603999.99999997,1369347000.0,0.790842092715046,,0.0,
FUWANGCER,FU-WANG CERAMIC INDUSTRY LTD,8416488674.0,3902164567.0,301660783.0,6784258454.0,6424553855.0,6122893072.0,1632230221.0,0.982454703003769,0.25801108648994,3.93605863458645,0.04695435508961112
BBS,BANGLADESH BUILDING SYSTEMS LTD,3273731233.0,1825467898.0,22579783.0,1421297458.0,1097753400.0,1075173617.0,1852433773.0,3.03397686202851,2.33280723698128,0.592600618710486,0.020569085005794564
OIMEX,OIMEX ELECTRODE LTD,,,,,,,,,,,
CLICL,CHARTERED LIFE INSURANCE PLC,1186810955.0,247974035.0,,811810955.0,37782504.0,-4718929.0,375000000.0,2.32180404150435,,0.100753344,
MONNOAGML,MONNO AGRO & GENERAL MACHINERY LTD,571051005.0,115387177.0,2744967.0,79919141.0,49745684.0,47000717.0,491131864.0,1.4472064688639,1.02463504426655,0.101287836620594,0.055180003153640425
AAMRANET,AAMRA NETWORKS LTD,4278062778.0000005,1623972868.0,19916079.0,858166061.0,442582693.0,422666614.0,3419896716.0,2.53510009387879,1.9021821327603,0.129414052456431,0.04499967873800253
SALVOCHEM,SALVO CHEMICAL INDUSTRY LTD,2815774024.0,621686060.0,127188712.0,1753488389.0,980029163.0,852840451.0,1062285635.0,0.531409536730054,0.43303438735389,0.9225665213857479,0.12978053796956243
BGIC,BANGLADESH GENERAL INSURANCE COMPANY PLC,1709120604.0,1318758008.0,,673698807.0,236038104.0,169484857.0,1035421797.0,2.93238669994787,,0.22796323651278103,
BDLAMPS,BANGLADESH LAMPS PLC,2385030419.0,1678849302.0,55447968.0,1919290609.0,1365324811.0,1309876843.0,465739810.0,0.931875116530925,0.438955652981443,2.93151837503434,0.040611558182545915
ETL,EVINCE TEXTILES LTD,5909939434.0,2427590843.0,19585256.0,3587714579.0,3135099644.0,3115514388.0,2322224854.0,0.917562551232139,0.348963511709973,1.35004137889569,0.00624709203022703
MONNOFABR,MONNO FABRICS LTD,8274843616.0,2674550359.0,9266521.0,5349792755.0,3993998723.0,3984732202.0,2925180862.0,1.76000480620657,1.57982214258699,1.3653852228026802,0.0023201111574316343
RUPALIINS,RUPALI INSURANCE CO LTD,2645375830.0,1375430066.0,,724615105.0,0.0,-680518351.0,1860760723.0,2.3099018273381,,0.0,
FUWANGFOOD,FU-WANG FOODS LTD,1146719398.0,561092773.0,2520101.0,890318720.0,156481131.0,153961030.0,256400678.00000003,0.678197974867511,0.620286875684963,0.610276845050948,0.016104823526614208
NAVANACNG,NAVANA CNG LTD,15283050592.0,8485664569.000001,218995299.0,12956975328.0,12191606094.0,11972610795.0,2110070440.0,2.24687588935458,1.36585167788091,5.777791970074739,0.017962793196523694
SILVAPHL,SILVA PHARMACEUTICALS LTD,2325664408.0,890266792.0,151116875.0,154138276.0,41467092.0,-109649783.0,2171526132.0,12.634536535765,6.295932007167,0.0190958291447353,3.6442602485845885
RANFOUNDRY,RANGPUR FOUNDRY LTD,506836000.0,449541000.0,19441000.0,162703000.0,143712000.0,124271000.0,344132000.0,2.78245018970928,0.679227298329444,0.41760719723826906,0.13527749944333112
SILCOPHL,SILCO PHARMACEUTICALS LTD,2865404294.0,1098857296.0,24719822.0,476840348.0,6146542.0,-18573280.0,2388563946.0,3.46407494571036,2.02560763320247,0.0025733210996060104,4.02174458419059
BDTHAI,BANGLADESH THAI ALUMINIUM,6347852788.0,3232858913.0,4096904.9999999995,2758387058.0,1931257600.0,1927160695.0,3589465730.0,2.35012340263799,1.49730758462307,0.538034834504465,0.0021213664091211857
ISLAMIINS,ISLAMI INSURANCE BANGLADESH LTD,1861533465.0,952361173.0,,895493581.0,23432458.0,-93829841.0,966039884.0,1.44665060702569,,0.0242562014137296,
PARAMOUNT,PARAMOUNT INSURANCE PLC.,1859001000.0,827744650.0,,706963344.0,0.0,-19873323.0,1152037656.0,1.8814203728929,,0.0,
EGEN,EGENERATION PLC,2087353768.0,727317867.0,48266654.0,346409140.0,139986489.0,91719835.0,1740944628.0,2.14554541390786,2.13650443802674,0.0804083523097554,0.34479508947467064
REPUBLIC,REPUBLIC INSURANCE COMPANY LTD,1815374486.0,1605926540.0,,784942606.0,14454949.0,-18512155.0,1030431880.0000001,3.05721993513562,,0.014028049093356901,
HAKKANIPUL,HAKKANI PULP & PAPER MILLS PLC,1587650262.0,717612838.0,127085524.0,1123055150.0,748801296.0,621715772.0,464595112.0,1.82839337975774,0.878119100560594,1.6117287432847602,0.169718621854522
EASTLAND,EASTLAND INSURANCE PLC,3553171523.0,404079017.0,,1743499127.0,0.0,-404079017.0,1809672396.0,514.583837841004,,0.0,
AOL,ASSOCIATED OXYGEN LTD,,,,,,,,,,,
MHSML,MOZAFFAR HOSSAIN SPINNING MILLS LTD,6560705577.0,3194293489.0,235835456.0,4501547975.0,4108326890.0000005,3872491434.0,1986312185.0,1.51906535288318,0.58638527300617,2.06831882773754,0.05740425781941611
DOMINAGE,DOMINAGE STEEL BUILDING SYSTEMS LTD,1967226467.0,721491050.0,20032751.0,200005957.0,75522033.0,55489282.0,1767220509.0,5.9617998000314,3.35125660433486,0.042734923353019996,0.2652570409485666
PEOPLESINS,PEOPLES INSURANCE CO LTD,3073505454.0,2253788194.0,,1396586622.0,0.0,-1541731708.0,1676918832.0,1.93851617214814,,0.0,
IBP,INDO-BANGLA PHARMACEUTICALS LTD,1803807441.0,498701038.0,5222847.0,242615875.0,20000000.0,14777153.0,1561191567.0,5.26586800077107,3.49660450949117,0.012810727666453,0.26114235
RINGSHINE,RING SHINE TEXTILES LTD,5060476570.0,3466222279.0,386292449.0,10274888001.0,6747033270.0,6360740821.0,-5214411431.0,0.492643052567105,0.28065161209118,,0.05725367484366948
MAKSONSPIN,MAKSONS SPINNING MILLS PLC,9578380791.0,5258465098.0,79568936.0,7751644988.0,7099862835.0,7020293899.0,1826735803.0,0.917948079193717,0.376758557634183,3.8866391206326,0.011207108904660973
SAMORITA,SAMORITA HOSPITAL LTD,1201913000.0,98912000.0,37747000.0,140798000.0,7180000.0,-30567000.0,1061115000.0,1.64559868234981,1.23072187931522,0.0067664673480254305,5.257242339832869
ALIF,ALIF MANUFACTURING COMPANY LTD,4298354164.0,1751989998.0,22580690.0,334994286.0,4504515.0,-18076175.0,3963359878.0,11.6833929284247,10.5687942475606,0.0011365394863595102,5.012901499939505
DACCADYE,THE DACCA DYEING & MANUFACTURING CO LTD,,,,,,,,,,,
APEXFOODS,APEX FOODS LTD,1187581000.0,863442000.0,397063000.0,471589000.0,60643000.0,-336420000.0,664829000.0,1.97364487092158,1.39892933716736,0.09121593672959509,6.547548769025279
DHAKAINS,DHAKA INSURANCE LTD,2635494863.0,785813775.0,,1204879134.0,5187276.0,-40527102.0,1430615729.0,0.796808816351467,,0.00362590449332324,
FEDERALINS,FEDERAL INSURANCE PLC,1520323429.0,1223834364.0,,577059660.0,7107785.0,-370121841.0,943263769.0,3.03225653811214,,0.007535310094158831,
KTL,KATTALI TEXTILE LTD,,,,,,,,,,,
PRIMEINSUR,PRIME INSURANCE CO LTD,2059146963.0000002,1364616381.0,,1143692100.0,0.0,-31612570.0,915454863.0,1.71229124302496,,0.0,
BDCOM,BDCOM ONLINE LTD,1327554881.0,788493329.0,445845854.0,410892678.0,161950934.0,-283894920.0,895106325.0,2.23257478124879,2.14067869448829,0.18092927005068402,2.7529687108812846
TAKAFULINS,TAKAFUL ISLAMI INSURANCE PLC,1303470259.0,1156737281.0,,472154260.0,0.0,-760333983.0,831315999.0,5.36509946681433,,0.0,
ASIAPACINS,ASIA PACIFIC GENERAL INSURANCE CO LTD,1632202957.0,1244789638.0,,544764667.0,0.0,-841386880.0,1087438290.0,4.23210037320106,,0.0,
GHCL,GLOBAL HEAVY CHEMICALS LTD ,7209881436.0,146318928.0,25060922.0,1950910406.0,650297072.0,625236150.0,5258971031.0,0.112841747460855,0.0873202707842965,0.12365481159084202,0.03853765160425019
NAHEEACP,NAHEE ALUMINUM COMPOSITE PANEL PLC,1761836104.0,1387570128.0,25971281.0,428620588.0,133196765.0,107225484.0,1333215516.0,3.79345349287604,1.82548968952219,0.0999064017793804,0.19498432262975757
SIMTEX,SIMTEX INDUSTRIES PLC,2642607690.0,1458418455.0,128236288.0,870315880.0,716233616.0,587997328.0,1772291810.0,1.97541585844705,1.61650480376617,0.40412849168444803,0.179042543012949
RENWICKJA,RENWICK JAJNESWAR & CO (BD) LTD,,,,,,,,,,,
ADVENT,ADVENT PHARMA LTD,1905735587.0,274312347.0,3607918.0,392985421.0,74521738.0,70913820.0,1512750166.0,1.49108616574091,1.09255383618356,0.0492624226226659,0.04841430295144217
KARNAPHULI,KARNAPHULI INSURANCE PLC,2004569448.0,1764400415.0,,933954789.0,0.0,-832758578.0,1070614659.0000001,3.07120293201151,,0.0,
SINOBANGLA,SINOBANGLA INDUSTRIES LTD,2857249000.0,1671306000.0,72007000.0,2073978000.0,226908000.0,154901000.0,783271000.0,1.06885053413556,0.639595996029797,0.289692839387645,0.31734006734006737
ARAMIT,ARAMIT LTD,1018029669.0,848823507.0,53180218.0,248670086.0,0.0,-53180218.0,769359584.0,4.16118117857124,2.99394101148797,0.0,
SAIHAMTEX,SAIHAM TEXTILE MILLS LTD ,6078224017.0,3096666915.0,38150907.0,2122402228.0,1427036847.0,1388885940.0,3955821789.0,1.68260903278898,0.550616023973523,0.360743461944665,0.026734353131948246
COPPERTECH,COPPERTECH INDUSTRIES LTD,1919195276.0,1036459918.0,61192481.0,998467650.0,782026100.0,720833619.0,920727626.0,1.40781346668673,0.830866793126393,0.8493566152646321,0.07824864285220148
MEGHNACEM,MEGHNA CEMENT MILLS PLC,14676763333.0,4460552884.0,42245829.0,14360952844.0,12842060132.0,12799814303.0,315810488.0,0.758417214230645,0.544129655837452,40.6638177640256,0.0032896457862497726
TOSRIFA,TOSRIFA INDUSTRIES LTD,5515787081.0,2556549324.0,525101916.99999994,3392067762.0,2302589491.0,1777487574.0,2123719318.9999998,0.910795154587449,0.485846943880354,1.08422495873147,0.22804842941064216
APEXSPINN,APEX SPINNING & KNITTING MILLS LTD,1758078000.0,1296472000.0,334825000.0,1229451000.0,11090000.0,-323735000.0,398926000.0,1.06441469474078,0.887641685563548,0.0277996420388744,30.191614066726782
GENNEXT,GENERATION NEXT FASHIONS LTD,,,,,,,,,,,
APOLOISPAT,APPOLLO ISPAT COMPLEX LTD,,,,,,,,,,,
PROVATIINS,PROVATI INSURANCE CO LTD,1799163598.0,1468849995.0,,908411661.0,77480583.0,-629146553.0,890751937.0,2.90182048860505,,0.0869833449489316,
PENINSULA,THE PENINSULA CHITTAGONG PLC,8946793668.0,527039904.0,115075038.0,5639125838.0,2193350227.0,2078275189.0,3307667830.0,1.29619167361132,0.737529581336678,0.663110789755451,0.05246541869302663
CENTRALPHL,CENTRAL PHARMACEUTICALS LTD,,,,,,,,,,,
PRIMELIFE,PRIME ISLAMI LIFE INSURANCE LTD,8099689470.0,1959180394.0,,7759583129.0,0.0,-327722837.0,340106341.0,1.38034281027112,,0.0,
KPPL,KHULNA PRINTING & PACKAGING LTD,,,,,,,,,,,
YPL,YEAKIN POLYMER LTD,,,,,,,,,,,
DESHBANDHU,DESHBANDHU POLYMER LTD,2497921321.0,1544805290.0,16813750.0,1484441770.0,1237005328.0,1220191578.0,1013479551.0,4.23324730792988,2.78566202895752,1.22055282396122,0.013592302005024185
APEXTANRY,APEX TANNERY LTD ,3069612687.0,2210358338.0,60205203.0,2576073554.0,2304879644.0,2244674441.0,493539133.0,0.895442675236686,0.196824935876109,4.67010514442833,0.02612075782643339
NORTHRNINS,NORTHERN ISLAMI INSURANCE PLC,2744612630.0,2169487494.0,,1658928973.0,0.0,-1106248136.0,1085683657.0,1.75961141489174,,0.0,
ASIAINS,ASIA INSURANCE LTD,2241527846.0,2103066296.0,,1098423068.0,12267933.0,-12564290.0,1143104779.0,2.38964215523215,,0.0107321159226822,
OAL,OLYMPIC ACCESSORIES LTD,2213741804.0,481269854.0,15505077.0,536437728.0,333507479.0,318002402.0,1677304076.0,1.08945173122958,0.983705446697552,0.198835431077793,0.046490942411519354
STYLECRAFT,STYLECRAFT LTD ,1646884378.0,1113186640.0,48850889.0,1566391415.0,1467748854.0,1418897965.0,80492963.0,1.41136756362527,0.777213643498475,18.234499008317,0.033282866388802505
JANATAINS,JANATA INSURANCE PLC,1530249593.0,1320889839.0,,820114845.0,0.0,-102379578.0,710134749.0,2.14881200821023,,0.0,
PDL,PACIFIC DENIMS LTD,,,,,,,,,,,
NITOLINS,NITOL INSURANCE CO LTD,2001812624.0,1073328937.0,,713384307.0,18432180.0,-4350049.0,1288428317.0,2.1349525610537,,0.0143059413991442,
PRIMEFIN,PRIME FINANCE & INVESTMENT LTD,,,,,,,,,,,
GLOBALINS,GLOBAL INSURANCE COMPANY LTD,1775247030.0,1574169894.0,,1185592089.0,70697006.0,60160994.0,589654941.0,2.16317257457407,,0.11989555430520801,
SONARBAINS,SONAR BANGLA INSURANCE LTD,,,,,,,,,,,
ISLAMICFIN,ISLAMIC FINANCE & INVESTMENT PLC,11769002599.0,,1274271211.0,11890376741.0,235317156.0,-1038954054.9999999,-121374142.0,,,,5.4151224358669365
PURABIGEN,PURABI GENERAL INSURANCE CO LTD,1589855968.0,994837759.0,,735460607.0,7626062.0,5791463.0,854395361.0,1.54921742993568,,0.00892568282565851,
MERCINS,MERCANTILE INSURANCE COMPANY PLC,2496534614.0,2412425930.0,,1652142577.0,5193641.0,-1242346579.0,844392037.0,1.70316750472152,,0.00615074606630853,
CONTININS,CONTINENTAL INSURANCE PLC,1604430402.0,1148976022.0,,619142078.0,0.0,-406691197.0,985288324.0,2.65201830906711,,0.0,
PHENIXINS,PHOENIX INSURANCE CO LTD,2105652281.0000002,1397279404.0,,761428324.0,7629275.0,-416447379.0,1344223957.0,1.83507673665158,,0.00567559814737032,
SAMATALETH,SAMATA LEATHER COMPLEX LTD,,,,,,,,,,,
MIDASFIN,MIDAS FINANCING PLC,10976089177.0,,1192674693.0,10763788258.0,2416267835.0,1223593142.0,212300919.0,1.61521619434111,1.61521619434111,11.3813374151505,0.49360202363493366
RSRMSTEEL,RATANPUR STEEL RE-ROLLING MILLS LTD,,,,,,,,,,,
MIRACLEIND,MIRACLE INDUSTRIES LTD,1598423415.0,166214924.0,1933878.0,950952276.0,794628931.0,792695053.0,647471137.0,1.27653682539512,1.1810332031055,1.22728085560978,0.0024336868751636226
DSHGARME,DESH GARMENTS LTD ,473830000.0,351220000.0,41498000.0,320761000.0,253178000.0,211680000.0,145796000.0,2.10942942942943,1.14671471471471,1.73652226398529,0.16390839646414776
NFML,NATIONAL FEED MILL LTD,,,,,,,,,,,
PHPMF1,PHP FIRST MUTUAL FUND,,,,,,,,,,,
AFCAGRO,AFC AGRO BIOTECH LTD,,,,,,,,,,,
BANGAS,BANGAS LTD,,,,,,,,,,,
AGRANINS,AGRANI INSURANCE CO LTD,1039837444.0,757858909.0,,350159747.0,67097233.0,50182797.0,689677697.0,5.21127627163032,,0.10250174642833701,
DGIC,DESH GENERAL INSURANCE COMPANY LTD,,,,,,,,,,,
SICL,SIKDER INSURANCE COMPANY LIMITED,1561329653.0,639433040.0,,1138475167.0,95281561.0,27703589.0,422854487.0,2.44871539939332,,0.22532943111468,
AAMRATECH,AAMRA TECHNOLOGIES LTD,2657466337.0,1934230880.0,11373726.0,1320714894.0,494469105.0,483095379.0,1336751442.0,1.98172113054011,0.902851291356657,0.369903550850256,0.023001894122384046
SKTRIMS,SK TRIMS & INDUSTRIES LTD,,,,,,,,,,,
PROGRESLIF,PROGRESSIVE LIFE INSURANCE CO LTD,,,,,,,,,,,
GSPFINANCE,GSP FINANCE COMPANY (BANGLADESH) LTD,,,,,,,,,,,
HRTEX,H.R.TEXTILE MILLS LTD,4570343427.0,1499947311.0,112649778.0,4483237787.0,4009438351.0,3896788573.0,64726652.0,1.15002355376974,0.794006997737385,61.9441640670678,0.028096149170594893
FAMILYTEX,FAMILYTEX (BD) LTD,,,,,,,,,,,
UNIONCAP,UNION CAPITAL LTD,15256884376.0,,1800541867.0,26408715946.0,10464602803.0,8664060936.0,-11151831570.0,2.4762528745257,2.4762528745257,,0.1720602206214477
PADMALIFE,PADMA ISLAMI LIFE INSURANCE LIMITED,,,,,,,,,,,
ZAHEENSPIN,ZAHEEN SPINNING PLC,,,,,,,,,,,
VFSTDL,VFS THREAD DYEING LTD,,,,,,,,,,,
HFL,HAMID FABRICS PLC,,,,,,,,,,,
CNATEX,C & A TEXTILES LTD,,,,,,,,,,,
GBBPOWER,GBB POWER LTD,2139336546.0,982062186.0,682984104.0,74122859.0,0.0,-682984104.0,2065213687.0,13.2491136910949,12.6432256613307,0.0,
INTECH,INTECH LTD,,,,,,,,,,,
METROSPIN,METRO SPINNING LTD,1148614542.0,393190068.0,3675215.0,853511305.0,767046274.0,763371059.0,295103237.0,1.40143310205586,1.3758489951478,2.5992472390263903,0.004791386288645214
STANCERAM,STANDARD CERAMIC INDUSTRIES LTD,233099000.0,105316000.0,1479000.0,556905000.0,219234000.0,217755000.0,-323806000.0,0.191277057141923,0.0239595782009975,,0.006746216371548209
BAYLEASING,BAY LEASING & INVESTMENT LTD,13213647931.0,,578868137.0,17188810415.0,4464926035.0,3886057898.0,-3975162484.0,,,,0.1296478670558761
ALLTEX,ALLTEX INDUSTRIES LTD,4728446000.0,758316000.0,17263000.0,3621578000.0,3402238000.0,3384975000.0,1106868000.0,0.233033374112545,0.229419788949909,3.07375224507349,0.0050740130467063155
USMANIAGL,USMANIA GLASS SHEET FACTORY LTD,2264795000.0,74012000.0,2517000.0,1110916000.0,632351000.0,629834000.0,1153879000.0,0.670775254218855,0.279278217839729,0.5480219329756411,0.003980384311877422
BIFC,BANGLADESH INDUSTRIAL FINANCE CO LTD,8672550393.0,,20755275.0,21535694460.0,3843701058.0,3822945783.0,-12863144067.0,,,,0.005399815096650527
PHOENIXFIN,PHOENIX FINANCE AND INVESTMENTS LTD,27267523905.0,,467677805.0,42166592782.0,3875217556.0,3407539751.0,-14899068877.0,,,,0.12068427081620085
ILFSL,INTERNATIONAL LEASING & FINANCIAL SERVICES LTD,48483209935.0,,3491912490.0,96197773626.0,15507495225.0,12015582735.0,-47714563691.0,0.364252347915948,0.364252347915948,,0.22517579011538918
PLFSL,PEOPLE'S LEASING & FINANCIAL SERVICES LTD,13623413142.0,,1172792375.0,57283267559.0,4762882810.0,3590090435.0,-43659854416.0,,,,0.2462358243494133
TALLUSPIN,TALLU SPINNING MILLS LTD ,,,,,,,,,,,
NEWLINE,NEW LINE CLOTHINGS LTD,,,,,,,,,,,
PRIMETEX,PRIME TEXTILE SPINNING MILLS LTD,,,,,,,,,,,
FAREASTFIN,FAREAST FINANCE & INVESTMENT LTD,10580581780.0,,704190788.0,19051025316.0,6950044706.0,6245853918.0,-8470443536.000001,1.60106371897583,1.60106371897583,,0.10132176378550047
ZEALBANGLA,ZEAL BANGLA SUGAR MILLS LTD,,,,,,,,,,,
IFILISLMF1,IFIL ISLAMIC MUTUAL FUND - 1,,,,,,,,,,,
REGENTTEX,REGENT TEXTILE MILLS LTD,,,,,,,,,,,
ARAMITCEM,ARAMIT CEMENT LTD,6457997062.0,4323122551.0,119041906.0,7298500136.0,6839274492.0,6720232586.0,-840503074.0,2.14235379049826,2.10188397364775,,0.017405633614975546
SHURWID,SHURWID INDUSTRIES LTD,,,,,,,,,,,
FASFIN,FAS FINANCE & INVESTMENT LTD,,,,,,,,,,,
PREMIERLEA,PREMIER LEASING & FINANCE LTD,,,,,,,,,,,
NURANI,NURANI DYEING & SWEATER LTD ,,,,,,,,,,,
ZAHINTEX,ZAHINTEX INDUSTRIES LTD,,,,,,,,,,,
TUNGHAI,TUNG HAI KNITTING & DYEING LTD,,,,,,,,,,,
ICB3RDNRB,ICB AMCL THIRD NRB MUTUAL FUND,,,,,,,,,,,
FBFIF,FIRST BANGLADESH FIXED INCOME FUND,,,,,,,,,,,
BDAUTOCA,BANGLADESH AUTOCARS LTD,,,,,,,,,,,
MAGURAPLEX,MAGURA MULTIPLEX PLC,,,,,,,,,,,
DELTASPINN,DELTA SPINNERS LTD,,,,,,,,,,,
CAPITECGBF,CAPITEC GRAMEEN BANK GROWTH FUND,,,,,,,,,,,
SIPLC,SENA INSURANCE PLC,,,,,,,,,,,
CAPMIBBLMF,CAPM IBBL ISLAMIC MUTUAL FUND,,,,,,,,,,,
UNIONINS,UNION INSURANCE CO. LTD,,,,,,,,,,,
FIRSTFIN,FIRST FINANCE LTD,,,,,,,,,,,
ISNLTD,INFORMATION SERVICES NETWORK LTD,,,,,,,,,,,
HAMI,HAMI INDUSTRIES PLC,,,,,,,,,,,
ICBEPMF1S1,ICB EMPLOYEES PROVIDENT MUTUAL FUND ONE,,,,,,,,,,,
MITHUNKNIT,MITHUN KNITTING AND DYEING LTD,,,,,,,,,,,
GRAMEENS2,GRAMEEN MUTUAL FUND ONE - GRAMEEN TWO,,,,,,,,,,,
AZIZPIPES,AZIZ PIPES LTD,,,,,,,,,,,
RELIANCE1,RELIANCE INSURANCE MUTUAL FUND,,,,,,,,,,,
MEGHNAPET,MEGHNA PET INDUSTRIES LTD,,,,,,,,,,,
MEGCONMILK,MEGHNA CONDENSED MILK INDUSTRIES LTD,,,,,,,,,,,
SONALILIFE,SONALI LIFE INSURANCE COMPANY LTD,,,,,,,,,,,
SONARGAON,SONARGAON TEXTILES LTD,,,,,,,,,,,
AL-HAJTEX,AL-HAJ TEXTILE MILLS LTD,,,,,,,,,,,
EBLNRBMF,EBL NRB MUTUAL FUND,,,,,,,,,,,
TRUSTB1MF,TRUST BANK 1ST MUTUAL FUND,,,,,,,,,,,
ABB1STMF,AB BANK 1ST MUTUAL FUND,,,,,,,,,,,
LRGLOBMF1,LR GLOBAL BANGLADESH MUTUAL FUND ONE,,,,,,,,,,,
DULAMIACOT,DULAMIA COTTON SPINNING MILLS LTD,,,,,,,,,,,
TILIL,TRUST ISLAMI LIFE INSURANCE LTD,,,,,,,,,,,
SEMLLECMF,SEML LECTURE EQUITY MANAGEMENT FUND,,,,,,,,,,,
AIBL1STIMF,AIBL 1ST ISLAMIC MUTUAL FUND,,,,,,,,,,,
VAMLBDMF1,VANGUARD AML BD FINANCE MUTUAL FUND ONE,,,,,,,,,,,
NCCBLMF1,NCCBL MUTUAL FUND-1,,,,,,,,,,,
ACMEPL,ACME PESTICIDES LTD,,,,,,,,,,,
DBH1STMF,DBH FIRST MUTUAL FUND,,,,,,,,,,,
MBL1STMF,MBL 1ST MUTUAL FUND,,,,,,,,,,,
SEMLFBSLGF,SEML FBLSL GROWTH FUND,,,,,,,,,,,
IFIC1STMF,IFIC BANK 1ST MUTUAL FUND,,,,,,,,,,,
1JANATAMF,FIRST JANATA BANK MUTUAL FUND,,,,,,,,,,,
JUTESPINN,JUTE SPINNERS LTD ,,,,,,,,,,,
ICICL,ISLAMI COMMERCIAL INSURANCE PLC.,,,,,,,,,,,
ICBSONALI1,ICB AMCL SONALI BANK LTD 1ST MUTUAL FUND,,,,,,,,,,,
ICBAGRANI1,ICB AMCL FIRST AGRANI BANK MUTUAL FUND,,,,,,,,,,,
PRIME1ICBA,PRIME BANK 1ST ICB AMCL MUTUAL FUND,,,,,,,,,,,
SAFKOSPINN,SAFKO SPINNINGS MILLS LTD,,,,,,,,,,,
EXIM1STMF,EXIM BANK 1ST MUTUAL FUND,,,,,,,,,,,
BDWELDING,BANGLADESH WELDING ELECTRODES LTD,,,,,,,,,,,
GLDNJMF,ICB AMCL CMSF GOLDEN JUBILEE MUTUAL FUND,,,,,,,,,,,
SHYAMPSUG,SHYAMPUR SUGAR MILLS LTD,,,,,,,,,,,
MEGHNAINS,MEGHNA INSURANCE COMPANY LTD,,,,,,,,,,,
LIBRAINFU,LIBRA INFUSIONS LTD,,,,,,,,,,,
1STPRIMFMF,PRIME FINANCE FIRST MUTUAL FUND,,,,,,,,,,,
FINEFOODS,FINE FOODS LTD,,,,,,,,,,,
ASIATICLAB,ASIATIC LABORATORIES LTD,,,,,,,,,,,
EASTERNINS,EASTERN INSURANCE CO LTD,,,,,,,,,,,
BDTHAIFOOD,BD THAI FOOD & BEVERAGE LTD,,,,,,,,,,,
CAPMBDBLMF,CAPM BDBL MUTUAL FUND 01,,,,,,,,,,,
POPULAR1MF,POPULAR LIFE FIRST MUTUAL FUND,,,,,,,,,,,
ICBAMCL2ND,ICB AMCL SECOND MUTUAL FUND,,,,,,,,,,,
NORTHERN,NORTHERN JUTE MANUFACTURING CO LTD,,,,,,,,,,,
PF1STMF,PHOENIX FINANCE 1ST MUTUAL FUND,,,,,,,,,,,
ANLIMAYARN,ANLIMAYARN DYEING LTD.,,,,,,,,,,,
VAMLRBBF,VANGUARD AML RUPALI BANK BALANCED FUND,,,,,,,,,,,
EBL1STMF,EBL FIRST MUTUAL FUND,,,,,,,,,,,
GREENDELMF,GREEN DELTA MUTUAL FUND,,,,,,,,,,,
SEMLIBBLSF,SEML IBBL SHARIAH FUND,,,,,,,,,,,
