Symbol,Name,Total Assets FQ,Current Assets FQ,Cash on Hand FQ,Total Liabilities FQ,Total Debt FQ,Net Debt FQ,Total equity FQ,Current ratio FQ,Quick ratio FQ,Debt/Equity FQ,Cash/Debt FQ
GP,Grameenphone Ltd.,207296106000.0,20178665000.0,11491339000.0,151244577000.0,79726923000.0,68235584000.0,56051529000.0,0.216326886447812,0.212218344101954,1.4223862296423702,0.14413373259118503
SQURPHARMA,Square Pharmaceuticals PLC,157898904257.0,82573119744.0,60819919635.0,7387957072.0,356027753.0,-60463891882.0,146825048847.0,13.7821964621318,11.4698985592154,0.00242498342211378,170.82915340872316
ROBI,Robi Axiata PLc,205135788000.0,18045820000.0,1904757000.0,139494024000.0,65806831999.99999,63902075000.0,65641763999.99999,0.252572426698541,0.245971635354894,1.00251467952628,0.028944669453165595
BRACBANK,BRAC Bank PLC,1452613036576.0,166627741961.0,,1310154574476.0,158669410147.0,26146459924.0,142458462100.0,0.306607878994087,,1.40333562857749,
WALTONHIL,Walton Hi-Tech Industries PLC,158336485476.0,72693157706.0,2571873135.0,36058389533.0,25345768601.0,22773895466.0,122225952961.0,2.47590289044485,1.39406656521573,0.20736814061975298,0.10147149906902127
BATBC,British American Tobacco Bangladesh Co Ltd,107254672000.0,68371406000.0,13070800000.0,49394414000.0,5032316000.0,-8038484000.0,57860258000.0,1.71789882354366,0.579963002994238,0.0869736184031534,2.597372661017313
MARICO,Marico Bangladesh Limited.,9446825502.0,7681904447.0,1743186382.0,4843330274.0,134253500.0,-1608932882.0,4603495228.0,1.63331397206395,0.786295545478793,0.029163384200645,12.98429003340695
BERGERPBL,Berger Paints Bangladesh Ltd.,,,,,,,,,,,
UPGDCL,United Power Generation & Distribution Co. Ltd.,67392232354.00001,36926241386.0,1223970789.0,18195716170.0,7233830622.0,6009859833.0,49196516184.0,2.07218937104494,1.86859623364112,0.149117986934402,0.16920091898164988
LHB,LafargeHolcim Bangladesh PLC,38367447000.0,17358401000.0,2827015000.0,19807296000.0,86971000.0,-2740044000.0,18560151000.0,0.991265665339014,0.680227927588226,0.00468576380358314,32.5052603741477
BXPHARMA,Beximco Pharmaceuticals Plc,78731251000.0,28066596000.0,5232435000.0,14635086000.0,3163447000.0,-2068987999.9999998,64096165000.0,4.1253906330957,1.83852303392182,0.0526815473423367,1.6540296075767984
PUBALIBANK,Pubali Bank PLC,1300851813585.0,139798337039.0,,1224480051283.0,95832744880.0,34335731594.999996,76371762302.0,0.366113905742455,,1.25481910462989,
CITYBANK,City Bank PLC,987064024955.0,68061989096.00001,,921209856571.0,105881568934.0,62421051223.0,65854168384.00001,0.227865719716442,,1.6096724147677302,
RENATA,Renata PLC,61585575000.0,20689303000.0,1039674000.0,21629912000.0,15755009000.0,14715335000.0,39955663000.0,2.57210471516617,0.792832922557646,0.394312290600709,0.06599006068482728
DUTCHBANGL,Dutch-Bangla Bank PLC,900564580219.0,308174443950.0,,838491226540.0,44765234302.0,-25049768637.0,62073353679.0,0.528189839486443,,0.7211666785960119,
ISLAMIBANK,Islami Bank Bangladesh PLC,2409555786364.0,252844022082.0,,2351551340214.0,471960517117.0,357795262011.0,58004446151.0,0.401243613616815,,8.13668209966724,
ICB,Investment Corporation of Bangladesh,207242929657.0,,13627643988.0,181835073767.0,61034585897.0,47406941909.0,25407855891.0,,,2.40219404671797,0.22327740555162565
EBL,Eastern Bank PLC,815157139188.0,182244360829.0,,764679781467.0,117192115141.0,86240939678.0,50477357722.0,0.709207889794453,,2.32167689494419,
UNILEVERCL,Unilever Consumer Care Limited,3430505000.0,3060879000.0,2609281000.0,1799417000.0,90802000.0,-2518479000.0,1631088000.0,1.80679727358212,1.57987912101534,0.055669589868848304,28.735941939604853
POWERGRID,Power Grid Co. of Bangladesh Ltd.,871941048560.0,101447939748.0,38662812564.0,732664940756.0,583986287902.0,545323475338.0,103405613793.0,1.54625616185062,1.3899905769562,5.64752982435788,0.06620500063948093
PRIMEBANK,Prime Bank PLC,657987744890.0,148958355931.0,,610423108213.0,87087127764.0,61627483192.0,47564636677.0,0.767764478791688,,1.83092175126655,
BSRMSTEEL,BSRM Steels Limited,89046217534.0,43935321162.0,7090924261.0,52444116032.0,40767855832.0,33676931571.0,36602101502.0,1.49536388733721,0.708575278673453,1.1138118894559201,0.17393419683931735
OLYMPIC,Olympic Industries PLC.,18504510563.0,11131975585.0,6316929232.0,5156318224.0,951670162.0,-5365259070.0,13348192339.0,2.36833257751049,1.74578031586978,0.0712958082885473,6.637729629690754
BSRMLTD,Bangladesh Steel Re-Rolling Mills Ltd.,93946695482.0,43100977405.0,2902738340.0,40954795418.0,26960285881.0,24057547541.0,52991900064.0,1.28213550295436,0.530746052009669,0.508762392902297,0.10766719436182524
MJLBD,MJL Bangladesh PLC,63500971252.0,18434395939.0,2891134517.0,44175413890.0,31739906442.0,28848771925.0,19325557362.0,0.57145791106877,0.426885927566438,1.8293461512434102,0.0910883125091475
BSCPLC,Bangladesh Submarine Cables PLC,25907177098.0,11213085317.0,7298815398.0,7444865609.0,4557619786.0,-2741195612.0,17585898600.0,4.71632164972511,4.71632164972511,0.259163315430467,1.6014533332552985
UTTARABANK,Uttara Bank PLC,385088906055.0,25165332858.0,,351734143439.0,4035158918.0,-13888225622.0,33354762616.0,0.153330780371486,,0.120977484885781,
BANKASIA,Bank Asia PLC,673886674185.0,46430286670.0,,632226375901.0,43132761937.0,-3297524733.0,37465734773.0,0.254993352537066,,1.15126110209366,
BEACONPHAR,Beacon Pharmaceuticals PLC,,,,,,,,,,,
MPETROLEUM,Meghna Petroleum PLC,115295927108.0,100961003613.0,64200826404.0,82828792055.0,177972523.0,-64022853881.0,32467135053.0,1.22218868037661,1.0529073703889,0.0054816208054537,360.73448486202557
KOHINOOR,Kohinoor Chemical Company (Bangladesh) PLC,4382161300.0,4052689383.0,1750221981.0,1720385283.0,331824430.0,-1418397551.0,2661776018.0,2.9880735869716,1.63617392610111,0.124662791968997,5.274542266221929
JAMUNABANK,Jamuna Bank PLC,466747937504.0,32868538515.0,,438062473096.0,25954472363.0,5060837208.0,28685464408.0,0.239344819216307,,0.904795317754122,
BEXIMCO,Bangladesh Export Import Company Ltd.,,,,,,,,,,,
UCB,United Commercial Bank PLC,972987690968.0,67259650469.0,,932919301375.0,81809471456.0,30431083994.0,40068389593.0,0.280171766332923,,2.04174594200393,
IDLC,IDLC Finance PLC.,180723894962.0,,11081440645.0,158196677092.0,27429310054.0,16347869409.0,22527217870.0,6.16999441019095,6.16999441019095,1.21760774432493,0.40399997751252226
JAMUNAOIL,JAMUNA OIL PLC,102550076852.0,86108444036.0,54435285688.0,71490332109.0,0.0,-54435285688.0,31059744743.0,1.23209099900887,1.08012262180407,0.0,
TITASGAS,Titas Gas Transmission and Distribution PLC,387555400720.0,279355888881.0,30331602841.0,304739230523.0,4519658884.0,-25811943957.0,82816170196.0,1.11170471422114,1.09435862868104,0.0545745942284385,6.71103807156257
PADMAOIL,Padma Oil PLC,122648082000.0,111666597000.0,47890832000.0,92896469000.0,183463000.0,-47707369000.0,29751613000.0,1.20567177074993,0.991115028479101,0.006166489191695251,261.0380948747159
SHAHJABANK,Shahjalal Islami Bank PLC,454246755891.0,66481859125.0,,426938896305.0,47286645547.0,22755916040.0,27307859586.0,0.437153019152492,,1.74613720836845,
ALARABANK,Al-Arafah Islami Bank PLC,645614711418.0,53002193836.0,,619544844464.0,69145009797.0,43649577473.0,26069866954.0,0.375170505833876,,2.8354892466147197,
BSC,Bangladesh Shipping Corporation,37202120149.0,12966874741.0,9937025477.0,19591714008.0,14002598408.0,4065572931.0,17610406141.0,2.40584814343732,2.39049191298488,0.795132054075663,0.7096558215454322
SUMITPOWER,Summit Power Ltd.,103305109595.0,41785052806.0,3895305438.0,39328494499.0,30029542219.0,26134236781.0,63976615096.0,1.46972310273443,1.28947864593106,0.690812997733517,0.1297157782024196
ACI,Advanced Chemical Industries PLC,115425349000.0,67861258000.0,6441289000.0,106352148000.0,81107627000.0,74666338000.0,9073200000.0,0.701989359172352,0.418801849890769,10.7657879503801,0.0794165633769559
NCCBANK,National Credit and Commerce Bank PLC,429313498854.0,27955908332.0,,398841509767.0,38527789644.0,20110088073.0,30471989087.0,0.240161642463301,,1.2643674095486201,
ACMELAB,ACME Laboratories Ltd.,59535015362.0,26221881895.0,2590225429.0,31545748263.0,23756439177.0,21166213748.0,27809802858.0,1.19806289265531,0.724826581713482,0.8542469466002,0.10903256206459379
BESTHLDNG,Best Holdings PLC,,,,,,,,,,,
MTB,Mutual Trust Bank PLC,517609662848.0,37133535368.0,,487427129752.0,52520146361.0,27167202096.0,30182533096.0,0.361226610861071,,1.7400920516944398,
RECKITTBEN,Reckitt Benckiser (Bangladesh) PLC,3218685000.0,2434784000.0,1526764000.0,2222430000.0,161750000.0,-1365014000.0,996255000.0,1.16393702804979,0.805410707832103,0.16235803082544098,9.439035548686244
TRUSTBANK,Trust Bank PLC,670256080751.0,35606679756.0,,640376207243.0,44984833877.0,16245686197.0,29879873508.0,0.240831174183794,,1.50552293934721,
SOUTHEASTB,Southeast Bank PLC,628430033012.0,36817812419.0,,592045200994.0,52359030744.0,21295348778.0,36384832018.0,0.226196338246591,,1.44129589120867,
SAPORTL,Summit Alliance Port Limited,14749932884.0,2321469066.0,447110899.0,6372087001.0,3683594439.0,3236483540.0,8377845883.0,0.614476855389606,0.611915323863612,0.446165977168934,0.12137897002618425
IPDC,IPDC Finance PLC,104867025116.0,,11458997151.0,97561143075.0,17442773857.0,5983776706.0,7305882041.0,,,2.38749732874314,0.6569481003963922
UNIQUEHRL,Unique Hotel & Resorts PLC,45156637938.0,7213774090.0,2208358062.0,17059633127.000002,8768657792.0,6560299730.0,28097004811.0,0.916085724322952,0.862544022192939,0.31208514398542103,0.2518467608594298
RAKCERAMIC,RAK Ceramics (Baneladesh) Limited,11554287566.0,7144322556.0,282365765.0,5102599218.0,2361389789.0,2079024023.9999998,6451688348.0,1.5377750038522,0.700527735107829,0.36601113718272205,0.11957609299207485
DHAKABANK,Dhaka Bank PLC,456361595308.0,44215729320.0,,431569901818.0,58021097671.0,38515941983.0,24791693490.0,0.424603445951472,,2.3403525619317502,
HEIDELBCEM,Heidelberg Materials Bangladesh PLC,9720216000.0,4523570000.0,1098475000.0,5716460000.0,282665000.0,-815810000.0,4003756000.0,0.879344044958891,0.383028446295916,0.0705999566407144,3.8861373003378556
BATASHOE,Bata Shoe Co. (Bangladesh) Ltd.,8372695179.0,4014535787.0,751306199.0,5430383440.0,2399584607.0,1648278408.0,2942311739.0,1.51008457841183,0.344221661281322,0.81554397353407,0.3130984407919233
NBL,National Bank PLC,514576029717.0,15777815324.0,,549591697160.0,108824305683.0,98238373555.0,-35015667443.0,0.221181161486092,,,
SHARPIND,Sharp Industries PLC,6022599597.0,2678591952.0,400502773.0,3617928118.0,2970912378.0,2570409605.0,2404671479.0,0.852073816144381,0.481183107278615,1.23547536698671,0.1348080057714849
RELIANCINS,Reliance Insurance PLC,16547096869.0,4489749056.0,,7641911087.0,0.0,-573501784.0,8905185782.0,0.58751652628329,,0.0,
NATLIFEINS,National Life Insurance PLC,79522716552.0,23901534593.0,,78986060169.0,0.0,-3799677181.0,536656383.0,3.08893858420387,,0.0,
PTL,Paramount Textile PLC,36257560764.0,11753033639.0,787995943.0,27438234180.0,24871707768.0,24083711825.0,8615709444.0,1.31000738303469,0.680661703288459,2.97044699366918,0.03168242206567888
LINDEBD,Linde Bangladesh Limited,5201380000.0,2499387000.0,1115535000.0,2001677220.0,25443000.0,-1090092000.0,3199702780.0,1.85268093086693,1.60090136501948,0.007951675514883731,43.84447588727745
SPCL,Shahjibazar Power Co Ltd,16644372372.999998,10279777964.0,555219949.0,8563891713.000001,2251340394.0,1696120445.0,8080480660.0,1.26070203752447,0.93813736655624,0.28984926110338705,0.24661750416760833
DESCO,Dhaka Electric Supply Co. Ltd.,92236773110.0,34122144692.0,20528401210.0,76431065743.0,41279417450.0,20751016240.0,15805707364.0,1.02259568779192,0.826733903478737,2.61167795273879,0.49730355896773926
DELTALIFE,Delta Life Insurance Company Ltd.,52578464375.0,3051733319.0,,47144908453.0,23638181.0,-1682045319.0,5433555922.0,0.755858876344408,,0.00435040728638988,
CROWNCEMNT,Crown Cement PLC,27684907906.0,11568368130.0,496972854.0,18436874906.0,13884042354.0,13387069500.0,9248033000.0,0.928476020130578,0.599757191888348,1.5012968005196399,0.03579453600966737
SQUARETEXT,Square Textiles PLC,26254267347.0,15490309086.0,928988170.0,15547324374.0,14604154607.0,13675166437.0,10706942973.0,1.19396214087221,0.703832213468432,1.36597388906204,0.06361122536697342
IBNSINA,BN SINA Pharmaceutical Industry PLC,9941792894.0,3201872513.0,377728015.0,5490840731.0,3572820244.0,3195092229.0,4446560053.0,0.781400140639761,0.323048958016602,0.8228987113887101,0.1057226474335886
LANKABAFIN,LankaBangla Finance PLC,,,,,,,,,,,
ENVOYTEX,Envoy Textiles Ltd.,23091407850.0,10477104518.0,161327871.0,12824934671.0,9927495583.0,9766167712.0,10266473179.0,1.27664802115345,0.772364069301748,0.9669820794259341,0.01625061120916139
IFIC,IFIC Bank PLC,593904731697.0,49833421837.0,,600999733885.0,11392005222.0,-28667760885.0,-7095002188.0,0.303430651488732,,,
GPHISPAT,GPH Ispat Limited,103733426653.0,47154064786.0,3086743731.0,78842376801.0,70097208481.0,67010464750.0,24891049852.0,1.1838267852804,0.684872848391143,2.8161611863618403,0.044035187675650005
MALEKSPIN,Malek Spinning Mills PLC,27316008402.0,12426733376.0,974036358.0,14843698821.0,8494755655.999999,7520719298.0,12472309581.0,1.16812298330912,0.507732212465739,0.684014563095533,0.11466325783155641
EHL,Eastern Housing Ltd.,24376460927.0,19486670312.0,4322396264.0,15588138818.0,21626936.0,-4300769328.0,8788322109.0,1.25779995879606,0.349570165097172,0.00246087202218637,199.86170320197
DBH,DBH Finance PLC,63439279145.0,,13386106237.0,53135466314.0,5287598072.0,-8098508165.0,10303812831.0,,,0.513169072335219,2.53160434184378
DOMINAGE,Dominage Steel Building Systems Ltd,1927414180.0,713345874.0,8272434.000000001,186127156.0,60229558.0,51957124.0,1741287023.0,6.69346206974154,3.44750037319305,0.0345891040388234,0.1373484095632912
RUPALIBANK,Rupali Bank PLC,879287301067.0,82864618918.0,,868345094819.0,14103603406.0,-24843442912.0,10942206248.0,0.379525357540954,,1.28891770876443,
ONEBANKPLC,One Bank PLC,381021921889.0,35524678115.0,,356478095064.0,25113376136.0,3986301774.0,24543826824.0,0.495071486331246,,1.02484977405336,
DAFODILCOM,Daffodil Computers PLC.,1517357470.0,605964593.0,49774971.0,858745084.0,198956197.0,149181226.0,658612386.0,0.705639664541008,0.643875798886087,0.303015762317398,0.2501805510486311
MERCANBANK,Mercantile Bank PLC,484173903342.0,29508823829.0,,457289610578.0,31248069947.0,10165240056.0,26884292764.0,0.168412836142548,,1.16730803233399,
ACIFORMULA,ACI Formulations PLC,9361878000.0,6476497000.0,134784000.0,5519650000.0,4231002000.0000005,4096218000.0,3842228000.0,1.2366578278004,0.938063969409007,1.10187394005559,0.03185628368882832
SONALIPAPR,Sonali Paper & Board Mills Ltd.,7724856786.0,1889240202.0,1136295598.0,2678161459.0,1611599361.0,475303763.0,5046695327.0,1.29900899514815,0.927337525797254,0.319337557862446,0.7050732492813392
CITYGENINS,City Insurance PLC,2633667237.0,1942270025.0,,840794128.0,0.0,-1339289808.0,1792873109.0,6.4636978047016,,0.0,
SINGERBD,Singer Bangladesh Limited,39300250422.0,22959073229.0,1286762072.0,39554307128.0,24299634031.0,23012871959.0,-254056706.0,0.742565126447932,0.404193130485319,,0.05295396919798985
NRBCBANK,NRBC Bank PLC,254168344266.0,19777633801.0,,240126671290.0,13563811106.0,-113470676.00000101,14041672976.0,0.268969681399004,,0.9659683110959919,
PIONEERINS,Pioneer Insurance PLC,6953063323.0,6469053608.0,,2097635044.0,0.0,-1450810740.0,4855428279.0,6.14406313648884,,0.0,
GREENDELT,Green Delta Insurance PLC,15904410000.0,12707120000.0,,8848380000.0,0.0,-2267500000.0,7056030000.0,1.76816115481109,,0.0,
PREMIERBAN,The Premier Bank PLC,452110957608.0,24980608668.0,,439230927437.0,69855570739.0,48735621818.0,12880030171.0,0.154109673488104,,5.423564932016539,
IFADAUTOS,IFAD Autos PLC,41496957511.0,35374395822.0,3018677886.0,31895801106.0,29568845037.0,26550167151.0,9601156405.0,4.32269181119804,4.17635083356346,3.07971704550104,0.10208981386397327
LOVELLO,Taufika Foods and Lovello Ice-cream PLC,4221948636.0,2356279272.0,126535171.0,2901423247.0,2168471984.0,2041936813.0,1320525390.0,2.20959465678308,1.59959475060471,1.6421282017152299,0.05835222771317114
ORIONPHARM,Orion Pharma Ltd.,57143737312.0,17494994400.0,334839231.0,35712023110.0,27039098733.0,26704259502.0,21431714202.0,2.05826738668692,1.91165165160245,1.35209358188079,0.012383520408960371
PRAGATIINS,Pragati Insurance PLC,6604788316.0,4370232512.0,,1940776706.0,50313258.0,-1833701753.0,4664011610.0,3.37055073702904,,0.0107875499049197,
JHRML,JMI Hospital Requisite Manufacturing Ltd,6250078368.0,3661732218.0,518837800.0,1543194375.0,1143127492.0,624289692.0,4582698780.0,3.15928844839539,2.28707443753021,0.264625143150084,0.45387570820490775
DOREENPWR,Doreen Power Generations & Systems Ltd.,26622348874.0,15266185451.0,52810171.0,16365385710.0,14881468325.0,14828658154.0,10256963164.0,1.32504730419999,1.16667552320905,1.4605046015068102,0.0035487204519517733
FINEFOODS,Fine Foods Limited,,,,,,,,,,,
ITC,IT Consultants PLC,5081509033.0,1628415842.0,431848511.0,1898430726.0,1438505533.0,1006657022.0,3183078307.0,2.66660214198547,2.58336151395974,0.451922759750064,0.3002063607634382
KEYACOSMET,Keya Cosmetic Ltd.,,,,,,,,,,,
PRAGATILIF,Pragati Life Insurance PLC,9290978842.0,2099243393.0000002,,8888768207.0,0.0,-124844167.0,402210635.0,3.17196681084639,,0.0,
MATINSPINN,Matin Spinning PLC,13987912395.0,7010915383.0,454562484.0,7333215055.0,5773533054.0,5318970570.0,6654697340.0,1.11012199553518,0.436606207921459,0.867587624052636,0.07873211770824998
CONFIDCEM,Confidence Cement PLC,15667446630.0,3574965030.0,280581682.0,7487916585.0,6038342052.0,5757760370.0,8179530045.0,0.533673363152129,0.436271642631282,0.738341241658475,0.04646667571723047
FEKDIL,Far East Knitting & Dyeing Industries PLC.,6984191757.0,3414068860.0,445103710.0,2776706583.0,1353532863.0,908429153.0,4207485174.0000005,1.60780143055575,0.950866952748581,0.32169640700438,0.3288458833673697
STANDBANKL,Standard Islami Bank PLC,286051982403.0,34290300986.000004,,267051747527.00003,32366814624.0,17730328073.0,19000234877.0,0.484444658494739,,1.70351036913916,
ORIONINFU,Orion Infusion Ltd.,825814705.0,450321806.0,17964661.0,495746673.0,295628585.0,277663924.0,330068033.0,0.969839250930283,0.72374015318665,0.8956595472546109,0.06076767238188418
CVOPRL,CVO Petrochemical Refinery PLC,1503145176.0,343794639.0,135273452.0,537504775.0,215235497.0,79962045.0,965640401.0,0.866622449074815,0.798214148630165,0.222894047077055,0.6284904390096955
RUNNERAUTO,Runner Automobiles PLC,23870392000.0,11368489320.0,1907296772.0,14733425743.0,11758828866.0,9851532094.0,9136966257.0,1.30117504052096,1.09337717004804,1.56447027141504,0.1622012526702249
PREMIERCEM,Premier Cement Mills PLC,37873544174.0,13473446934.0,1792787634.0,30948354692.0,26074869437.0,24282081803.0,6925189482.0,0.621229346447334,0.489848498481624,3.77525083656618,0.06875538296870821
BNICL,Bangladesh National Insurance Company Ltd,3233561637.0,2437784235.0,,1717365943.0,0.0,-214536133.0,1516195093.0,1.74954181720383,,0.0,
GQBALLPEN,G.Q. Ball Pen Industries Limited,,,,,,,,,,,
MIRAKHTER,Mir Akhter Hossain Ltd,28054572974.0,4641816981.0,300902774.0,21818714639.0,21597633221.0,21296730447.0,6235858335.0,1.04979179813121,0.190179310956962,3.46352094551985,0.013932210577010058
AMANFEED,Aman Feed PLC,9840655947.0,8577937376.0,149732797.0,6149994629.0,5674168832.0,5524436035.0,3690661318.0,2.40456650752523,0.739079248881607,1.53743959228285,0.026388498726997344
NTC,National Tea Company Limited,,,,,,,,,,,
BPML,Bashundhara Paper Mill Ltd.,38042434530.0,9840517431.0,53624266.0,32064708443.0,29906362981.0,29852738715.0,5977726087.0,0.955089458964676,0.721385377862127,5.00296643669213,0.0017930721309732103
EASTRNLUB,Eastern Lubricants Blenders PLC,795962000.0,764366000.0,447935000.0,408010000.0,0.0,-447935000.0,387952000.0,1.87897246804326,1.66836037364798,0.0,
BBSCABLES,BBS Cables PLC,9118984926.0,7298965883.0,505150609.0,3751051531.0,3295153825.0,2790003216.0,5367933396.0,2.32811215269169,1.47857391020304,0.613858925197439,0.15330107055017378
GENEXIL,Genex Infosys PLC,6956282005.0,2154700641.0,221685370.0,4041416432.0,3698697958.0,3477012588.0,2914865573.0,0.711685118247017,0.674975789484895,1.2889889975536701,0.05993605655755468
SEAPEARL,Sea Pearl Beach Resort & Spa Ltd.,8724799875.0,764567066.0,168400617.0,7075158976.0,6168299860.0,5999899243.0,1649640899.0,0.406546088077368,0.296692462395079,3.73917733473944,0.027300977712195723
NRBBANK,NRB Bank PLC,134719951264.0,14957690111.0,,125689447434.0,8275782343.000001,-6116511768.0,9030503830.0,0.507330836117505,,0.916425325995795,
ABBANK,AB Bank PLC,429711499303.0,31658673521.0,,470285054783.0,61668045437.0,47724933521.0,-40573555480.0,0.27997717030601,,,
SONALILIFE,Sonali Life Insurance PLC,,,,,,,,,,,
JMISMDL,JMI Syringes & Medical Devices Ltd.,3009163883.6000004,1717489828.32,198148517.87,504434095.42,25464401.0,-172684116.87,2492610718.18,4.33857269590213,2.7916026018766,0.010215955830677399,7.781393242668461
KPCL,Khulna Power Company Ltd.,9441101761.0,3171705157.0,1369079218.0,1647956494.0,4140933.9999999995,-1364938284.0,7793145267.0,1.99189640996937,1.87940872247954,0.0005313559362911851,330.6208739381019
TAMIJTEX,Tamijuddin Textile Mills PLC,11132236000.0,7347397000.0,138328000.0,7872506000.0,6977418000.0,6839090000.0,3259730000.0,2.37230446254564,1.03144465438615,2.14048954974799,0.0198250986253081
ADNTEL,ADN Telecom Ltd.,3495857879.0,1490763794.0,277034509.0,1317201649.0,508960266.0,231925757.0,2178656230.0,1.8287342791796,1.82138475765462,0.233748244977383,0.5443146106026281
APEXFOOT,Apex Footwear Ltd.,30283711621.0,17432608046.0,99530253.0,23368092326.0,21407888941.0,21308358688.0,6915619295.0,1.02478152708544,0.1383517799492,3.0955852292907298,0.0046492324990242955
MLDYEING,M.L. Dyeing & Textile Ind. PLC,3428945749.0,977715853.0,26828284.0,576160290.0,344282224.0,317453940.0,2852785459.0,2.334410812275,1.1484285344802,0.120682830499523,0.07792526633614404
SHASHADNIM,Shasha Denims PLC,15179575824.0,8347955105.999999,283989790.0,9252397055.0,3991823542.0,3707833752.0,5927178768.0,1.02491879787923,0.604108105792615,0.678290673723113,0.07114287167556366
QUASEMIND,Quasem Industries Limited.,3987843799.0,1254935512.0,17920095.0,1805823370.0,1056553284.0000001,1038633188.9999999,2182020428.0,1.20065490623592,0.471696482875751,0.484208704209253,0.016960900383704642
EPGL,Energypac Power Generation PLC,22964514565.0,7000922349.0,227700037.0,18170299128.0,15412186379.0,15184486342.0,4794215437.0,3.98242385207849,3.51611428891853,3.21474630865655,0.014774025657401504
KBPPWBIL,Khan Brothers PP Woven Bag Industries Ltd,1268971844.0,844166920.0,70237218.0,90091718.0,4424192.0,-65813025.99999999,1178880127.0,15.9146247408022,4.26015799871313,0.00375287690297964,15.875716515015624
NHFIL,National Housing Finance PLC,19005126847.0,,4230425105.9999995,16754108933.0,3769551868.0,-460873238.0,2251017914.0,7.9587754938028,7.9587754938028,1.6745987868668701,1.1222620762728817
BPPL,Baraka Patenga Power Ltd.,26455277651.0,12459805722.0,778425377.0,18698368506.0,10051649095.0,9273223718.0,7756909145.0,0.989392722853238,0.824501476096947,1.9147692212342,0.0774425539175669
KDSALTD,KDS Accessories Ltd.,4893199222.0,3896677515.0,91074776.0,2783430514.0,557169754.0,466094978.0,2109768708.0,1.50428534384816,1.13381482987388,0.264090443605157,0.16345965542128119
FARCHEM,FAR Chemicals Industries Ltd,8063568268.0,3202862970.0,245765448.0,3583804485.0,3389626406.0,3143860958.0,4479763783.0,0.989794127091725,0.546041546718141,0.756652933099531,0.07250517271312525
SAIFPOWER,SAIF Powertec Ltd.,,,,,,,,,,,
POPULARLIF,Popular Life Insurance Co. Ltd.,21120586433.0,6078734671.0,,17918907300.0,31852049.0,-287998665.0,3201679133.0,3.14812288286681,,0.010024211091858899,
INDEXAGRO,Index Agro Industries Ltd,7091356823.0,4530280016.0,57171314.0,2940420120.0,2453192561.0,2396021247.0,4150936703.0000005,1.66092966279157,0.687958134453699,0.590997342654492,0.023304861961873525
ECABLES,Eastern Cables Ltd.,10412466675.0,1492736713.0,36658903.0,1520985707.0,560166570.0,523507666.99999994,8891480968.0,1.15091089284285,0.976683139607574,0.0630003676570879,0.06544286104042231
UNITEDFIN,United Finance PLC,29538937988.0,,3016727477.0,26326618624.0,6690708834.0,3673981357.0,3212319364.0,6.93698217753583,6.93698217753583,2.08282803664599,0.45088309054340775
ESQUIRENIT,Esquire Knit Composite PLC,17404689276.0,7048916383.0,262412262.0,8823629369.0,6979436409.0,6717024147.0,8581059907.000001,1.26556871412766,0.493889215962716,0.8132045219460671,0.03759791573738228
MONNOCERA,Monno Ceramic Industries Limited.,5041619075.0,1613086024.0,34866214.0,2016850311.0,1329718442.0,1294852228.0,3024768764.0,3.19420316586949,2.34414441893269,0.439609948973938,0.026220749369737627
ACMEPL,ACME Pesticides Ltd,,,,,,,,,,,
GHAIL,Golden Harvest Agro Industries Ltd.,5589166298.0,2507411383.0,267264471.0,3024919915.0,2716155080.0,2448890609.0,2564246383.0,1.72596935224025,1.33509637151938,1.04515191549911,0.0983980896260165
SPCERAMICS,Shinepukur Ceramics PLC,,,,,,,,,,,
ANWARGALV,Anwar Galvanizing Ltd.,1072324983.0,762091423.0,510236939.0,910092819.0,655474301.0,145237362.0,162232164.0,0.920325335056626,0.729272638437844,4.04034739375109,0.7784240178777048
SAIHAMCOT,Saiham Cotton Mills Ltd.,10964877545.0,5737325677.0,71836733.0,5250781507.0,2897255640.0,2825418907.0,5714096038.0,1.18317730662562,0.276596637181139,0.507036567242239,0.02479475128401165
ARGONDENIM,Argon Denims Ltd.,6638232442.0,5198971855.0,1211880391.0,3240028348.0,2891297085.0,1679416694.0,3282325024.0,1.74880690845855,0.975487812986422,0.880868611078779,0.4191476542784949
FORTUNE,Fortune Shoes Ltd.,3352836749.0,2573562344.0,159343443.0,999274090.0,699299520.0,539956077.0,2353562659.0,3.20664323130551,1.69667524631136,0.29712381666402,0.22786150775564668
SANDHANINS,Shandhani Life Insurance Co.Ltd,10259428916.0,3068507063.0,,8561537789.0,10695896.0,-556822089.0,1697891127.0,2.34197938461154,,0.00629954397519382,
LEGACYFOOT,Legacy Footwear Ltd.,539588974.0,238465419.0,82498338.0,56406027.0,1382167.0,-81116171.0,476706816.0,7.20929259297844,6.38576672013906,0.0028996207043189897,59.68767739354217
AFTABAUTO,Aftab Automobiles Ltd.,29783808435.0,23446077234.0,256440906.99999997,24961432554.0,23143759366.0,22887318459.0,4822375881.0,1.99926864971076,1.74626799050488,4.7996827732574,0.011080347965280516
ATLASBANG,Atlas Bangladesh Limited,4723353027.0,913335015.0,87460861.0,734855562.0,2184296.0,-85276565.0,3988497464.0,1.74669277559572,1.68423895967731,0.000547648837617513,40.04075500756308
CRYSTALINS,Crystal Insurance Company Ltd,2336738981.0,1558770094.0,,1084031619.0,15086624.0,-36491765.0,1252707362.0,2.06102105200981,,0.0120432149260411,
UNITEDINS,United Insurance Company Limited,2546580000.0,662955000.0,,999787000.0,0.0,-287297000.0,1546792000.0,0.663096239499013,,0.0,
PENINSULA,The Peninsula Chittagong PLC,5942398903.0,445497789.0,109548422.0,2647963118.0,2501588267.0,2392039845.0,3294435784.0,1.14786281505206,1.06536259098581,0.759337389166727,0.043791547731943374
PEOPLESINS,Peoples Insurance PLC,3282757905.0,2368826493.0,,1393993649.0,0.0,-1638875404.0,1888764256.0,1.95033012858492,,0.0,
KAY&QUE,Kay and Que (Bangladesh) Ltd.,1120253407.0,357401134.0,12732222.0,339751670.0,103286634.0,90554412.0,780501736.0,1.05194813023288,1.03889134378648,0.132333637756316,0.12327076124874009
DSSL,Dragon Sweater & Spinning Ltd.,,,,,,,,,,,
QUEENSOUTH,Queen South Textile Mills Ltd.,6642348617.0,5859343409.0,34677081.0,4195661103.0000005,2148283014.0,2113605932.9999998,2446687514.0,1.60746856460324,0.942637272356098,0.8772274978236401,0.016141765667752005
APEXSPINN,Apex Spinning and Knitting Mills Ltd.,1997674000.0,1442979000.0,211985000.0,1290756000.0,113387000.0,-98598000.0,577217000.0,1.12410169879712,0.827130429634338,0.196437388365208,1.8695705856932452
HWAWELLTEX,Hwa Well Textiles (BD)PLC,2579107898.0,1825564946.0,1429344149.0,288741846.0,0.0,-1429344149.0,2231458423.0,7.75678537787288,6.67078782129019,0.0,
GOLDENSON,Golden Son Limited,8212496432.0,4143719193.0,43140425.0,5630429501.0,4915904839.0,4872764414.0,2531499635.0,1.51455706415089,0.875916551278491,1.94186562771653,0.008775683503421047
MONNOFABR,Monno Fabrics Ltd.,8567082920.000001,2930165132.0,15048174.0,5647244430.0,4372361642.0,4357313468.0,2919838490.0,2.36018753811644,2.13277376800262,1.49746695133127,0.0034416581317177333
EASTERNINS,Eastern Insurance PLC,2649207618.0,1637322722.0,,572026927.0,15861279.0,-9159847.0,2077180691.0,3.43109145964026,,0.00763596570867274,
RUPALILIFE,Rupali Life Insurance Co. Ltd.,6328157858.0,3023719192.0,,5443480275.0,2315231.0,-1029865726.0,884677583.0,6.9949751912219,,0.00261703364535235,
MAGURAPLEX,Magura Multiplex PLC,5512411412.0,1488187062.0,79617418.0,3270657567.0,2588114857.0,2508497439.0,2241753845.0,2.66766601820296,0.921444594183434,1.15450447995105,0.03076270660270778
ISLAMIINS,Islami Insurance Bangladesh Limited,1901402283.0,986117489.0,,885973737.0,19339684.0,-145680812.0,1015428546.0,1.52128868375982,,0.0190458344668203,
SHEPHERD,Shepherd Industries PLC,4130440684.0,2701835204.0,34124916.0,2259330350.0,1410381713.0,1376256797.0,1871110334.0,2.32306327702888,0.717923139258729,0.7537672618080901,0.02419551791224905
NPOLYMER,National Polymer Industries PLC,8148201112.0,4012867482.0,307035764.0,5996703793.0,5421676156.0,5114640392.0,2151497319.0,1.99022233817418,1.11935258769217,2.51995487427331,0.05663115154161561
MEGHNALIFE,Meghna Life Insurance PLC,17213381314.0,8440384534.999999,,16784868622.000002,0.0,-649137035.0,428512692.0,0.502856753012481,,0.0,
EMERALDOIL,Emerald Oil Industries Ltd.,,,,,,,,,,,
BDFINANCE,Bangladesh Finance PLC,19211435256.0,,1437940668.0,24249136639.0,4144497337.0,2706556669.0,-5037701383.0,,,,0.34695176545603845
CENTRALINS,Central Insurance PLC,3863799895.0,1938498354.0,,1140517881.0,100017779.0,99959022.0,2723282015.0,2.28020049158294,,0.0367269267189722,
ETL,Evince Textiles Ltd.,5648873268.0,1975404749.0,35748319.0,3295560861.0,2888906365.0,2853158046.0,2353312407.0,0.773891068037596,0.293973990708878,1.22759152435812,0.01237434325774695
PARAMOUNT,Paramount Insurance PLC.,1964993172.0,810417091.0,,750624350.0,4684879.0,-88038330.0,1214368823.0,2.1743349883428,,0.0038578716047949803,
UNIONINS,Union Insurance PLC,,,,,,,,,,,
BBS,Bangladesh Building Systems PLC,3326649044.0,1896297449.0,15100258.0,1556856995.0,1235018483.0,1219918225.0,1769792049.0,7.57019411959161,5.57450567889277,0.69783254122869,0.012226746569265716
EASTLAND,Eastland Insurance PLC,2775923221.0,457188643.0,,888553086.0,0.0,-457188643.0,1887370135.0,135.681437178706,,0.0,
PRIMEINSUR,Prime Islami Insurance PLC,2018413091.0,1378287663.0,,1150580109.0,0.0,-50972538.0,867832983.0,1.67958799014889,,0.0,
NAHEEACP,Nahee Aluminum Composite Panel PLC,993897717.0,602478500.0,25016369.0,172763399.0,130996738.0,105980369.0,821134318.0,7.33222256846152,4.80680822073102,0.15953143734031602,0.19096940413890306
SALVO,Salvo Organic Industries PLC,2885513567.0,595504950.0,78205964.0,1810424196.0,886822766.0,808616802.0,1075089371.0,0.430860339049626,0.29532633005085,0.824882832926827,0.08818668960512455
PROVATIINS,Provati Insurance PLC,1931200650.0,1626661163.0,,981298365.0,32856569.0,-153392982.0,949902285.0,2.61069754775804,,0.0345894199001743,
ACFL,Aman Cotton Fibrous PLC,5126110653.0,3433488787.0,986271800.0,1778891910.0,1400397768.0,414125968.0,3347218743.0,2.90373538094489,1.67727242726099,0.41837653153939697,0.7042797571782476
KARNAPHULI,Karnaphuli Insurance PLC,2194452588.0,1939625235.0,,1028982136.0000001,0.0,-893267997.0,1165470452.0,3.11614576617783,,0.0,
BDTHAI,Bangladesh Thai Aluminium Ltd.,6241325206.0,3184918329.0,7370312.0,2879946384.0,2145501905.0,2138131593.0,3361378824.0,2.0702288251852,0.876919378836073,0.638280306189018,0.003435239084534861
WMSHIPYARD,Western Marine Shipyard Limited,,,,,,,,,,,
SSSTEEL,S.S. Steel Ltd,,,,,,,,,,,
SUNLIFEINS,Sunlife Insurance Co. Ltd.,1474702909.0,1161810778.0,,1082524689.0,114359818.0,68028963.0,392178220.0,2.12683309532263,,0.291601654982268,
SAIHAMTEX,Saiham Textile Mills Ltd.,6609339664.0,3676471875.0,23261676.0,2647455219.0,2049625220.9999998,2026363545.0,3961884445.0,1.54424312643589,0.518227561413823,0.517335941886614,0.01134923388025581
NTLTUBES,National Tubes Limited,6213707463.0,987273020.0,4836303.0,1477284722.0,345995484.0,341159181.0,4736422741.0,1.81984139238714,0.915832782003526,0.0730499583588584,0.0139779367756141
FUWANGCER,Fu-Wang Ceramic Industry Ltd.,9611656533.0,4627103353.0,310237889.0,7974817294.0,7599135725.0,7288897836.0,1636839237.0,1.29425000614664,0.280692595693133,4.64256693829487,0.04082541755102025
SONALIANSH,Sonali Aansh Industries Limited.,,,,,,,,,,,
AGNISYSL,Agni Systems PLC,1555042749.0,893486797.0,40876647.0,283962505.0,46616953.0,5740306.0,1271080244.0,3.53355366608466,3.49359872365286,0.0366750669126126,0.8768622651077174
TAKAFULINS,Takaful Islami Insurance PLC,1358043202.0,1110580482.0,,563666132.0,116714000.0,-702837906.0,794377070.0,7.92829662721864,,0.146930212625619,
BGIC,Bangladesh General Insurance Company PLC,2128222674.0,1908036755.0,,937028041.0,325475720.0,201936874.0,1191194633.0,2.57798127965777,,0.27323470991495,
AMBEEPHA,Ambee Pharmaceuticals PLC,758477000.0,609329000.0,97861000.0,723118000.0,250000.0,-97611000.0,30225000.0,0.846837193465224,0.501615626758948,0.00827129859387924,391.444
RUPALIINS,Rupali Insurance Company Ltd.,2714522918.0,1415941797.0,,851780719.0,0.0,-643394138.0,1862742226.0,2.18697651316333,,0.0,
MHSML,Mozaffar Hossain Spinning Mills Ltd.,6915736531.0,3741806474.0,251621784.0,4802860623.0,4409077531.0,4157455747.0,2040030491.0,1.59720446470524,0.714994923344036,2.1612802114730703,0.05706903138601216
LRBDL,Lub-rref (Bangladesh) Ltd,9302197886.0,1465217020.0,252234107.0,4872837734.0,4113182163.0000005,3860948056.0,4429360152.0,0.840244820089921,0.661398796558368,0.9286176833335089,0.061323349417627036
BARKAPOWER,Baraka Power Ltd.,7465335396.0,2647819651.0,282932304.0,2155888335.0,671786693.0,388854389.0,5309447061.0,1.30741149976745,1.04749418721819,0.12142209886292701,0.42116390060736136
RINGSHINE,Ring Shine Textiles Ltd.,,,,,,,,,,,
SILVAPHL,Silva Pharmaceuticals Ltd.,2131886974.0,748029691.0,93642382.0,117759348.0,2449857.0,-91192525.0,2014127626.0,21.1878565713823,9.66114832718032,0.00121633652623362,38.22361141895221
IBP,Indo-Bangla Pharmaceuticals Ltd.,1718409241.0,440719138.0,1581548.0,259336523.0,18146085.0,16564537.000000002,1459072718.0,4.23186179122562,3.41968247262584,0.0124367242126722,0.08715643071218944
STANDARINS,Standard Insurance PLC,1729344932.0,1276736679.0,,690966095.0,29935974.0,-1074994795.0,1038378837.0,2.71257051776954,,0.0288295301611583,
BENGALWTL,Bengal Windsor Thermoplastics PLC,2627167341.0,1938451682.0,199263085.0,219241964.0,69894645.0,-129368440.0,2407925377.0,11.7216380264568,9.08971898859812,0.0290269148984512,2.85090631764422
ASIAPACINS,Asia Pacific General Insurance PLC,1849139391.0,1459895428.0,,728583313.0,0.0,-925986151.0,1120556078.0,3.61059890162759,,0.0,
EIL,Express Insurance Ltd.,2381130037.0,1843390564.0,,1060703815.0000001,0.0,-54394623.0,1320426222.0,2.0838677099202,,0.0,
INTRACO,Intraco Refueling Station PLC,3146624878.0,903681451.0,16750551.000000002,1821101724.0,401569362.0,384818811.0,1325523154.0,1.4157760070736,1.40984597248774,0.30430706593362,0.04171272159951287
SIMTEX,Simtex Industries PLC,2569321517.0,1418230725.0,157218568.0,787389684.0,616815326.0,459596758.0,1781931834.0,2.02654865401561,1.68136752255756,0.346149787680374,0.25488758364606523
RDFOOD,Rangpur Dairy and Food Products Limited,2033528872.0,892487427.0,34744951.0,714592741.0,554791467.0,520046516.0,1318936131.0,2.04147947408607,1.3426216491067,0.420635581936302,0.06262704649709401
AL-HAJTEX,Alhaj Textile Mills Limited,749470588.0,686242653.0,316877444.0,433724455.0,258277069.99999997,-58600374.0,304998799.0,3.59098539829266,2.14609375516741,0.846813400075061,1.2268895725044429
SILCOPHL,Silco Pharmaceuticals Ltd.,2791593986.0,1059899613.9999999,28602724.0,376193961.0,1287924.0,-27314800.0,2415400025.0,4.80514630041456,2.69479796367627,0.0005332135408916381,22.20839428413478
REPUBLIC,Republic Insurance PLC,2001367316.0,1780174780.0,,893768284.0,32338974.0,-23471758.0,1107599032.0,2.9318700012757,,0.0291973657123962,
ASIAINS,Asia Insurance PLC,2311123959.0,2091405476.0,,1104478191.0,6951418.0,-60369973.0,1206645768.0,2.48474993000536,,0.0057609434221295,
BDCOM,BDCOM Online Ltd.,1391362512.0,843823912.0,500148166.0,458595243.0,153396788.0,-346751378.0,911211391.0,2.06084976675849,2.02482346780754,0.16834379981977202,3.2604865624696133
WATACHEM,Wata Chemicals Ltd.,2648587273.0,778693681.0,191371809.0,1745743018.0,1363297964.0,1171926155.0,902844254.0,0.598949408061273,0.485136565626745,1.51000347840725,0.1403741618145628
FEDERALINS,Federal Insurance PLC,,,,,,,,,,,
AOL,Associated Oxygen Ltd,,,,,,,,,,,
SAMORITA,Samorita Hospital Ltd.,1213830000.0,102841000.0,44060000.0,152886000.0,3932000.0,-40128000.0,1060944000.0,1.57439414583365,1.23202339217097,0.0037061334057217,11.205493387589014
EGEN,eGeneration PLC,2077526795.0000002,744174391.0,22324445.0,298489269.0,116661700.0,94337255.0,1779037526.0,2.49313616363207,2.48354346031783,0.0655757387323375,0.19136053220551388
PHENIXINS,Phoenix Insurance PLC,2381420589.0,1571070525.0,,968434318.0,47215138.0,-419309964.0,1412986272.0,2.00889872905867,,0.0334151427622646,
RAHIMTEXT,Rahim Textile Mills Ltd.,1526410919.0,817346111.0,32705940.0,1265345272.0,987377694.0,954671754.0,261065646.00000003,0.913098385999792,0.564185063096762,3.78210503422576,0.03312404179144845
CLICL,Chartered Life Insurance PLC,1278362943.0,243527691.0,,903362942.0,21090739.0,-29084494.0,375000000.0,2.04391818626454,,0.0562419706666667,
BDLAMPS,Bangladesh Lamps PLC,2458687884.0,1690630735.0,78758086.0,1965524952.0,1344111938.0,1265353852.0,493162932.0,0.925789882644789,0.525943025965962,2.7254926329296802,0.058594886164905116
MERCINS,Mercantile Islami Insurance PLC,2380916897.0,2269269131.0,,1423749284.0,10628686.0,-1089882776.0,957167613.0,1.86800662534403,,0.011104310107910001,
AAMRANET,aamra networks ltd,,,,,,,,,,,
DHAKAINS,Dhaka Insurance Limited,2775933956.0,356855153.0,,1256539618.0,3299522.0,-174366274.0,1519394338.0,0.314635432511361,,0.00217160345900934,
PURABIGEN,Purabi General Insurance Co. Ltd.,1992171125.0,1259761091.0,,1065332973.9999999,5028000.0,-80377317.0,926838151.0,1.40302605403182,,0.00542489537636653,
NFML,National Feed Mill Ltd,,,,,,,,,,,
COPPERTECH,Coppertech Industries Ltd,1941210091.0,1093915859.0,53737042.0,988000779.0,756429163.0,702692121.0,953209313.0,1.46785127717285,0.786721046142875,0.7935603992572411,0.07104041545262316
PHARMAID,Pharma Aids Limited.,647207749.0,506939125.0,39155906.0,161878185.0,0.0,-39155906.0,482461756.0,3.19871146866049,2.74976705914879,0.0,
ICBIBANK,ICB Islamic Bank Limited,11700119801.0,1648094496.0,,26565487175.0,7307264527.0,6925882627.0,-14865367374.0,1.22491476024131,,,
GLOBALINS,Global Insurance PLC,1923977965.0,1734892624.0,,1262676511.0,73371600.0,-625756688.0,661301456.0,2.10761550185989,,0.11095030766120101,
AMCLPRAN,Agricultural Marketing Co. Ltd.,1819777000.0,1441856000.0,30687000.0,1063780000.0,955939000.0,925252000.0,755997000.0,1.43776842436952,0.556635485315249,1.2644745944759002,0.03210142069734575
YPL,Yeakin Polymer Ltd.,,,,,,,,,,,
AIL,Alif Industries Ltd.,,,,,,,,,,,
NITOLINS,Nitol Insurance PLC,2111689543.9999998,1174567870.0,,757251690.0,0.0,-27317102.0,1354437854.0,2.24261295667026,,0.0,
UTTARAFIN,Uttara Finance and Investments Limited,,,,,,,,,,,
NORTHRNINS,Northern Islami Insurance PLC,2685765320.0,2132636421.0000002,,1560622830.0,0.0,-984458678.0,1125142490.0,1.68815583449148,,0.0,
VFSTDL,VFS Thread Dyeing Ltd.,2647376576.0,1909111806.0,4371106.0,498740480.0,220931706.0,216560600.0,2148636096.0,5.30482943922887,3.95416373671198,0.102824161993414,0.019784874154730875
SONARBAINS,Sonar Bangla Insurance Ltd.,1281721546.0,1103042842.0,,359999464.0,14498670.0,-470528675.0,921722082.0,5.97764928312018,,0.016787885138948102,
ISLAMICFIN,Islamic Finance & Investment PLC,11068531747.0,,1348600204.0,10741212508.0,116765857.0,-1231834347.0,327319239.0,,,0.356733864336034,11.549610807892241
RENWICKJA,Renwick Janeswar and Co. (BD) Limited,,,,,,,,,,,
GHCL,Global Heavy Chemicals Ltd.,7181018653.0,170217854.0,26731571.0,2182401548.0,1102244820.0,1075513249.0,4998617105.0,0.115244443499536,0.0897082101050686,0.220509952422131,0.024251936153349307
NAVANACNG,Navana CNG Limited,16517942351.999998,9653342648.0,248503915.0,14234498930.0,13402873194.0,13154369279.0,2067438598.0000002,3.17474485415838,1.95564667038185,6.4828106566925,0.018541092749519303
SINOBANGLA,Sinobangla Industries Ltd.,2918438000.0,1747626000.0,47315000.0,2119210000.0,262272000.0,214957000.0,799228000.0,1.08175631133766,0.677759517685982,0.32815667118769604,0.180404313079551
JANATAINS,Janata Insurance PLC,1574219632.0,1364362296.0,,801764069.0,0.0,-202512106.0,772455564.0,2.31948073245452,,0.0,
FAREASTLIF,Fareast Islami Life Insurance Company Limited,,,,,,,,,,,
RAHIMAFOOD,Rahima Food Corporation Ltd.,290328206.0,88094304.0,37756516.0,107814224.0,0.0,-37756516.0,182513981.0,0.861273289233224,0.858421517957111,0.0,
ACTIVEFINE,Active Fine Chemicals Ltd.,,,,,,,,,,,
RANFOUNDRY,Rangpur Foundry Limited,512479000.00000006,460699000.0,11514000.0,153120000.0,116879000.0,105365000.0,359357000.0,3.02794628949254,0.75064574857541,0.325244812261901,0.09851213648302946
TOSRIFA,Tosrifa Industries PLC,5006520703.0,2109854214.9999998,410916804.0,2873538191.0,2174754863.0,1763838059.0,2132982511.0000002,0.86873104772159,0.464605440297818,1.0195840105507599,0.1889485619694876
APEXFOODS,Apex Foods Limited,1554218000.0,1015303000.0,428345000.0,605945000.0,66114999.99999999,-362230000.0,897110000.0,1.84688860309566,1.37080094663448,0.0736977628161541,6.4787869621114735
CONTININS,Continental Insurance PLC,1708146344.0,1207205158.0,,691855719.0,0.0,-415035630.0,1016290625.0,2.33392725715355,,0.0,
APEXTANRY,Apex Tannery Limited.,6540843708.0,2431424087.0,26333540.0,3216811925.0,2691427785.0,2665094245.0,3324031783.0,0.920276303936187,0.240522215210157,0.809687740882831,0.009784226850433588
GENNEXT,Generation Next Fashions Ltd.,,,,,,,,,,,
MONNOAGML,Monno Agro & General Machinery Ltd.,579696187.0,122948627.0,2566544.0,92661948.0,71770976.0,69204432.0,487034239.0,5.88525162926837,4.35544349013536,0.147363306833136,0.03576019364708096
HAKKANIPUL,Hakkani Pulp & Paper Mills PLC,1629648188.0,768587247.0,161911983.0,1167547557.0,822315846.0,660403863.0,462100631.0,2.01691399386489,0.927312698454536,1.77951682130466,0.19689755923784058
ADVENT,Advent Pharma Ltd.,1980551749.0,366099397.0,896831.0,423029309.0,77649539.0,76752708.0,1557522441.0,1.80606414291028,1.41186790333343,0.049854523412289,0.011549727294581877
MAKSONSPIN,Maksons Spinning Mills PLC,,,,,,,,,,,
DACCADYE,Dacca Dyeing and Manufacturing Company Limited,,,,,,,,,,,
LIBRAINFU,Libra Infusions Ltd.,,,,,,,,,,,
ALIF,Alif Manufacturing Company Ltd.,,,,,,,,,,,
AAMRATECH,Aamra Technologies Limited,,,,,,,,,,,
GEMINISEA,Gemini Sea Food PLC,,,,,,,,,,,
FUWANGFOOD,Fu-Wang Foods Limited,,,,,,,,,,,
DESHBANDHU,Deshbandhu Polymer Limited,2311431272.0,1261296029.0,13536583.0,1596113042.0,1353322268.0,1339785685.0,715319231.0,2.09210175657368,1.41564427664054,1.8919137209663501,0.010002483015375907
CENTRALPHL,Central Pharmaceuticals Ltd.,1416610432.0,376577701.0,1236938.0,609540112.0,268474751.0,267237813.00000003,807070321.0,1.08158716432139,1.02663382000793,0.33265348014203605,0.004607278693406815
DGIC,Desh General Insurance Company Ltd,906435114.0,722135276.0,,447936200.0,76400705.0,68872436.0,458498914.0,2.18354765092199,,0.16663224855533698,
HFL,Hamid Fabrics PLC,,,,,,,,,,,
BEACHHATCH,Beach Hatchery Ltd,,,,,,,,,,,
APOLOISPAT,Appollo Ispat Complex Ltd.,,,,,,,,,,,
DSHGARME,Desh Garments Limited.,,,,,,,,,,,
KTL,Kattali Textile Ltd.,,,,,,,,,,,
PRIMELIFE,Prime Life Insurance Company Limited,8322442585.999999,1936265352.0,,7903032558.0,0.0,-179700685.0,419410028.0,1.72186234806365,,0.0,
ZEALBANGLA,Zeal Bangla Sugar Milla Limited,1214541000.0,1067703000.0,30367000.0,8368121999.999999,4869468000.0,4839101000.0,-7206580000.0,0.301177287623643,0.0457513445326476,,0.006236204858518425
ALLTEX,Alltex Industries Limited,4747105000.0,736687000.0,14245000.0,3252447000.0,3082149000.0,3067904000.0,1494658000.0,4.34195807080929,3.83943842939405,2.0621098605834898,0.004621775261351739
SALAMCRST,S. Alam Cold Rolled Steels Limited,,,,,,,,,,,
USMANIAGL,Usmania Glass Sheet Factory Limited,,,,,,,,,,,
SKTRIMS,SK Trims & Industries Ltd.,,,,,,,,,,,
ARAMIT,Aramit Limited,,,,,,,,,,,
GBBPOWER,GBB POWER Ltd.,2156720969.0,1008366387.0,694331605.0,82282852.0,0.0,-694331605.0,2074438117.0000002,12.2548789023502,11.7216329472877,0.0,
OIMEX,Oimex Electrode Ltd.,5885286194.0,5402663700.0,342123838.0,5635354354.0,5483894387.0,5141770549.0,249931840.0,0.96588741620869,0.670260550380811,21.941559694835203,0.062387021677702485
OAL,Olympic Accessories Ltd,,,,,,,,,,,
PHPMF1,PHP First Mutual Fund Units 2010-,,,,,,,,,,,
SAMATALETH,Samata Leather Complex (Pvt.) Ltd.,,,,,,,,,,,
AGRANINS,Agrani Insurance PLC,1088948689.0,886855042.0,,371352621.0,56498815.0,-72547830.0,717596068.0,4.23093354009998,,0.0825192532373241,
KPPL,Khulna Printing & Packaging Ltd,,,,,,,,,,,
PDL,Pacific Denims Ltd.,,,,,,,,,,,
MIRACLEIND,Miracle Industries Limited,1380169740.0,188884368.0,2243389.0,1066180994.9999999,827012385.0,824768996.0,313988743.0,0.838016047148156,0.798944470258175,2.6338918303195302,0.0027126425682246586
PRIMEFIN,Prime Finance and Investment Ltd.,,,,,,,,,,,
BANGAS,Bangas Limited,227266606.0,143557517.0,7884753.0,65346080.0,33275816.0,25391063.0,161920526.0,2.25850530112897,1.73779752027058,0.205507089323561,0.2369514544737235
MEGHNACEM,Meghna Cement Mills PLC,13855854413.0,3777304796.0,39222595.0,15477292122.0,14190857219.0,14151634624.0,-1621437709.0,0.724799768647999,0.503618266636664,,0.002763934158077868
FAMILYTEX,Familytex (BD) Ltd.,,,,,,,,,,,
MIDASFIN,MIDAS Financing PLC,,,,,,,,,,,
REGENTTEX,Regent Textile Mills Ltd.,,,,,,,,,,,
UNIONCAP,Union Capital Limited,15131302520.0,,1900203392.0,26595456520.0,10358365532.0,8458162140.0,-11464154000.0,0.765909891993156,0.765909891993156,,0.1834462576291327
STYLECRAFT,Stylecraft Limited,1654552681.0,1137385286.0,44962506.0,1591214240.0,1488636097.0,1443673591.0,63338441.0,1.44717918435323,0.810768830936545,23.5028850331191,0.03020382623437083
AFCAGRO,AFC Agro Biotech Ltd.,,,,,,,,,,,
INTECH,Intech Ltd.,,,,,,,,,,,
GSPFINANCE,GSP Finance Company PLC,,,,,,,,,,,
BAYLEASING,Bay Leasing and Investment Ltd.,12962886650.0,,236301994.0,15954743618.0,4100109830.0000005,3863807836.0,-2991856968.0,,,,0.05763308881898902
RSRMSTEEL,Ratanpur Steel Re-Rolling Mills Ltd,,,,,,,,,,,
CNATEX,C & A Textiles Ltd,,,,,,,,,,,
ZAHINTEX,Zahintex Industries Ltd.,,,,,,,,,,,
TALLUSPIN,Tallu Spinning Mills Limited,3716147586.0,1142721397.0,589052.0,2619024748.0,1543993576.0,1543404524.0,1097122839.0,1.27591781745583,0.67407065332905,1.40731148884596,0.00038151195002122213
PADMALIFE,Padma Islami Life Insurance Ltd.,2452864739.0,351239690.0,,4367354360.0,1540000000.0,1505470813.0,-1914489621.0,0.124665822522181,,,
PHOENIXFIN,Phoenix Finance and Investments Ltd.,27005441955.0,,536298514.99999994,45143824834.0,3803386997.0,3267088482.0,-18138382879.0,,,,0.14100550783367993
PLFSL,Peoples Leasing and Financial Services Ltd.,13323864688.0,,1336995639.0,58435402582.0,4892181564.0,3555185925.0,-45111537894.0,,,,0.2732923178564188
PROGRESLIF,Progressive Life Insurance Co. Ltd.,,,,,,,,,,,
FIRSTFIN,First Finance Ltd.,,,,,,,,,,,
PRIMETEX,Prime Textile Spining Mills Ltd.,,,,,,,,,,,
ZAHEENSPIN,Zaheen Spinning PLC,578732763.0,244091159.0,536245.0,217210317.0,30418628.0,29882383.0,329983583.0,1.33607797920328,1.33023124127289,0.0921822465331556,0.017628835856765137
IFILISLMF1,IFIL Islamic Mutual Fund - 1 Units,,,,,,,,,,,
HRTEX,H.R. Textile Mills Ltd.,,,,,,,,,,,
METROSPIN,Metro Spinning Ltd.,,,,,,,,,,,
ILFSL,International Leasing and Financial Services Ltd.,,,,,,,,,,,
NEWLINE,New Line Clothings Ltd.,,,,,,,,,,,
BIFC,Bangladesh Industrial Finance Company Ltd.,8585143050.999999,,26014992.0,22216346353.0,9322005213.0,9295990221.0,-13631203302.0,0.384482352319715,0.384477860608229,,0.0027907077292470077
STANCERAM,Standard Ceramic Industries Ltd.,,,,,,,,,,,
FASFIN,FAS Finance & Investment Limited,20173438179.0,,1518524609.0,43843151010.0,10391577377.0,8873052768.0,-23669712831.0,0.357214408101043,0.357214408101043,,0.14613032785195804
ARAMITCEM,Aramit Cement Limited,,,,,,,,,,,
FAREASTFIN,Fareast Finance & Investment Ltd.,,,,,,,,,,,
PREMIERLEA,Premier Leasing & Finance Limited,,,,,,,,,,,
TUNGHAI,Tung Hai Knitting & Dyeing Ltd,,,,,,,,,,,
NURANI,Nurani Dyeing & Sweater Ltd.,,,,,,,,,,,
SHURWID,Shurwid Industries Ltd,,,,,,,,,,,
NORTHERN,Northern Jute Manufacturing Co. Ltd.,,,,,,,,,,,
ICBSONALI1,ICB AMCL Sonali Bank Ltd 1st Mutual Fund 2013- Units,,,,,,,,,,,
TILIL,Trust Islami Life Insurance Ltd.,,,,,,,,,,,
ANLIMAYARN,Anlima Yarn Dyeing Ltd.,,,,,,,,,,,
BDAUTOCA,Bangladesh Autocars Limited,,,,,,,,,,,
IFIC1STMF,IFIC Bank 1st Mutual Fund Units,,,,,,,,,,,
SIPLC,Sena Insurance PLC,,,,,,,,,,,
NCCBLMF1,NCCBL Mutual Fund-1 2012- Dividend Units,,,,,,,,,,,
CAPMBDBLMF,CAPM BDBL Mutual Fund 01 Units,,,,,,,,,,,
PF1STMF,Phoenix Finance 1st Mutual Fund Units,,,,,,,,,,,
1STPRIMFMF,Prime Finance First Mutual Fund 2009 Units,,,,,,,,,,,
CAPMIBBLMF,CAPM IBBL Islamic Mutual Fund Units,,,,,,,,,,,
SEMLFBSLGF,SEML FBLSL Growth Fund Units,,,,,,,,,,,
GREENDELMF,Green Delta Mutual Fund 2010 Units,,,,,,,,,,,
VAMLRBBF,Vanguard AML Rupali Bank Balanced Fund Units,,,,,,,,,,,
SAFKOSPINN,Safko Spinning Mills Limited,,,,,,,,,,,
EBLNRBMF,EBL NRB Mutual Fund,,,,,,,,,,,
GRAMEENS2,Grameen Mutual Fund One - Grameen Two Units,,,,,,,,,,,
ICBAGRANI1,ICB AMCL First Agrani Bank Mutual Fund Units,,,,,,,,,,,
PRIME1ICBA,Prime Bank 1st ICB AMCL Mutual Fund Units,,,,,,,,,,,
MEGHNAPET,Meghna Pet Industries Ltd.,,,,,,,,,,,
SHYAMPSUG,Shyampur Sugar Mills Ltd.,,,,,,,,,,,
ABB1STMF,AB Bank 1st Mutual Fund 2011 Units,,,,,,,,,,,
EXIM1STMF,EXIM Bank 1st Mutual Fund 2013- Units,,,,,,,,,,,
DBH1STMF,DBH First Mutual Fund Units,,,,,,,,,,,
TECHNODRUG,Techno Drugs Ltd.,7637153041.0,2867047874.0,38456438.0,3495049074.0,2817868296.0,2779411858.0,4142103967.0,3.26817249997314,2.11813372797729,0.680298784977359,0.01364735110387856
FBFIF,First Bangladesh Fixed Income Fund Units,,,,,,,,,,,
BDWELDING,Bangladesh Welding Electrodes Ltd.,,,,,,,,,,,
MIDLANDBNK,Midland Bank PLC,127523625483.0,11111317447.0,,117052302590.0,17336094748.0,6533450160.0,10471322893.0,0.790547066843099,,1.65557828349469,
AZIZPIPES,Aziz Pipes Limited.,,,,,,,,,,,
1JANATAMF,First Janata Bank Mutual Fund Units,,,,,,,,,,,
BDTHAIFOOD,BD Thai Food & Beverage Ltd.,,,,,,,,,,,
AIBL1STIMF,AIBL 1st ISLAMIC Mutual Fund 2010- Units,,,,,,,,,,,
GLDNJMF,ICB AMCL CMSF GOLDEN JUBILEE MUTUAL FUND,,,,,,,,,,,
TRUSTB1MF,Trust Bank 1st Mutual Fund Units,,,,,,,,,,,
DULAMIACOT,Dulamia Cotton Spinning Mills Limited,,,,,,,,,,,
MBL1STMF,MBL 1st Mutual Fund 2010- Units,,,,,,,,,,,
ICB3RDNRB,ICB AMCL Third NRB Mutual Fund 2010 Units,,,,,,,,,,,
RELIANCE1,Reliance Insurance Mutual Fund Reliance One Units,,,,,,,,,,,
ICICL,Islami Commercial Insurance PLC.,,,,,,,,,,,
SICL,"Sikder Insurance Co., Ltd.",1562474229.0,612388234.0,,990275786.0,30944498.0,-51240081.0,572198443.0,1.21760669084471,,0.0540800108398757,
ICBAMCL2ND,ICB AMCL Second Mutual Fund Units,,,,,,,,,,,
EBL1STMF,EBL First Mutual Fund Units,,,,,,,,,,,
MITHUNKNIT,Mithun Knitting & Dyeing (CEPZ) Ltd.,,,,,,,,,,,
POPULAR1MF,Popular Life First Mutual Fund Units 2010-,,,,,,,,,,,
SBACBANK,SBAC Bank PLC.,137516394795.0,21570228034.0,,126003214653.0,3228822245.0,-3446047473.0,11513180142.0,1.00778697748278,,0.280456349865884,
JUTESPINN,Jute Spinners Limited,,,,,,,,,,,
SEMLIBBLSF,SEML IBBL Shariah Fund Units,,,,,,,,,,,
CAPITECGBF,CAPITEC GRAMEEN BDT10 (MUTUAL FUND) Units,,,,,,,,,,,
DELTASPINN,Delta Spinners Limited,,,,,,,,,,,
MEGHNAINS,Meghna Insurance PLC,,,,,,,,,,,
LRGLOBMF1,LR Global Bangladesh Mutual Fund One Units,,,,,,,,,,,
ISNLTD,Information Services Network Ltd.,,,,,,,,,,,
MEGCONMILK,Meghna Condensed Milk Industries Ltd.,,,,,,,,,,,
MONOSPOOL,Monospool Bangladesh PLC,7119187269.0,3025476381.0,115039670.0,5478609965.0,3830931199.0,3715891529.0,1640577302.0,1.49097056446309,0.489863081805662,2.33511166729527,0.030029166284695784
NAVANAPHAR,Navana Pharmaceuticals PLC,11444787363.0,5064626846.0,314251418.0,6172585787.0,3942254058.0,3628002640.0,5272201576.0,0.907557973269344,0.56988467684547,0.747743423913426,0.07971363929787602
HAMI,Hami Industries PLC,,,,,,,,,,,
ICBEPMF1S1,ICB Employees Provident Mutual Fund One Scheme One Units,,,,,,,,,,,
SONARGAON,Sonargaon Textiles Limited.,,,,,,,,,,,
ASIATICLAB,Asiatic Laboratories Ltd,,,,,,,,,,,
