Symbol,Name,Price,Change %,Volume,Relative Volume,Market Capital,P/E,EPS dil TTM,EPS dil growth TTM YoY,Div Yield % TTM,Sector,Analyst Rating,Ticker,Currency
GP,GRAMEENPHONE LTD,300.1,0.4686976899899679,18411,0.14278490672564917,404009791093.0,13.76132064656655,21.8075,-16.663800581624187,11.0294117647059,Communications,Sell,DSEBD:GP,BDT
SQURPHARMA,SQUARE PHARMACEUTICALS PLC,225.1,0.851254480286741,16690,0.047780674964300426,196171606520.0,8.489886436925538,26.5139,16.131646146231642,4.97062810664257,Health technology,StrongBuy,DSEBD:SQURPHARMA,BDT
BATBC,BRITISH AMERICAN TOBACCO BANGLADESH CO LTD,290.0,0.24196335983407832,17389,0.12126211906407396,154548006592.0,9.459318407181254,30.6576,-5.123309122306433,10.482180293501,Consumer non-durables,Buy,DSEBD:BATBC,BDT
ROBI,ROBI AXIATA PLC,27.5,0.73260073260073,652518,0.32694414414847756,141424193848.0,16.52743554300138,1.6639,85.952168082253,5.55555555555556,Communications,StrongBuy,DSEBD:ROBI,BDT
WALTONHIL,WALTON HI-TECH INDUSTRIES PLC ,450.1,0.3343736067766384,1540,0.06829450007539002,137408299017.00002,10.564438143700768,42.6052,-0.345007449821868,7.71604938271605,Consumer durables,Neutral,DSEBD:WALTONHIL,BDT
BRACBANK,BRAC BANK LTD,69.3,0.7267441860465116,184185,0.11804159581137402,134387514954.00002,9.743409490333919,7.1125,45.482623903127504,1.64609037037037,Finance,Buy,DSEBD:BRACBANK,BDT
BEXIMCO,BEXIMCO LTD,110.1,0.0,1,0.003933910306845004,103850264528.0,,-4.1965,-832.885085574572,0.0,Process industries,Neutral,DSEBD:BEXIMCO,BDT
MARICO,MARICO BANGLADESH LTD,2880.7,1.187256313885269,4105,0.7939731538431782,91101153076.0,15.364175821596994,187.4946,28.21695343641588,13.2775491857128,Consumer non-durables,Buy,DSEBD:MARICO,BDT
UPGDCL,UNITED POWER GENERATION AND DISTRIBUTION COMPANY LTD ,148.4,6.609195402298863,100490,1.7193207579451564,79766070140.0,7.378936219936056,20.1113,55.57111252069248,4.36046511627907,Utilities,Neutral,DSEBD:UPGDCL,BDT
BERGERPBL,BERGER PAINTS BANGLADESH LTD,1481.5,-0.1684636118598383,705,0.06246954056089673,72598298831.0,20.482822219057663,72.3289,5.244096390100238,3.55113636363636,Process industries,StrongBuy,DSEBD:BERGERPBL,BDT
ISLAMIBANK,ISLAMI BANK BANGLADESH PLC,44.4,1.1389521640091116,18009,0.033074052158160415,69873594522.0,,,,2.30414746543779,Finance,Neutral,DSEBD:ISLAMIBANK,BDT
LHB,LAFARGEHOLCIM BANGLADESH PLC ,58.1,2.288732394366205,315961,0.5170227009163307,64688506794.0,18.008802926043025,3.2262,-21.24112003515368,6.82226211849192,Non-energy minerals,StrongBuy,DSEBD:LHB,BDT
BXPHARMA,BEXIMCO PHARMACEUTICALS LTD ,132.0,0.38022813688212925,65753,0.03927774538465739,57102347656.0,9.268361185226793,14.242,29.230713391285416,3.125,Health technology,StrongBuy,DSEBD:BXPHARMA,BDT
RENATA,RENATA PLC,479.0,0.6513973523849597,9505,0.15944802967192792,55444285010.0,19.52472180328537,24.533,22.658867056647168,1.90318576748035,Health technology,Neutral,DSEBD:RENATA,BDT
UNILEVERCL,UNILEVER CONSUMER CARE LTD,2500.0,1.0427612965807205,50,0.22696323195642154,47470717632.0,,,,2.1113321693938,Health technology,Neutral,DSEBD:UNILEVERCL,BDT
ICB,INVESTMENT CORPORATION OF BANGLADESH I.C.B.,53.3,1.138519924098661,16454,0.02476946662700501,44924010935.0,220.33898305084745,0.2419,,0.386100386100386,Finance,Neutral,DSEBD:ICB,BDT
EBL,EASTERN BANK PLC,25.4,0.395256916996039,366201,0.6158950956249379,40214497751.0,5.879901847307746,4.3198,-0.3667227898609278,5.91016785714286,Finance,Neutral,DSEBD:EBL,BDT
DUTCHBANGL,DUTCH-BANGLA BANK PLC,41.6,1.21654501216545,23418,0.0848923022714074,40118096100.0,10.717782243520379,3.8814,-50.95402966969091,1.99143614457831,Finance,Neutral,DSEBD:DUTCHBANGL,BDT
PUBALIBANK,PUBALI BANK PLC,29.4,0.6849315068493127,74675,0.0884270407344625,37351180168.0,4.130315674126522,7.1181,9.16828980261645,3.4413031358885,Finance,Neutral,DSEBD:PUBALIBANK,BDT
CITYBANK,CITY BANK PLC,25.5,2.0,6917494,0.7214946624680767,36205086437.0,3.542650736315643,7.198,67.55511068693409,4.66853361344538,Finance,StrongBuy,DSEBD:CITYBANK,BDT
OLYMPIC,OLYMPIC INDUSTRIES PLC.,168.5,0.2976190476190476,20755,0.06250895996896688,33409786947.0,18.19536531110295,9.2606,10.66418106641811,0.598444045481747,Consumer non-durables,Neutral,DSEBD:OLYMPIC,BDT
PRIMEBANK,PRIME BANK PLC,28.2,-0.35335689045936897,81852,0.05578158414465103,32496536133.0,3.938162470149566,7.1607,45.232735016732576,6.09756071428571,Finance,StrongBuy,DSEBD:PRIMEBANK,BDT
MJLBD,MJL BANGLADESH PLC,100.5,1.9269776876267808,128529,0.37040740809052386,30883324356.0,9.807940039817309,10.2468,4.276148413489929,5.33333333333333,Process industries,Neutral,DSEBD:MJLBD,BDT
POWERGRID,POWER GRID COMPANY OF BANGLADESH LTD,34.2,3.636363636363645,35020,0.34639930680572756,30338393324.0,,-7.6473,-234.1913210680418,0.0,Utilities,Neutral,DSEBD:POWERGRID,BDT
BEACONPHAR,BEACON PHARMACEUTICALS PLC,144.9,4.772234273318868,793373,1.0055378708031244,28251300705.0,,,,1.63532297628782,Health technology,Neutral,DSEBD:BEACONPHAR,BDT
BSCPLC,BANGLADESH SUBMARINE CABLES PLC,154.0,2.393617021276592,242660,0.5504856051621235,27812676257.0,19.556548904071317,7.8746,-32.468891232944856,2.68997982515131,Communications,StrongBuy,DSEBD:BSCPLC,BDT
BSRMLTD,BANGLADESH STEEL RE-ROLLING MILLS LTD,92.5,1.6483516483516485,28771,0.2860221830975414,26215731008.0,5.25007378482076,17.6188,-10.4139442413395,3.98633257403189,Non-energy minerals,Neutral,DSEBD:BSRMLTD,BDT
BSRMSTEEL,BSRM STEELS LTD,69.8,1.306240928882426,99833,0.6662662382082162,25527176318.0,5.919568499075598,11.7914,-2.8026443774007936,4.71281296023564,Non-energy minerals,Neutral,DSEBD:BSRMSTEEL,BDT
BANKASIA,BANK ASIA PLC,19.2,1.587301587301591,219059,0.14389107791107508,22956705810.0,8.506490629568916,2.2571,43.08989476353493,5.07872067039112,Finance,Neutral,DSEBD:BANKASIA,BDT
MPETROLEUM,MEGHNA PETROLEUM LTD,209.0,0.8687258687258743,5609,0.1441390971840324,22660452822.0,3.6345234513712934,57.5041,42.024006520289475,8.11843361986628,Distribution services,Neutral,DSEBD:MPETROLEUM,BDT
TITASGAS,TITAS GAS TRANSMISSION AND DISTRIBUTION PLC,23.0,2.678571428571435,86991,0.12097147642466993,22455335655.0,,-15.43,-351.79047228647556,2.20264317180617,Utilities,Neutral,DSEBD:TITASGAS,BDT
JAMUNAOIL,JAMUNA OIL COMPANY LTD,190.0,0.5291005291005291,8037,0.14057260994205234,20859206019.0,3.7961203649869835,50.0511,36.55426992134318,7.94070937003706,Energy minerals,Neutral,DSEBD:JAMUNAOIL,BDT
KOHINOOR,KOHINOOR CHEMICALS COMPANY (BANGLADESH) LTD.,562.0,1.2247838616714615,9707,0.15124625857547744,20848625701.0,35.19517037092704,15.9681,39.84043857498162,0.808224573257468,Consumer non-durables,Neutral,DSEBD:KOHINOOR,BDT
SHAHJABANK,SHAHJALAL ISLAMI BANK PLC,18.6,1.086956521739146,140571,0.6951994635078513,20478617837.0,13.273388995932349,1.4013,-58.340517882094126,5.43478260869565,Finance,Neutral,DSEBD:SHAHJABANK,BDT
UTTARABANK,UTTARA BANK PLC,21.5,0.9389671361502313,169485,0.08696507065908794,20375646057.0,4.5227927719460626,4.7537,18.054486303921333,6.03591428571429,Finance,Neutral,DSEBD:UTTARABANK,BDT
ALARABANK,AL-ARAFAH ISLAMI BANK PLC,17.4,0.5780346820809125,1914,0.020162522148225098,19809099365.0,34.6613545816733,0.502,-78.43827849841078,5.53709302325581,Finance,Neutral,DSEBD:ALARABANK,BDT
PADMAOIL,PADMA OIL PLC,201.0,1.310483870967739,10012,0.2738504544571752,19479554613.0,3.600717993916399,55.8222,49.563544585970206,7.06001008572869,Distribution services,Neutral,DSEBD:PADMAOIL,BDT
JAMUNABANK,JAMUNA BANK PLC,21.2,1.4354066985645968,770648,0.155965497950161,19444289999.0,7.040148772955202,3.0113,-5.655116235353102,7.45363768115942,Finance,Neutral,DSEBD:JAMUNABANK,BDT
BSC,BANGLADESH SHIPPING CO LTD BSC,123.8,0.7323026851098384,172960,0.07223641622509427,18578769487.0,6.279705594416235,19.7143,33.99329839800449,2.05254515599343,Transportation,Neutral,DSEBD:BSC,BDT
TRUSTBANK,TRUST BANK PLC,19.4,1.5706806282722363,224930,0.14737958469398832,17384831130.0,5.149303251493032,3.7675,-12.694366556206976,3.45212234042553,Finance,Neutral,DSEBD:TRUSTBANK,BDT
BESTHLDNG,BEST HOLDINGS PLC,16.6,1.2195121951219685,164913,0.13272172942176597,17265453890.0,32.03396372057121,0.5182,,6.13496932515337,Industrial services,Neutral,DSEBD:BESTHLDNG,BDT
ACMELAB,THE ACME LABORATORIES LTD,82.6,0.48661800486616963,44180,0.11377062317871722,17033936836.0,7.272791307869758,11.3574,-0.7090090483892056,4.34782608695652,Health technology,Neutral,DSEBD:ACMELAB,BDT
ACI,ADVANCED CHEMICAL INDUSTRIES PLC,196.0,1.7125064867670015,1096,0.01784066140671011,16931365152.999998,,-17.827,-54.13946651679565,0.900170807453416,Health technology,Neutral,DSEBD:ACI,BDT
IDLC,IDLC FINANCE PLC,40.3,0.7499999999999929,193812,0.47512874627955304,16542721467.0,7.523709954447017,5.3564,51.42194832362752,3.76931671243689,Finance,Neutral,DSEBD:IDLC,BDT
RECKITTBEN,RECKITT BENCKISER (BANGLADESH) PLC,3400.0,0.052969218998298574,119,0.0589780443078753,15933644448.0,21.313674602876095,159.522,-0.848852957684151,9.87485914239962,Consumer non-durables,Neutral,DSEBD:RECKITTBEN,BDT
SUMITPOWER,SUMMIT POWER LTD,15.2,2.7027027027026933,340722,0.42404523487689355,15804582723.0,,,,6.75675675675676,Utilities,Neutral,DSEBD:SUMITPOWER,BDT
UCB,UNITED COMMERCIAL BANK LTD,9.9,2.0618556701031037,32515,0.020338104807636495,15038645493.0,,-0.6503,-139.03127063201487,4.90917525773196,Finance,Neutral,DSEBD:UCB,BDT
LINDEBD,LINDE BANGLADESH LTD,952.0,0.5810882197569995,789,0.05504548752581347,14495411546.0,,,,47.244094488189,Process industries,Neutral,DSEBD:LINDEBD,BDT
HEIDELBCEM,HEIDELBERG MATERIALS BANGLADESH PLC,243.0,0.2061855670103093,892,0.04147178337967139,13702121410.0,52.085566082222314,4.6654,-34.51978273379276,1.03092783505155,Non-energy minerals,Neutral,DSEBD:HEIDELBCEM,BDT
MTB,MUTUAL TRUST BANK PLC,13.1,0.7692307692307665,8946,0.013409147628779754,13626040622.0,4.396415746551667,2.9797,10.449254948476531,7.215,Finance,Neutral,DSEBD:MTB,BDT
NCCBANK,NATIONAL CREDIT AND COMMERCE BANK PLC,12.3,0.8196721311475527,237562,0.09888799808852564,13102992741.0,4.976936149550862,2.4714,88.31149039926852,11.0169491525424,Finance,Neutral,DSEBD:NCCBANK,BDT
MIDLANDBNK,MIDLAND BANK PLC,19.3,0.5208333333333408,207961,0.10911807924560077,12715995298.0,19.637769637769637,0.9828,-45.39089848308052,1.50912953367876,Finance,Neutral,DSEBD:MIDLANDBNK,BDT
SOUTHEASTB,SOUTHEAST BANK PLC,9.5,1.0638297872340388,669050,0.13447414358984439,12304046278.0,23.18769831584086,0.4097,-63.77862257978959,6.27086956521739,Finance,Neutral,DSEBD:SOUTHEASTB,BDT
DHAKABANK,DHAKA BANK PLC,12.0,0.0,367418,0.1121162939928476,12154722290.0,13.81533502187428,0.8686,-50.90713841632284,4.34782608695652,Finance,Neutral,DSEBD:DHAKABANK,BDT
NBL,NATIONAL BANK LTD,3.6,0.0,50043,0.12206002729843764,11913036311.0,,-5.0462,16.14961532709659,0.0,Finance,Neutral,DSEBD:NBL,BDT
BATASHOE,BATA SHOE CO (BANGLADESH) LTD,863.6,-0.0231535077564172,1,0.0012490632025980515,11849616431.0,60.257188509548634,14.3319,-41.25788999098287,5.13738166705149,Consumer non-durables,StrongBuy,DSEBD:BATASHOE,BDT
UNIQUEHRL,UNIQUE HOTEL & RESORTS PLC,42.4,0.7125890736341975,154777,0.4232163755482396,11569919536.0,7.267491686949367,5.8342,1.2003469210754618,4.07124681933842,Consumer services,Neutral,DSEBD:UNIQUEHRL,BDT
IFIC,IFIC BANK PLC,5.9,0.0,354133,0.10643580894301458,11532520020.0,,-6.8273,-610.5286771853736,0.0,Finance,Neutral,DSEBD:IFIC,BDT
NATLIFEINS,NATIONAL LIFE INSURANCE PLC,118.0,1.4617368873602776,60396,0.23595127674112515,11416512797.0,,,,3.61216730038023,Finance,Neutral,DSEBD:NATLIFEINS,BDT
KBPPWBIL,KHAN BROTHERS PP WOVEN BAG INDUSTRIES LTD,120.6,3.165098374679203,370438,0.49284359142880907,11259569620.0,573.1939163498098,0.2104,,0.0871080139372822,Process industries,Neutral,DSEBD:KBPPWBIL,BDT
SQUARETEXT,SQUARE TEXTILES PLC,55.7,-0.5357142857142806,1079,0.004518843661829683,10710783390.0,8.242937267843667,6.7573,14.296104599042645,5.89318600368324,Process industries,Neutral,DSEBD:SQUARETEXT,BDT
SINGERBD,SINGER BANGLADESH LTD,110.0,1.5697137580794118,833,0.015176746236786328,10708085459.0,,-8.1949,-310.2874005645368,0.931098696461825,Consumer durables,StrongSell,DSEBD:SINGERBD,BDT
ORIONINFU,ORION INFUSIONS LTD,501.0,-1.455546813532647,99428,0.17102902959241878,10676679120.0,247.43184512050573,2.0248,-3.4660309892729537,0.22883295194508,Health technology,Neutral,DSEBD:ORIONINFU,BDT
RUPALIBANK,RUPALI BANK PLC,21.9,2.3364485981308416,70577,0.15218077550376177,10441746066.0,,-0.4578,-132.18277680140596,0.0,Finance,Neutral,DSEBD:RUPALIBANK,BDT
MERCANBANK,MERCANTILE BANK PLC,9.5,1.0638297872340388,487304,0.21179740547048292,10069835810.0,22.565320665083135,0.421,-83.20434054097184,10.989010989011,Finance,Neutral,DSEBD:MERCANBANK,BDT
DESCO,DHAKA ELECTRIC SUPPLY CO LTD,25.5,1.5936254980079625,2825,0.054316059864950084,9819974208.0,,-7.8803,53.60435678539888,0.0,Utilities,Neutral,DSEBD:DESCO,BDT
IBNSINA,THE IBN SINA PHARMACEUTICAL INDUSTRY PLC,311.8,0.7105943152454743,8121,0.14034632932393215,9557425476.0,15.394033947843948,20.2546,-8.258900262704953,2.05949656750572,Health technology,Neutral,DSEBD:IBNSINA,BDT
RAKCERAMIC,RAK CERAMICS (BANGLADESH) LTD,22.3,1.3636363636363669,41602,0.22278904551800513,9372514793.0,,-0.6413,-174.20735940754457,4.5662100456621,Producer manufacturing,Neutral,DSEBD:RAKCERAMIC,BDT
DELTALIFE,DELTA LIFE INSURANCE CO LTD,86.0,2.2592152199762254,161025,0.47318347794043747,9343125000.0,8.171953096790133,10.5238,-12.63510933271348,3.97350993377483,Finance,Neutral,DSEBD:DELTALIFE,BDT
GPHISPAT,GPH ISPAT LTD,19.5,1.5625000000000038,192317,0.2756772919902686,9193786194.0,18.226002430133658,1.0699,-57.63611166105721,5.26315789473684,Non-energy minerals,Neutral,DSEBD:GPHISPAT,BDT
LANKABAFIN,LANKABANGLA FINANCE PLC,16.4,1.2345679012345634,222953,0.10537500780435706,9052488456.0,,,,5.95238095238095,Finance,Neutral,DSEBD:LANKABAFIN,BDT
EHL,EASTERN HOUSING LTD,91.2,0.8849557522123862,112171,0.10113684846793064,8541080875.0,,,,2.07650273224044,Finance,Neutral,DSEBD:EHL,BDT
PREMIERBAN,PREMIER BANK LTD,6.9,0.0,71726,0.05273175734540016,8510675069.000001,,,,18.1159420289855,Finance,Neutral,DSEBD:PREMIERBAN,BDT
PTL,PARAMOUNT TEXTILE PLC ,53.8,-2.003642987249547,111725,0.28187026121785613,8490141218.999999,9.54239091876552,5.638,-6.036465451151637,0.958955696202532,Process industries,Neutral,DSEBD:PTL,BDT
ONEBANKPLC,ONE BANK PLC,8.0,1.265822784810122,364080,0.11186335661167339,8313411018.999999,8.324661810613945,0.961,-50.95687675427405,4.33543717948718,Finance,Neutral,DSEBD:ONEBANKPLC,BDT
LOVELLO,TAUFIKA FOODS AND LOVELLO ICE-CREAM PLC,95.0,1.2793176972281481,261655,0.3078768972485051,8181250000.0,42.742733735265006,2.2226,126.33401221995926,1.03896114285714,Consumer non-durables,Neutral,DSEBD:LOVELLO,BDT
SPCL,SHAHJIBAZAR POWER CO LTD,47.9,1.9148936170212734,730127,0.81598238142262,7950506826.0,128.625134264232,0.3724,-94.8783540317146,2.8169014084507,Utilities,Neutral,DSEBD:SPCL,BDT
ENVOYTEX,ENVOY TEXTILES LTD,48.9,0.41067761806980646,36572,0.06082053170236129,7749346582.0,6.999513326271793,6.9862,147.86943409615046,4.32900432900433,Consumer non-durables,Neutral,DSEBD:ENVOYTEX,BDT
STANDBANKL,STANDARD BANK PLC,6.7,1.5151515151515234,164093,0.0974780561060339,7587727752.0,8.605188800410994,0.7786,-45.27307232726506,3.58679411764706,Finance,Neutral,DSEBD:STANDBANKL,BDT
SONALIPAPR,SONALI PAPER & BOARD MILLS LTD,272.0,2.7578390630902954,259084,0.37570975607810764,7557625897.799999,,,,1.743679163034,Process industries,Neutral,DSEBD:SONALIPAPR,BDT
DBH,DBH FINANCE PLC,38.2,0.7915567282322014,5252,0.030555615350647828,7526401218.0,7.593527611020555,5.0306,13.052272012225268,3.88612668463612,Finance,StrongSell,DSEBD:DBH,BDT
ORIONPHARM,ORION PHARMA LTD,37.4,5.649717514124294,1351951,1.6824126871456369,7488000000.0,,-0.4675,-124.01870119194412,3.125,Health technology,Neutral,DSEBD:ORIONPHARM,BDT
CROWNCEMNT,CROWN CEMENT PLC,52.0,0.0,1,2.9936982651518555e-05,7469549887.0,11.821405837955806,4.3988,-44.017817371937646,4.17495029821074,Non-energy minerals,Neutral,DSEBD:CROWNCEMNT,BDT
IPDC,IPDC FINANCE PLC,18.6,0.5405405405405482,389218,0.1916055164674421,7405225074.0,18.551765409934173,1.0026,16.771488469601668,2.63088397790055,Finance,Neutral,DSEBD:IPDC,BDT
SIBL,SOCIAL ISLAMI BANK PLC,5.6,0.0,4100,0.010387594071065332,7302693221.0,,-5.5012,-383.6401134312967,8.19672131147541,Finance,Neutral,DSEBD:SIBL,BDT
JHRML,JMI HOSPITAL REQUISITE MANUFACTURING LTD,59.3,1.1945392491467504,108727,0.13318653378759854,7166823664.0,27.37512695042009,2.1662,-15.24044293148648,1.74825174825175,Health technology,Neutral,DSEBD:JHRML,BDT
ACIFORMULA,ACI FORMULATIONS PLC,155.4,0.32278889606197547,12585,0.07074533030227396,7153649712.0,17.00256023107727,9.1398,52.546106984895246,1.32100396301189,Process industries,Neutral,DSEBD:ACIFORMULA,BDT
SEAPEARL,SEA PEARL BEACH RESORT & SPA LTD,60.5,1.680672268907563,499688,0.2595660327794526,6894825000.0,,-3.3459,-212.64518735481266,1.22591943957968,Consumer services,Neutral,DSEBD:SEAPEARL,BDT
EXIMBANK,EXPORT IMPORT BANK OF BANGLADESH PLC,4.5,0.0,10922,0.005791032690331812,6658763778.0,,-0.8343,-136.90776376907766,21.7391304347826,Finance,Neutral,DSEBD:EXIMBANK,BDT
IFADAUTOS,IFAD AUTOS PLC,25.2,2.857142857142854,273867,0.5283781351271415,6545395210.0,,-0.3041,-31.53114186851211,0.413934426229508,Retail trade,Neutral,DSEBD:IFADAUTOS,BDT
RELIANCINS,RELIANCE INSURANCE LTD,64.8,-0.3076923076923121,1852,0.020977967470557597,6467406853.0,6.561028704500582,9.8765,30.060048987331772,4.8780487804878,Finance,Neutral,DSEBD:RELIANCINS,BDT
SBACBANK,SBAC BANK PLC,7.8,0.0,26670,0.0785916332178279,6346275705.0,,-0.1867,-126.00278551532034,2.5974025974026,Finance,Neutral,DSEBD:SBACBANK,BDT
NRBBANK,NRB BANK PLC,8.7,0.0,255299,0.10221115257358321,6077167124.0,,-1.2785,-161.3424815276845,11.3636363636364,Finance,Neutral,DSEBD:NRBBANK,BDT
NAVANAPHAR,NAVANA PHARMACEUTICALS LTD,63.0,3.4482758620689684,621711,0.6802353176479702,6069016091.0,16.015456186287718,3.9337,-3.962402343750002,2.47787610619469,Health technology,Neutral,DSEBD:NAVANAPHAR,BDT
SAPORTL,SUMMIT ALLIANCE PORT LTD,27.0,2.2727272727272783,108193,0.15229193070803593,6016424922.0,10.058488246470215,2.6843,77.40400502280089,5.90551181102362,Transportation,Neutral,DSEBD:SAPORTL,BDT
MALEKSPIN,MALEK SPINNING MILLS PLC,33.9,-0.5865102639296271,1116137,0.2058400270465678,5904800186.0,4.603351348415306,7.3642,27.287183475931215,3.27868852459016,Process industries,Neutral,DSEBD:MALEKSPIN,BDT
BPML,BASHUNDHARA PAPER MILLS LTD,38.8,9.604519774011296,1246736,3.258964245486738,5891530179.0,,-11.311,-620.7163244636773,0.0,Process industries,Neutral,DSEBD:BPML,BDT
NRBCBANK,NRBC BANK PLC,6.9,1.4705882352941255,28228,0.06627126471106803,5717681878.0,,-0.5634,-129.40501043841337,15.9420289855072,Finance,Neutral,DSEBD:NRBCBANK,BDT
ABBANK,AB BANK PLC,6.0,1.6949152542372818,133878,0.11750136478452236,5463737970.0,,-41.0624,-5600.656396517078,0.0,Finance,Neutral,DSEBD:ABBANK,BDT
SHARPIND,SMART INDUSTRIES PLC,18.7,1.0810810810810774,58238,0.16950010885167882,5462137573.0,31.61988501859993,0.5914,1565.915492957747,0.555555555555556,Process industries,Neutral,DSEBD:SHARPIND,BDT
ITC,IT CONSULTANTS PLC,43.5,4.066985645933022,920167,0.8691627071053748,5362314296.0,11.588874680306905,3.7536,28.135454359254464,2.6378896882494,Commercial services,Neutral,DSEBD:ITC,BDT
KEYACOSMET,KEYA COSMETICS LTD,4.8,2.1276595744680775,55098,0.08915565718842322,5180891489.0,,,,0.0,Consumer non-durables,Neutral,DSEBD:KEYACOSMET,BDT
CONFIDCEM,CONFIDENCE CEMENT LTD,61.7,0.8169934640522877,45733,0.1043652054214316,5140725860.0,6.061022809878387,10.1798,70.67028803272642,1.67785234899329,Non-energy minerals,Neutral,DSEBD:CONFIDCEM,BDT
MATINSPINN,MATIN SPINNING MILLS PLC,55.3,-1.250000000000005,34429,0.09637414970366118,5088977963.0,13.351360486733142,4.1419,112.44870742716454,9.57854406130268,Process industries,Neutral,DSEBD:MATINSPINN,BDT
GREENDELT,GREEN DELTA INSURANCE PLC,54.6,1.675977653631282,1,9.808720148386318e-06,5079541526.0,10.187517492303387,5.3595,-11.790845800622133,4.93096646942801,Finance,Neutral,DSEBD:GREENDELT,BDT
PREMIERCEM,PREMIER CEMENT MILLS PLC,48.5,0.4140786749482461,10570,0.07302825440363138,5040509774.0,19.207920792079207,2.525,,4.4979079497908,Non-energy minerals,Neutral,DSEBD:PREMIERCEM,BDT
ADNTEL,ADN TELECOM LTD,79.9,1.6539440203562485,29495,0.08754940330161727,5036367430.0,30.099830476549258,2.6545,-4.383689935883571,1.28369704749679,Communications,Neutral,DSEBD:ADNTEL,BDT
PRAGATILIF,PRAGATI LIFE INSURANCE PLC,164.2,3.792667509481669,112483,0.2308667699464144,5018483324.0,,,,0.907911802853437,Finance,Neutral,DSEBD:PRAGATILIF,BDT
TECHNODRUG,TECHNO DRUGS LTD.,38.0,0.2638522427440671,317548,0.10531938025447683,4936732680.0,,,,3.20855614973262,Health technology,Neutral,DSEBD:TECHNODRUG,BDT
DOREENPWR,DOREEN POWER GENERATIONS AND SYSTEMS LTD,30.4,7.4204946996466346,1170368,2.123161616310044,4781539201.0,11.584482890023626,2.6242,-34.32604234446168,3.78787878787879,Utilities,Neutral,DSEBD:DOREENPWR,BDT
JMISMDL,JMI SYRINGES & MEDICAL DEVICES LTD,164.4,0.7352941176470693,18760,0.2114033871871066,4772892853.0,66.47796198948646,2.473,,0.629722921914358,Health technology,Neutral,DSEBD:JMISMDL,BDT
CVOPRL,CVO PETROCHEMICAL REFINERY PLC,176.0,0.6289308176100596,102544,0.1723530824601863,4631952807.0,65.47862643699543,2.6879,-18.049330772279646,0.599520383693046,Energy minerals,Neutral,DSEBD:CVOPRL,BDT
PIONEERINS,PIONEER INSURANCE CO LTD,47.0,-0.423728813559328,37351,0.16022653323249555,4322822932.0,10.620748875782432,4.4253,-8.015132303726956,5.65610859728507,Finance,Neutral,DSEBD:PIONEERINS,BDT
KPCL,KHULNA POWER CO LTD,10.8,4.854368932038835,75205,0.36644788453760957,4252320923.0,32.40324032403241,0.3333,1.5539305301645319,9.34579439252337,Utilities,Neutral,DSEBD:KPCL,BDT
PRAGATIINS,PRAGATI INSURANCE LTD,59.3,-1.4950166112956904,6666,0.03421739389322694,4226311759.9999995,11.279768698166324,5.2572,12.49438298418676,3.48723700205832,Finance,Neutral,DSEBD:PRAGATIINS,BDT
EASTRNLUB,EASTERN LUBRICANTS BLENDERS PLC,2565.0,0.35996556851083095,98,0.006604129602673999,4040969186.0,61.54680436514411,41.6756,204.09713455967662,0.259756020901269,Process industries,Neutral,DSEBD:EASTRNLUB,BDT
TAMIJTEX,TAMIJUDDIN TEXTILE MILLS PLC,137.3,0.2921840759678639,2450,0.038615332966619016,4037702640.0,20.334414478458555,6.7521,1.414860541612231,1.56366344005957,Consumer non-durables,Neutral,DSEBD:TAMIJTEX,BDT
MONOSPOOL,MONOSPOOL BANGLADESH PLC,122.2,1.410788381742741,72274,0.09593821639394744,4003939092.2,32.75700308269669,3.7305,-56.81341961774001,1.0221465076661,Process industries,Neutral,DSEBD:MONOSPOOL,BDT
FIRSTSBANK,FIRST SECURITY ISLAMI BANK PLC,3.2,0.0,167446,0.08989412372046138,3986859977.0,,-18.0975,-828.2110091743119,14.43,Finance,Neutral,DSEBD:FIRSTSBANK,BDT
CITYGENINS,CITY INSURANCE PLC,59.0,-0.3378378378378426,45830,0.0650536909417384,3926368109.0,19.915611814345993,2.9625,-12.921430880926488,1.73611111111111,Finance,Neutral,DSEBD:CITYGENINS,BDT
AFTABAUTO,AFTAB AUTOMOBILES LTD,39.8,1.0152284263959355,79323,0.1589348481931071,3915718988.0,,-1.0279,26.646685220866335,2.69541778975741,Consumer durables,Neutral,DSEBD:AFTABAUTO,BDT
FEKDIL,FAR EAST KNITTING & DYEING INDUSTRIES PLC.,18.8,-0.5291005291005179,381217,0.1304521395455349,3893646079.0,,,,7.86516853932584,Consumer non-durables,Neutral,DSEBD:FEKDIL,BDT
INDEXAGRO,INDEX AGRO INDUSTRIES LTD,80.7,1.7654476670870185,25012,0.08468917731093917,3676333869.0,14.46651369568335,5.5784,16.48360826894969,3.2133676092545,Process industries,Neutral,DSEBD:INDEXAGRO,BDT
APEXFOOT,APEX FOOTWEAR LTD,231.5,0.0,854,0.011707065639076924,3594149172.0,19.817321109085153,11.6817,22.87472388766172,1.39187139107612,Consumer non-durables,Neutral,DSEBD:APEXFOOT,BDT
ECABLES,EASTERN CABLES LTD,130.7,-0.07645259938839659,974,0.014939521015028484,3540240110.0,,,,0.149142431021626,Producer manufacturing,Neutral,DSEBD:ECABLES,BDT
FARCHEM,FAR CHEMICALS INDUSTRIES LTD,22.8,0.8849557522123862,54537,0.0843829693608296,3521238373.0,70.6100960049551,0.3229,,0.434782608695652,Process industries,Neutral,DSEBD:FARCHEM,BDT
MIRAKHTER,MIR AKHTER HOSSAIN LTD,31.5,2.2727272727272703,512190,0.5135631651910879,3393693200.0,15.9639164808433,1.9732,-43.8826005346681,3.55871886120996,Industrial services,Neutral,DSEBD:MIRAKHTER,BDT
AMANFEED,AMAN FEED LTD,27.0,0.0,329166,0.4852152524861384,3352842237.0,59.747731799070586,0.4519,-18.208144796380086,3.90625,Consumer non-durables,Neutral,DSEBD:AMANFEED,BDT
BBSCABLES,BBS CABLES PLC,16.4,1.8633540372670632,92807,0.3015119292903893,3345014289.0,,-1.7861,-420.88072324292796,0.632911392405063,Producer manufacturing,Neutral,DSEBD:BBSCABLES,BDT
MONNOCERA,MONNO CERAMIC INDUSTRIES LTD,90.8,-0.6564551422319568,71783,0.1527419090919343,3319739777.0,106.87382297551788,0.8496,-74.68263901305203,0.113636363636364,Consumer durables,Neutral,DSEBD:MONNOCERA,BDT
RUNNERAUTO,RUNNER AUTOMOBILES PLC,31.9,4.934210526315789,338293,1.1744396647344557,3269949962.0,10.316279671431342,3.0922,,3.81944444444444,Consumer durables,Neutral,DSEBD:RUNNERAUTO,BDT
EPGL,ENERGYPAC POWER GENERATION PLC,18.7,9.999999999999996,880756,1.6012895315375986,3232771000.0,,-6.4062,-1847.173252279635,0.0,Utilities,Neutral,DSEBD:EPGL,BDT
RAHIMAFOOD,RAHIMA FOOD CORPORATION LTD,152.7,0.1311475409835991,28636,0.04224707961677254,3232032178.0,308.5471812487371,0.4949,-66.58564580379448,0.618811881188119,Process industries,Neutral,DSEBD:RAHIMAFOOD,BDT
GQBALLPEN,GQ BALL PEN INDUSTRIES LTD,393.6,-1.3286537979443356,11580,0.10838190864472087,3225718917.0,,,,0.0830334901743703,Producer manufacturing,Neutral,DSEBD:GQBALLPEN,BDT
LEGACYFOOT,LEGACY FOOTWEAR LTD,74.4,2.19780219780221,157635,0.16215570651067004,3196536000.0,663.6931311329171,0.1121,-88.0959966018902,0.134770889487871,Consumer non-durables,Neutral,DSEBD:LEGACYFOOT,BDT
KDSALTD,KDS ACCESSORIES LTD,45.0,0.22271714922049313,210629,0.15657148812454305,3191461166.0,20.31144211238998,2.2155,20.07479269416292,1.11519906323185,Consumer services,Neutral,DSEBD:KDSALTD,BDT
ESQUIRENIT,ESQUIRE KNIT COMPOSITE PLC,24.7,-0.4032258064516186,228760,0.7403708262306691,3062139200.0,9.71331943843643,2.5429,,4.40528634361234,Process industries,Neutral,DSEBD:ESQUIRENIT,BDT
QUASEMIND,QUASEM INDUSTRIES LTD,41.6,0.9708737864077635,60486,0.048317251813514574,2989059150.0,101.9358000490076,0.4081,-57.37859007832898,0.364963503649635,Producer manufacturing,Neutral,DSEBD:QUASEMIND,BDT
NTLTUBES,NATIONAL TUBES LTD,82.9,0.4848484848484917,22786,0.04612513259001944,2911102765.0,43.362276388743595,1.9118,628.0274181264281,0.478468899521531,Producer manufacturing,Neutral,DSEBD:NTLTUBES,BDT
SPCERAMICS,SHINEPUKUR CERAMICS LTD,19.8,2.5906735751295336,311515,0.2574309676112072,2880534620.0,,-1.1739,-760.6077658975802,1.02040816326531,Consumer durables,Neutral,DSEBD:SPCERAMICS,BDT
GENEXIL,GENEX INFOSYS PLC,24.6,2.0746887966804977,130299,0.4193825084287519,2878755428.0,11.254975522715835,2.1857,-32.33336429212718,1.25523012552301,Commercial services,Neutral,DSEBD:GENEXIL,BDT
DAFODILCOM,DAFFODIL COMPUTERS PLC.,57.0,0.8849557522123894,607,0.002613169167186861,2859972791.0,597.4842767295597,0.0954,-78.5425101214575,0.87260034904014,Distribution services,Neutral,DSEBD:DAFODILCOM,BDT
GHAIL,GOLDEN HARVEST AGRO INDUSTRIES LTD,13.5,0.0,77730,0.04155058686395275,2805889206.0,,-0.9618,-246.22030237580992,0.769230769230769,Consumer non-durables,Neutral,DSEBD:GHAIL,BDT
POPULARLIF,POPULAR LIFE INSURANCE CO LTD,49.0,1.2396694214876063,94471,0.1887296037039918,2803875996.0,,,,4.31034482758621,Finance,Neutral,DSEBD:POPULARLIF,BDT
UNIONBANK,UNION BANK PLC,2.5,0.0,29235,0.057089016686357026,2797957117.0,,,,18.5185185185185,Finance,Neutral,DSEBD:UNIONBANK,BDT
NHFIL,NATIONAL HOUSING FINANCE PLC,25.1,1.2096774193548416,303508,0.37789091379956496,2797045736.0,,-0.1233,-121.22568428300913,4.18410041841004,Finance,Neutral,DSEBD:NHFIL,BDT
HWAWELLTEX,HWA WELL TEXTILES (BD)PLC,50.0,-1.5748031496062938,20269,0.0987298919860203,2699200043.0,13.875013875013874,3.6036,-13.478991596638654,4.149377593361,Process industries,Neutral,DSEBD:HWAWELLTEX,BDT
FORTUNE,FORTUNE SHOES LTD.,16.0,1.265822784810122,49663,0.10594784634436943,2679397480.0,,-0.4454,-142.10227809811892,0.636942675159236,Consumer non-durables,Neutral,DSEBD:FORTUNE,BDT
GIB,GLOBAL ISLAMI BANK PLC,2.5,0.0,71075,0.05480879192400274,2666087157.6,,-30.1692,-2115.041410633182,17.6366666666667,Finance,Neutral,DSEBD:GIB,BDT
SHASHADNIM,SHASHA DENIMS PLC,19.7,-0.5050505050505122,68225,0.13481714862274083,2665578530.0,9.16108630952381,2.1504,122.49353336782202,5.29100529100529,Process industries,Neutral,DSEBD:SHASHADNIM,BDT
SHEPHERD,SHEPHERD INDUSTRIES PLC,18.9,3.8461538461538423,781379,0.9292936476778756,2618789871.0,142.42652599849282,0.1327,,0.588235294117647,Process industries,Neutral,DSEBD:SHEPHERD,BDT
RUPALILIFE,RUPALI LIFE INSURANCE COMPANY LTD,95.1,1.277955271565483,122400,0.30512231565900644,2602234374.0,,,,1.3840830449827,Finance,Neutral,DSEBD:RUPALILIFE,BDT
AIL,ALIF INDUSTRIES LTD,58.5,0.8620689655172413,435328,0.21153138777142474,2589607568.8,21.624219125420474,2.7053,20.24089959553758,1.70881765363823,Consumer non-durables,Neutral,DSEBD:AIL,BDT
SAIHAMCOT,SAIHAM COTTON MILLS LTD,18.0,1.1235955056179736,359578,0.07912839537095212,2558930271.0,18.44640295142447,0.9758,3.467288728660794,2.90697674418605,Process industries,Neutral,DSEBD:SAIHAMCOT,BDT
ANWARGALV,ANWAR GALVANIZING LTD,83.7,1.7010935601458148,34573,0.040938265786714396,2532696090.0,,-3.9193,-273.6277854073451,1.19189511323004,Non-energy minerals,Neutral,DSEBD:ANWARGALV,BDT
SONALIANSH,SONALI AANSH INDUSTRIES LTD,239.0,1.3570822731128025,52431,0.11827139824443747,2515651200.0,,,,0.43122035360069,Process industries,Neutral,DSEBD:SONALIANSH,BDT
BARKAPOWER,BARAKA POWER LTD,11.4,6.542056074766365,3707264,4.047944250444963,2495936006.0,50.28672254080282,0.2267,-84.63259219088937,3.30188679245283,Utilities,Neutral,DSEBD:BARKAPOWER,BDT
ARGONDENIM,ARGON DENIMS LTD,18.5,-0.5376344086021582,47535,0.060244430035856444,2486106081.0,11.57986980470706,1.5976,97.6493876036125,5.58659217877095,Consumer non-durables,Neutral,DSEBD:ARGONDENIM,BDT
MEGHNALIFE,MEGHNA LIFE INSURANCE PLC,61.7,1.147540983606562,99555,0.13766584928648976,2480705372.0,,-39.4317,-41.86003842251819,2.56410256410256,Finance,Neutral,DSEBD:MEGHNALIFE,BDT
KAY&QUE,KAY & QUE (BANGLADESH) LTD,360.1,1.1801067715650593,22212,0.1087996332200371,2462252905.0,187.93382391315694,1.9161,-20.838669696343736,0.0835330871911389,Producer manufacturing,Neutral,DSEBD:KAY&QUE,BDT
INTRACO,INTRACO REFUELING STATION LTD,24.0,3.89610389610389,1168116,0.4781890290832459,2461311200.0,21.18831111503487,1.1327,47.084794182573695,0.431034482758621,Distribution services,Neutral,DSEBD:INTRACO,BDT
SAIFPOWER,SAIF POWERTEC LTD,5.9,0.0,29369,0.04394693088993856,2427767419.0,,,,1.5625,Producer manufacturing,Neutral,DSEBD:SAIFPOWER,BDT
SANDHANINS,SANDHANI LIFE INSURANCE CO LTD,24.1,2.991452991453004,277770,0.31802143201351796,2424339793.0,,,,5.42986425339366,Finance,Neutral,DSEBD:SANDHANINS,BDT
BPPL,BARAKA PATENGA POWER LTD,14.6,4.285714285714283,1913975,1.2868122876715185,2387337704.0,,,,1.44927536231884,Utilities,Neutral,DSEBD:BPPL,BDT
AMBEEPHA,AMBEE PHARMACEUTICALS PLC,828.7,0.5093996361431226,557,0.07363536612773129,2361312164.0,197.318919948569,4.1998,-5.63307493540052,0.121966093426028,Health technology,Neutral,DSEBD:AMBEEPHA,BDT
UNITEDFIN,UNITED FINANCE PLC,12.8,0.7874015748031609,66000,0.2095743069520561,2357644142.0,11.350536490201296,1.1277,73.11943506294135,7.93650793650794,Finance,Neutral,DSEBD:UNITEDFIN,BDT
BEACHHATCH,BEACH HATCHERY LTD,55.7,-0.5357142857142806,219689,0.06669763996632824,2293615400.0,16.318040663268295,3.4134,107.06096451319382,1.80505415162455,Process industries,Neutral,DSEBD:BEACHHATCH,BDT
CRYSTALINS,CRYSTAL INSURANCE COMPANY LTD,57.7,1.5845070422535312,555225,0.5260864897654158,2266000000.0,,,,2.33009708737864,Finance,Neutral,DSEBD:CRYSTALINS,BDT
EIL,EXPRESS INSURANCE LTD,34.9,-0.2857142857142898,213706,0.1280566525420809,2249312508.0,30.28725158378894,1.1523,2.1361460733912434,1.44927536231884,Finance,Neutral,DSEBD:EIL,BDT
NPOLYMER,NATIONAL POLYMER INDUSTRIES PLC,31.8,2.250803858520898,132611,0.5502069950983429,2247897960.0,23.70304114490161,1.3416,-50.790448593331625,3.40909090909091,Producer manufacturing,Neutral,DSEBD:NPOLYMER,BDT
DSSL,DRAGON SWEATER AND SPINNING LTD,11.2,0.9009009009008978,943225,0.333464577911039,2234408784.0,38.98364079359554,0.2873,-18.380681818181813,0.943396226415094,Consumer non-durables,Neutral,DSEBD:DSSL,BDT
WATACHEM,WATA CHEMICALS LTD ,146.5,0.8953168044077213,2230,0.03636511883892538,2205605676.0,448.01223241590213,0.327,,0.806451612903226,Process industries,Neutral,DSEBD:WATACHEM,BDT
MLDYEING,M.L. DYEING LTD,9.5,1.0638297872340388,61193,0.08200661515293772,2184879600.0,41.39433551198257,0.2295,292.97945205479454,0.0,Process industries,Neutral,DSEBD:MLDYEING,BDT
ACTIVEFINE,ACTIVE FINE CHEMICALS LTD,8.7,-2.2471910112359668,7105,0.030265608939366313,2159429260.0,,,,0.0,Health technology,Neutral,DSEBD:ACTIVEFINE,BDT
NTC,NATIONAL TEA CO LTD,194.4,-0.1540832049306538,522,0.027159774396969764,2147463674.0,,,,0.0,Consumer non-durables,Neutral,DSEBD:NTC,BDT
CENTRALINS,CENTRAL INSURANCE CO LTD,47.8,-0.41666666666667257,96274,0.09494815347962593,2115163994.0,27.453908448681865,1.7411,-13.088404133180243,3.01507537688442,Finance,Neutral,DSEBD:CENTRALINS,BDT
GEMINISEA,GEMINI SEA FOOD PLC,201.1,0.6003001500750318,55151,0.1762808014350243,2097237455.0,,-7.1917,-209.56610500015236,0.410733844468784,Consumer non-durables,Neutral,DSEBD:GEMINISEA,BDT
ATLASBANG,ATLAS BANGLADESH LTD,63.1,1.7741935483870992,3957,0.6626031916140696,2080382453.0000002,,,,0.0,Consumer durables,Neutral,DSEBD:ATLASBANG,BDT
QUEENSOUTH,QUEEN SOUTH TEXTILE MILLS LTD,14.0,0.0,177657,0.15713214748418036,2060113500.0,,,,1.48148148148148,Process industries,Neutral,DSEBD:QUEENSOUTH,BDT
LRBDL,LUB-RREF (BANGLADESH) LTD,13.9,2.205882352941182,26860,0.1158250877312513,2033402000.0,,-1.027,-676.9662921348314,0.714285714285714,Process industries,Neutral,DSEBD:LRBDL,BDT
FAREASTLIF,FAREAST ISLAMI LIFE INSURANCE CO LTD,27.7,0.7272727272727246,13298,0.18168155859769927,1995631537.0,,,,0.0,Finance,Neutral,DSEBD:FAREASTLIF,BDT
PHARMAID,PHARMA AIDS LTD ,622.0,0.2094409537618744,1008,0.018649778256356744,1991496000.0,36.55662456581661,17.0147,4.6948934572998615,0.391665361115463,Process industries,Neutral,DSEBD:PHARMAID,BDT
STANDARINS,STANDARD INSURANCE LTD,44.8,0.22371364653242576,15402,0.03519697692657858,1987313672.0,18.641035243207252,2.4033,,2.17864923747277,Finance,Neutral,DSEBD:STANDARINS,BDT
UTTARAFIN,UTTARA FINANCE & INVESTMENTS LTD,14.8,3.4965034965034962,46280,1.14972511433902,1972222595.0,,,,0.0,Finance,Neutral,DSEBD:UTTARAFIN,BDT
WMSHIPYARD,WESTERN MARINE SHIPYARD LTD,8.2,0.0,18820,0.07857840722152988,1952191302.0,,,,0.0,Producer manufacturing,Neutral,DSEBD:WMSHIPYARD,BDT
SSSTEEL,S.S. STEEL LTD,5.2,0.0,65375,0.14575104762397367,1952082000.0,284.1530054644809,0.0183,-87.37060041407867,3.63636363636364,Non-energy minerals,Neutral,DSEBD:SSSTEEL,BDT
SALVOCHEM,SALVO CHEMICAL INDUSTRY LTD,32.2,0.0,327746,0.14750996317629317,1950683899.0,404.52261306532665,0.0796,-96.09669984798704,0.833333333333333,Process industries,Neutral,DSEBD:SALVOCHEM,BDT
RDFOOD,RANGPUR DAIRY & FOOD PRODUCTS LTD,26.8,-0.740740740740738,506000,0.25130922920231125,1940678651.0,31.768610715979136,0.8436,-27.011593701332405,0.806451612903226,Consumer non-durables,Neutral,DSEBD:RDFOOD,BDT
BDFINANCE,BANGLADESH FINANCE PLC,10.0,1.0101010101010066,13011,0.1078484601070116,1938833587.0,,,,0.0,Finance,Neutral,DSEBD:BDFINANCE,BDT
AMCLPRAN,AGRICULTURAL MARKETING COMPANY LTD (PRAN),244.1,0.45267489711933917,281,0.028326612903225808,1932000000.0,45.919711050077126,5.3158,6.335140325258545,1.32505175983437,Consumer non-durables,Neutral,DSEBD:AMCLPRAN,BDT
ACFL,AMAN COTTON FIBROUS LTD,18.7,-0.5319148936170288,84211,0.8106729150281244,1925916754.0,,-0.1906,65.46475810835297,5.23560209424084,Process industries,Neutral,DSEBD:ACFL,BDT
GOLDENSON,GOLDEN SON LTD,11.3,0.8928571428571557,186255,0.17774304551884354,1923373527.0,,-1.6242,-400.52388289676423,1.33928571428571,Consumer non-durables,Neutral,DSEBD:GOLDENSON,BDT
EMERALDOIL,EMERALD OIL INDUSTRIES LTD,19.4,1.041666666666663,29476,0.09436910113079013,1916712227.0,,,,0.0,Consumer non-durables,Neutral,DSEBD:EMERALDOIL,BDT
AGNISYSL,AGNI SYSTEMS PLC,26.5,1.145038167938934,376461,0.2391808835729825,1908227955.0,19.853161522325443,1.3348,25.2862774544772,1.82509505703422,Communications,Neutral,DSEBD:AGNISYSL,BDT
RAHIMTEXT,RAHIM TEXTILE MILLS LTD ,196.2,0.5638134290107608,2205,0.015243860284662666,1882476320.0,164.25282544997907,1.1945,,0.50251256281407,Process industries,Neutral,DSEBD:RAHIMTEXT,BDT
UNITEDINS,UNITED INSURANCE CO LTD,45.0,0.896860986547082,21001,0.13594305681242916,1877900034.0,19.30005146680391,2.3316,20.570896680111694,3.55450236966825,Finance,Neutral,DSEBD:UNITEDINS,BDT
ICBIBANK,ICB ISLAMIC BANK LTD,2.7,3.8461538461538494,12001,0.12059609703157345,1861166326.0,,-1.4245,-61.52625014173944,0.0,Finance,Neutral,DSEBD:ICBIBANK,BDT
BNICL,BANGLADESH NATIONAL INSURANCE COMPANY LTD,45.4,-1.5184381778741927,28105,0.1066202021857426,1854075068.0,10.445185781663408,4.3465,24.310024310024296,4.77326968973747,Finance,Neutral,DSEBD:BNICL,BDT
SUNLIFEINS,SUNLIFE INSURANCE COMPANY LTD,56.0,1.0830324909747318,46626,0.17722627537464736,1852403652.0,,,,0.0965250965250965,Finance,Neutral,DSEBD:SUNLIFEINS,BDT
MONNOFABR,MONNO FABRICS LTD,17.2,-0.5780346820809331,882530,0.36669751807196377,1828500000.0,185.3448275862069,0.0928,8.284714119019831,0.628930817610063,Process industries,Neutral,DSEBD:MONNOFABR,BDT
SALAMCRST,S. ALAM COLD ROLLED STEELS LTD,18.2,2.2471910112359472,91356,0.1303691323294642,1810028228.0,,,,0.0,Non-energy minerals,Neutral,DSEBD:SALAMCRST,BDT
BENGALWTL,BENGAL WINDSOR THERMOPLASTICS PLC,19.9,2.051282051282044,25818,0.035421045764600236,1783781960.0,36.4135407136322,0.5465,9.871330920788093,2.56410256410256,Producer manufacturing,Neutral,DSEBD:BENGALWTL,BDT
FUWANGCER,FU-WANG CERAMIC INDUSTRY LTD,13.3,0.0,167716,0.14896608569218153,1771498154.0,87.0988867059594,0.1527,-26.017441860465112,1.53846153846154,Producer manufacturing,Neutral,DSEBD:FUWANGCER,BDT
BDLAMPS,BANGLADESH LAMPS PLC,167.0,0.7845503922752031,4350,0.06143078656826444,1769736163.0,,-6.1588,48.80763380351932,0.283277810826889,Producer manufacturing,Neutral,DSEBD:BDLAMPS,BDT
CLICL,CHARTERED LIFE INSURANCE PLC,47.8,1.7021276595744619,26816,0.18564556069930005,1740000057.0,1.3586840661605235,35.1811,13.327298848723416,0.538793103448276,Finance,Neutral,DSEBD:CLICL,BDT
EGEN,EGENERATION PLC,23.6,0.4255319148936231,166148,0.10265212034939829,1732500000.0,,,,4.32900432900433,Commercial services,Neutral,DSEBD:EGEN,BDT
BBS,BANGLADESH BUILDING SYSTEMS LTD,10.9,1.8691588785046829,302288,0.47869675296746533,1727055235.0,,-0.1531,-109.28723081589324,0.471698113207547,Producer manufacturing,Neutral,DSEBD:BBS,BDT
RUPALIINS,RUPALI INSURANCE CO LTD,24.0,1.2658227848101298,127606,0.32568386567550445,1724971790.0,,,,4.44444444444444,Finance,Neutral,DSEBD:RUPALIINS,BDT
BGIC,BANGLADESH GENERAL INSURANCE COMPANY PLC,34.0,0.5917159763313694,40190,0.2012352509682475,1723469446.0,,,,3.13479623824451,Finance,Neutral,DSEBD:BGIC,BDT
AAMRANET,AAMRA NETWORKS LTD,18.8,2.73224043715847,21769,0.10454471016445048,1720128150.0,23.362743879706724,0.8047,-78.2982740021575,5.40540540540541,Communications,Neutral,DSEBD:AAMRANET,BDT
DOMINAGE,DOMINAGE STEEL BUILDING SYSTEMS LTD,16.4,0.0,318863,0.044198629594780714,1713420053.0,125.96006144393239,0.1302,,0.149700598802395,Industrial services,Neutral,DSEBD:DOMINAGE,BDT
MEGHNACEM,MEGHNA CEMENT MILLS PLC,53.0,2.1194605009633936,11,0.00012976059170829806,1702621793.0,,-32.5903,-9011.758271807492,0.0,Non-energy minerals,Neutral,DSEBD:MEGHNACEM,BDT
PARAMOUNT,PARAMOUNT INSURANCE PLC.,47.0,-1.673640167364011,67540,0.1964772564630372,1687596113.0,23.564803208824266,1.9945,-18.090349075975364,2.40963855421687,Finance,Neutral,DSEBD:PARAMOUNT,BDT
OIMEX,OIMEX ELECTRODE LTD,23.5,2.620087336244548,293946,0.28323995457692414,1673641384.0,,,,1.31004366812227,Producer manufacturing,Neutral,DSEBD:OIMEX,BDT
FUWANGFOOD,FU-WANG FOODS LTD,14.9,1.3605442176870821,110516,0.07831940819792652,1651501100.0,,,,0.0,Consumer non-durables,Neutral,DSEBD:FUWANGFOOD,BDT
ISLAMIINS,ISLAMI INSURANCE BANGLADESH LTD,42.0,-0.7092198581560216,4988,0.10061766497625875,1650725040.0,11.859381617958492,3.5415,16.183321304376356,4.98753117206983,Finance,Neutral,DSEBD:ISLAMIINS,BDT
ETL,EVINCE TEXTILES LTD,9.2,1.098901098901095,106791,0.08257243151999691,1646567963.0,33.52769679300292,0.2744,-30.54922804353329,2.77777777777778,Process industries,Neutral,DSEBD:ETL,BDT
MONNOAGML,MONNO AGRO & GENERAL MACHINERY LTD,400.0,-1.1369253583786512,10206,0.15438980779179917,1642615392.0,197.82393669634027,2.022,60.22187004754357,0.0,Producer manufacturing,Neutral,DSEBD:MONNOAGML,BDT
NAVANACNG,NAVANA CNG LTD,21.5,0.4672897196261749,500,0.006989839569202271,1639495221.0,204.56707897240724,0.1051,10.748155953635406,4.60829493087558,Utilities,Neutral,DSEBD:NAVANACNG,BDT
SILVAPHL,SILVA PHARMACEUTICALS LTD,12.3,2.500000000000006,173788,0.09585243574106495,1638000000.0,,-0.9638,-325.51876379690947,0.833333333333333,Health technology,Neutral,DSEBD:SILVAPHL,BDT
RANFOUNDRY,RANGPUR FOUNDRY LTD,167.2,0.7228915662650535,4292,0.14368499107827348,1627000000.0,43.024033760485814,3.8862,2.6303279987323758,1.41364474492932,Electronic technology,Neutral,DSEBD:RANFOUNDRY,BDT
BDTHAI,BANGLADESH THAI ALUMINIUM,12.8,2.4000000000000057,219460,0.16854274727442786,1622745692.0,,-1.6602,-109.99241082721983,0.196850393700787,Non-energy minerals,Neutral,DSEBD:BDTHAI,BDT
SILCOPHL,SILCO PHARMACEUTICALS LTD,16.5,1.8518518518518563,320227,0.2665339713517619,1609008500.0,,,,0.645161290322581,Health technology,Neutral,DSEBD:SILCOPHL,BDT
REPUBLIC,REPUBLIC INSURANCE COMPANY LTD,35.7,7.854984894259823,502329,2.4268719363899627,1608302135.0,18.789473684210527,1.9,-12.727940838730417,1.94363600351714,Finance,Neutral,DSEBD:REPUBLIC,BDT
HAKKANIPUL,HAKKANI PULP & PAPER MILLS PLC,81.4,1.1180124223602554,52333,0.047688841268594434,1607400000.0,279.82124441388794,0.2909,-82.06977317554241,0.236406619385343,Process industries,Neutral,DSEBD:HAKKANIPUL,BDT
DACCADYE,THE DACCA DYEING & MANUFACTURING CO LTD,18.0,-1.6393442622950858,75429,0.12989869042198432,1594908069.0,,,,0.0,Process industries,Neutral,DSEBD:DACCADYE,BDT
PEOPLESINS,PEOPLES INSURANCE CO LTD,35.6,-0.5586592178770831,28880,0.10362385688138837,1589280000.0,11.080677290836654,3.2128,22.299200609059778,3.05232558139535,Finance,Neutral,DSEBD:PEOPLESINS,BDT
EASTLAND,EASTLAND INSURANCE PLC,19.8,0.5076142131979768,52814,0.36565828044925436,1585343340.0,18.907563025210088,1.0472,14.560770156438013,5.29100529100529,Finance,Neutral,DSEBD:EASTLAND,BDT
MHSML,MOZAFFAR HOSSAIN SPINNING MILLS LTD,16.2,0.621118012422347,193049,0.25295210591417,1575496730.0,19.55813111191597,0.8283,,1.92307692307692,Process industries,Neutral,DSEBD:MHSML,BDT
SAMORITA,SAMORITA HOSPITAL LTD,75.0,1.214574898785433,23645,0.11193058362959,1558764178.0,140.5020606968902,0.5338,-4.251121076233174,0.699300699300699,Health services,Neutral,DSEBD:SAMORITA,BDT
GHCL,GLOBAL HEAVY CHEMICALS LTD ,22.1,1.8433179723502402,82905,0.4852604444694182,1555200027.0,,-4.4462,47.70468472495031,0.0,Process industries,Neutral,DSEBD:GHCL,BDT
MAKSONSPIN,MAKSONS SPINNING MILLS PLC,6.4,1.5873015873015959,50523,0.1993421940385575,1548511436.0,,,,0.0,Process industries,Neutral,DSEBD:MAKSONSPIN,BDT
AOL,ASSOCIATED OXYGEN LTD,14.0,1.4492753623188355,13108,0.07458537914898242,1547926209.0,,,,0.0,Process industries,Neutral,DSEBD:AOL,BDT
BDCOM,BDCOM ONLINE LTD,26.3,1.5444015444015529,131248,0.12468071750310221,1534485081.0,32.04971971728004,0.8206,10.787093290130953,1.8601171875,Technology services,Neutral,DSEBD:BDCOM,BDT
IBP,INDO-BANGLA PHARMACEUTICALS LTD,13.4,1.5151515151515234,193992,0.09622840048360248,1522285500.0,,-0.396,-154.17201540436457,0.0763358778625954,Health technology,Neutral,DSEBD:IBP,BDT
DHAKAINS,DHAKA INSURANCE LTD,40.1,-0.7425742574257356,2000,0.02372448283592915,1516724969.0,6.847209890034834,5.8564,106.26210685732399,2.64550264550265,Finance,Neutral,DSEBD:DHAKAINS,BDT
RINGSHINE,RING SHINE TEXTILES LTD,2.8,-3.448275862068969,102182,0.24313087813547155,1500939000.0,,-3.0972,-581.380167858253,0.0,Process industries,Neutral,DSEBD:RINGSHINE,BDT
KTL,KATTALI TEXTILE LTD,14.2,0.0,1371807,0.4711004624680159,1500334500.0,,,,0.193798449612403,Consumer non-durables,Neutral,DSEBD:KTL,BDT
PRIMEINSUR,PRIME INSURANCE CO LTD,36.2,-1.6304347826086802,22800,0.07819203552387614,1492028750.0,19.606781129827223,1.8463,-16.046744270643863,2.73972602739726,Finance,Neutral,DSEBD:PRIMEINSUR,BDT
FEDERALINS,FEDERAL INSURANCE PLC,22.7,0.8888888888888857,143040,0.42326401536817526,1491831600.0,,,,4.76190476190476,Finance,Neutral,DSEBD:FEDERALINS,BDT
ALIF,ALIF MANUFACTURING COMPANY LTD,5.7,0.0,10775,0.027862543406739604,1481583862.0,20.452099031216363,0.2787,,1.75438596491228,Process industries,Neutral,DSEBD:ALIF,BDT
APEXFOODS,APEX FOODS LTD,257.7,1.3768686073957515,1115,0.01736430148787925,1459814331.0,56.78838229136826,4.5379,-27.61827288097745,0.78125,Consumer non-durables,Neutral,DSEBD:APEXFOODS,BDT
TAKAFULINS,TAKAFUL ISLAMI INSURANCE PLC,34.8,-2.7932960893854752,14321,0.59336816503764,1443698521.0,,,,2.94985250737463,Finance,Neutral,DSEBD:TAKAFULINS,BDT
NAHEEACP,NAHEE ALUMINUM COMPOSITE PANEL PLC,22.3,3.720930232558143,484756,0.8661374553401978,1435564200.0,82.53145817912657,0.2702,,1.9047619047619,Non-energy minerals,Neutral,DSEBD:NAHEEACP,BDT
ASIAPACINS,ASIA PACIFIC GENERAL INSURANCE CO LTD,36.4,-0.5464480874317017,16961,0.19273162794080215,1427194981.0,22.045908788080673,1.6511,-23.510608727879177,2.9673590504451,Finance,Neutral,DSEBD:ASIAPACINS,BDT
KARNAPHULI,KARNAPHULI INSURANCE PLC,33.5,0.0,179838,0.14565085940955982,1422572370.0,15.62354257998321,2.1442,10.400576665636917,3.15457413249211,Finance,Neutral,DSEBD:KARNAPHULI,BDT
SIMTEX,SIMTEX INDUSTRIES PLC,18.9,0.5319148936170099,154564,0.11371078510350748,1416798120.0,19.484536082474225,0.97,2.062289562289557,5.61797752808989,Process industries,Neutral,DSEBD:SIMTEX,BDT
COPPERTECH,COPPERTECH INDUSTRIES LTD,22.0,3.7735849056603805,261515,0.5842697683542344,1415232000.0,26.42007926023778,0.8327,-13.38672768878719,1.85185185185185,Non-energy minerals,Neutral,DSEBD:COPPERTECH,BDT
SAIHAMTEX,SAIHAM TEXTILE MILLS LTD ,15.9,0.632911392405061,40415,0.03928688113684356,1394662348.0,28.99343544857768,0.5484,-24.44199503995591,3.24675324675325,Process industries,Neutral,DSEBD:SAIHAMTEX,BDT
RENWICKJA,RENWICK JAJNESWAR & CO (BD) LTD,695.7,-0.557461406518007,12,0.03665241295051924,1380400000.0,,,,0.0,Process industries,Neutral,DSEBD:RENWICKJA,BDT
ADVENT,ADVENT PHARMA LTD,15.2,3.4013605442176873,57397,0.17329284791489885,1378363960.0,29.079778075377842,0.5227,-47.313778852938206,0.675675675675676,Health technology,Neutral,DSEBD:ADVENT,BDT
YPL,YEAKIN POLYMER LTD,19.2,-0.518134715025914,25920,0.036146655011973575,1378168028.0,,,,0.0,Consumer durables,Neutral,DSEBD:YPL,BDT
SINOBANGLA,SINOBANGLA INDUSTRIES LTD,48.3,0.0,89106,0.10526611750829788,1369329480.0,37.56708407871198,1.2857,-10.758658985215522,2.21238938053097,Process industries,Neutral,DSEBD:SINOBANGLA,BDT
TOSRIFA,TOSRIFA INDUSTRIES LTD,20.2,0.0,63581,0.10089443621478852,1338354937.0,30.73645769933049,0.6572,9.533333333333339,1.81347150259067,Consumer non-durables,Neutral,DSEBD:TOSRIFA,BDT
ARAMIT,ARAMIT LTD,240.0,2.084219481071887,9847,0.1964292838619589,1335600037.0,64.47453255963894,3.7224,348.10400866738894,0.898472596585804,Non-energy minerals,Neutral,DSEBD:ARAMIT,BDT
APEXSPINN,APEX SPINNING & KNITTING MILLS LTD,155.0,0.911458333333337,31874,0.13988143825889432,1331400000.0,41.601803639486825,3.7258,-0.48079491425823484,1.26182965299685,Consumer non-durables,Neutral,DSEBD:APEXSPINN,BDT
PROVATIINS,PROVATI INSURANCE CO LTD,35.3,-0.8426966292134951,69045,0.16579003290828334,1330303814.0,19.091400757166035,1.849,-9.94106473138182,3.03030303030303,Finance,Neutral,DSEBD:PROVATIINS,BDT
PENINSULA,THE PENINSULA CHITTAGONG PLC,10.9,1.8691588785046829,1505,0.011454605512519974,1293468007.0,,-1.0826,-121.7079664140897,0.0,Consumer services,Neutral,DSEBD:PENINSULA,BDT
GENNEXT,GENERATION NEXT FASHIONS LTD,2.5,0.0,315873,0.4728610825267803,1286933778.0,,,,0.0,Process industries,Neutral,DSEBD:GENNEXT,BDT
KPPL,KHULNA PRINTING & PACKAGING LTD,16.1,1.2578616352201324,71843,0.14850081213158,1278200016.0,,,,0.0,Process industries,Neutral,DSEBD:KPPL,BDT
NORTHRNINS,NORTHERN ISLAMI INSURANCE PLC,32.1,0.0,4501,0.12196113284848963,1275522459.0,18.44933616874533,1.7399,-6.612634855885351,3.34448160535117,Finance,Neutral,DSEBD:NORTHRNINS,BDT
PRIMELIFE,PRIME ISLAMI LIFE INSURANCE LTD,43.1,0.23255813953488702,7911,0.04228500445780484,1257433551.0,,-7.6208,-967.8738184717004,0.242718446601942,Finance,Neutral,DSEBD:PRIMELIFE,BDT
CENTRALPHL,CENTRAL PHARMACEUTICALS LTD,10.5,0.0,93382,0.1236724337294567,1245928793.0,,,,0.0,Health technology,Neutral,DSEBD:CENTRALPHL,BDT
APOLOISPAT,APPOLLO ISPAT COMPLEX LTD,2.6,-3.703703703703707,107237,0.2894326594110362,1244056602.0,,,,0.0,Non-energy minerals,Neutral,DSEBD:APOLOISPAT,BDT
ASIAINS,ASIA INSURANCE LTD,29.8,-1.65016501650165,67076,0.2234276606481715,1242644147.0,,,,3.78787878787879,Finance,Neutral,DSEBD:ASIAINS,BDT
APEXTANRY,APEX TANNERY LTD ,78.1,-0.1278772378516733,92,0.0008718172746802469,1231392028.0,,-18.3032,-249.35104596121542,0.618811881188119,Process industries,Neutral,DSEBD:APEXTANRY,BDT
OAL,OLYMPIC ACCESSORIES LTD,6.9,1.4705882352941255,18716,0.05914586743690875,1220594096.0,,-0.8028,67.5741174569836,0.0,Producer manufacturing,Neutral,DSEBD:OAL,BDT
JANATAINS,JANATA INSURANCE PLC,26.1,-1.5094339622641455,12122,0.08605157983658576,1216914234.95353,22.63463706530223,1.1531,-2.74943071603272,4.21390438247012,Finance,Neutral,DSEBD:JANATAINS,BDT
DESHBANDHU,DESHBANDHU POLYMER LTD,19.8,2.5906735751295336,150937,0.16425424110616438,1208893511.0,,,,0.50761421319797,Health technology,Neutral,DSEBD:DESHBANDHU,BDT
STYLECRAFT,STYLECRAFT LTD ,84.0,0.840336134453785,7719,0.018476947978738226,1178815327.0,,-3.4019,48.90661139647352,0.0,Consumer non-durables,Neutral,DSEBD:STYLECRAFT,BDT
PDL,PACIFIC DENIMS LTD,5.9,3.5087719298245648,19038,0.06210643172484414,1149390904.0,,,,0.0,Process industries,Neutral,DSEBD:PDL,BDT
NITOLINS,NITOL INSURANCE CO LTD,27.7,-2.8070175438596516,2974,0.03420683055426798,1131442941.0,14.51097490701451,1.9089,58.625560910752874,1.69220149253731,Finance,Neutral,DSEBD:NITOLINS,BDT
SONARBAINS,SONAR BANGLA INSURANCE LTD,28.9,0.0,38681,0.11214182152690416,1126766150.0,,,,3.73134328358209,Finance,Neutral,DSEBD:SONARBAINS,BDT
GLOBALINS,GLOBAL INSURANCE COMPANY LTD,29.0,-0.6849315068493127,58360,0.16164243784272084,1123283828.0,18.335862417804755,1.5816,14.49254379614883,3.6101083032491,Finance,Neutral,DSEBD:GLOBALINS,BDT
ISLAMICFIN,ISLAMIC FINANCE & INVESTMENT PLC,7.3,1.388888888888884,2321,0.01299041474179826,1108580749.0,,-10.9037,-169.45336825977367,0.0,Finance,Neutral,DSEBD:ISLAMICFIN,BDT
SAMATALETH,SAMATA LEATHER COMPLEX LTD,116.5,0.6914433880725991,28330,0.08502722491906957,1096850907.0,,,,0.0383877159309021,Process industries,Neutral,DSEBD:SAMATALETH,BDT
PHENIXINS,PHOENIX INSURANCE CO LTD,27.7,-0.7168458781361982,6000,0.07480839699320117,1077120720.0,19.62312269764806,1.4116,-0.25438100621820575,3.74531835205993,Finance,Neutral,DSEBD:PHENIXINS,BDT
MERCINS,MERCANTILE INSURANCE COMPANY PLC,27.6,2.9850746268656745,1012,0.03045120134803805,1073074443.0,14.369761024626438,1.9207,84.5052833813641,4.01606425702811,Finance,Neutral,DSEBD:MERCINS,BDT
DSHGARME,DESH GARMENTS LTD ,122.0,-0.08190008190007725,5516,0.024253733804279053,1055105681.9999999,206.0462759668975,0.5921,,0.2356637863315,Consumer non-durables,Neutral,DSEBD:DSHGARME,BDT
CONTININS,CONTINENTAL INSURANCE PLC,28.2,4.059040590405896,438384,1.251293726234115,1052822339.9999999,21.98316183348924,1.2828,-9.233708342177886,2.0746887966805,Finance,Neutral,DSEBD:CONTININS,BDT
PURABIGEN,PURABI GENERAL INSURANCE CO LTD,18.7,-0.5319148936170288,8810,0.10847602876769515,1052700000.0,,,,5.68181818181818,Finance,Neutral,DSEBD:PURABIGEN,BDT
PRIMEFIN,PRIME FINANCE & INVESTMENT LTD,2.9,-9.375000000000009,92035,0.870031715721267,1037082586.0,,,,0.0,Finance,Neutral,DSEBD:PRIMEFIN,BDT
RSRMSTEEL,RATANPUR STEEL RE-ROLLING MILLS LTD,9.2,-4.1666666666666705,7900,0.11540259436718477,1001771922.0,,,,0.0,Producer manufacturing,Neutral,DSEBD:RSRMSTEEL,BDT
MIDASFIN,MIDAS FINANCING PLC,6.2,0.0,5,8.443706652120948e-05,978469040.0,,-2.8813,33.10037381875595,0.0,Finance,Neutral,DSEBD:MIDASFIN,BDT
MIRACLEIND,MIRACLE INDUSTRIES LTD,27.6,1.0989010989011014,3500,0.020067046870314704,972019560.0,,-2.7188,-1.3494371132483416,0.0,Process industries,Neutral,DSEBD:MIRACLEIND,BDT
BANGAS,BANGAS LTD,131.3,1.6253869969040424,71229,0.24204819895329596,960704640.0,,,,0.317460317460317,Consumer non-durables,Neutral,DSEBD:BANGAS,BDT
NFML,NATIONAL FEED MILL LTD,10.0,2.0408163265306047,1,9.058110496266664e-06,933613281.0,,,,0.0,Process industries,Neutral,DSEBD:NFML,BDT
AFCAGRO,AFC AGRO BIOTECH LTD,7.7,0.0,17161,0.08551736235172995,933251278.0,,,,0.0,Health technology,Neutral,DSEBD:AFCAGRO,BDT
AGRANINS,AGRANI INSURANCE CO LTD,26.6,-0.7462686567164152,65852,0.6664986554038393,922078725.0,17.088526275215212,1.5566,8.648007259021421,2.34375,Finance,Neutral,DSEBD:AGRANINS,BDT
DGIC,DESH GENERAL INSURANCE COMPANY LTD,23.7,1.282051282051285,53993,0.18895128589271284,911999969.0,,,,0.43859649122807,Finance,Neutral,DSEBD:DGIC,BDT
PHPMF1,PHP FIRST MUTUAL FUND,3.3,3.124999999999989,200112,0.3152390261730371,902058400.0,,,,,Miscellaneous,Neutral,DSEBD:PHPMF1,BDT
SICL,SIKDER INSURANCE COMPANY LIMITED,21.6,-0.4608294930875478,38748,0.1425973263185321,864000000.0,,,,2.31481481481482,Finance,Neutral,DSEBD:SICL,BDT
VFSTDL,VFS THREAD DYEING LTD,8.0,0.0,2100,0.003991073678641028,834082000.0,,,,0.0,Process industries,Neutral,DSEBD:VFSTDL,BDT
AAMRATECH,AAMRA TECHNOLOGIES LTD,12.8,0.7874015748031609,10000,0.2112458859863729,815313240.0,,-1.382,-535.1385390428211,0.793650793650794,Technology services,Neutral,DSEBD:AAMRATECH,BDT
PROGRESLIF,PROGRESSIVE LIFE INSURANCE CO LTD,56.2,5.440900562851794,21149,0.4187829572029124,805530880.0,,,,0.516528925619835,Finance,Neutral,DSEBD:PROGRESLIF,BDT
ZAHEENSPIN,ZAHEEN SPINNING PLC,7.0,1.4492753623188355,18352,0.026128741858082095,796798584.0,,,,0.0,Process industries,Neutral,DSEBD:ZAHEENSPIN,BDT
HRTEX,H.R.TEXTILE MILLS LTD,28.2,0.0,67500,0.12909570467033835,794824800.0,,,,0.0,Consumer non-durables,Neutral,DSEBD:HRTEX,BDT
SKTRIMS,SK TRIMS & INDUSTRIES LTD,9.2,3.370786516853921,1001,0.006762252444814328,787709988.0,,,,1.88172043010753,Process industries,Neutral,DSEBD:SKTRIMS,BDT
PADMALIFE,PADMA ISLAMI LIFE INSURANCE LIMITED,19.4,-0.5128205128205201,2,3.014935992908871e-05,785376051.0,,,,0.0,Finance,Neutral,DSEBD:PADMALIFE,BDT
FAMILYTEX,FAMILYTEX (BD) LTD,2.0,0.0,58442,0.11644082621542445,779152831.0,,,,0.0,Consumer non-durables,Neutral,DSEBD:FAMILYTEX,BDT
INTECH,INTECH LTD,26.0,1.5624999999999944,207631,0.18643505001567814,776765760.0,,,,0.0806451612903226,Communications,Neutral,DSEBD:INTECH,BDT
HFL,HAMID FABRICS PLC,8.1,-1.219512195121947,116769,1.3180624755901815,746669941.0,,,,0.0,Process industries,Neutral,DSEBD:HFL,BDT
GSPFINANCE,GSP FINANCE COMPANY (BANGLADESH) LTD,3.5,-2.77777777777778,1060262,8.52870365975974,726049613.0,,,,0.0,Finance,Neutral,DSEBD:GSPFINANCE,BDT
GBBPOWER,GBB POWER LTD,6.5,1.5624999999999944,41450,0.2534696912622928,722805255.0,36.373810856183546,0.1787,74.51171874999999,0.0,Utilities,Neutral,DSEBD:GBBPOWER,BDT
CNATEX,C & A TEXTILES LTD,2.7,0.0,81228,0.15235938718618852,717947983.0,,,,0.0,Process industries,Neutral,DSEBD:CNATEX,BDT
UNIONCAP,UNION CAPITAL LTD,3.8,5.555555555555548,11,5.222075898600597e-05,707552716.0,,,,0.0,Finance,Neutral,DSEBD:UNIONCAP,BDT
ALLTEX,ALLTEX INDUSTRIES LTD,12.2,1.6666666666666607,96792,0.7067209017569454,677212800.0,,,,0.0,Process industries,Neutral,DSEBD:ALLTEX,BDT
USMANIAGL,USMANIA GLASS SHEET FACTORY LTD,38.2,3.243243243243251,1,2.1960646521433584e-05,673801830.0,,,,0.0,Process industries,Neutral,DSEBD:USMANIAGL,BDT
METROSPIN,METRO SPINNING LTD,10.5,-0.943396226415091,14000,0.1027146755059969,666341640.0,,-6.666,-49.25774165379191,0.0,Process industries,Neutral,DSEBD:METROSPIN,BDT
BAYLEASING,BAY LEASING & INVESTMENT LTD,3.8,0.0,63776,0.43703864107954904,621317989.0,,,,0.0,Finance,Neutral,DSEBD:BAYLEASING,BDT
ZEALBANGLA,ZEAL BANGLA SUGAR MILLS LTD,99.0,2.6970954356846413,9,0.0006439242172743404,618600000.0,,,,0.0,Process industries,Neutral,DSEBD:ZEALBANGLA,BDT
STANCERAM,STANDARD CERAMIC INDUSTRIES LTD,88.5,1.9585253456221232,711,0.014824575852413112,600840450.0,,,,0.0,Consumer durables,Neutral,DSEBD:STANCERAM,BDT
ILFSL,INTERNATIONAL LEASING & FINANCIAL SERVICES LTD,2.0,-9.090909090909099,37500,0.37194742746280995,576706647.0,,-39.6548,-267.9747598942143,0.0,Finance,Neutral,DSEBD:ILFSL,BDT
PRIMETEX,PRIME TEXTILE SPINNING MILLS LTD,13.2,-3.649635036496351,8272,0.12454567628362448,561540000.0,,,,0.0,Process industries,Neutral,DSEBD:PRIMETEX,BDT
BIFC,BANGLADESH INDUSTRIAL FINANCE CO LTD,4.1,-8.888888888888896,45662,1.4080867387845142,553739708.0,,,,0.0,Finance,Neutral,DSEBD:BIFC,BDT
PLFSL,PEOPLE'S LEASING & FINANCIAL SERVICES LTD,1.6,-5.882352941176463,106098,0.4289725690927713,542337100.0,,,,0.0,Finance,Neutral,DSEBD:PLFSL,BDT
TALLUSPIN,TALLU SPINNING MILLS LTD ,5.8,0.0,1201,0.004727276305560749,536012399.99999994,,,,0.0,Process industries,Neutral,DSEBD:TALLUSPIN,BDT
NEWLINE,NEW LINE CLOTHINGS LTD,5.9,1.7241379310344922,24905,0.06014016848906298,534022009.0,,,,0.0,Consumer non-durables,Neutral,DSEBD:NEWLINE,BDT
PHOENIXFIN,PHOENIX FINANCE AND INVESTMENTS LTD,2.9,0.0,12100,0.06924831243007208,530797420.0,,,,0.0,Finance,Neutral,DSEBD:PHOENIXFIN,BDT
FAREASTFIN,FAREAST FINANCE & INVESTMENT LTD,2.3,-8.000000000000007,24450,0.14031169281322817,475783655.0,,-5.9556,14.810470605063655,0.0,Finance,Neutral,DSEBD:FAREASTFIN,BDT
ARAMITCEM,ARAMIT CEMENT LTD,11.8,0.0,1550,0.021136719117548792,437052000.0,,-8.2929,52.9360687835192,0.0,Non-energy minerals,Neutral,DSEBD:ARAMITCEM,BDT
REGENTTEX,REGENT TEXTILE MILLS LTD,3.1,0.0,3055,0.02976031016964838,424420045.0,,,,0.0,Process industries,Neutral,DSEBD:REGENTTEX,BDT
IFILISLMF1,IFIL ISLAMIC MUTUAL FUND - 1,4.3,4.87804878048781,157733,0.5280009587053728,420000000.0,,,,,Miscellaneous,Neutral,DSEBD:IFILISLMF1,BDT
ZAHINTEX,ZAHINTEX INDUSTRIES LTD,5.2,0.0,50000,0.12350683326256323,409142761.0,,,,0.0,Consumer non-durables,Neutral,DSEBD:ZAHINTEX,BDT
SHURWID,SHURWID INDUSTRIES LTD,6.4,0.0,34612,0.37507666900014497,395837495.0,,,,0.0,Process industries,Neutral,DSEBD:SHURWID,BDT
FASFIN,FAS FINANCE & INVESTMENT LTD,1.8,-9.999999999999998,76681,0.25369470351389684,357785683.0,,,,0.0,Finance,Neutral,DSEBD:FASFIN,BDT
NURANI,NURANI DYEING & SWEATER LTD ,2.4,0.0,64127,0.3436020480990371,343350000.0,,,,0.0,Consumer non-durables,Neutral,DSEBD:NURANI,BDT
PREMIERLEA,PREMIER LEASING & FINANCE LTD,1.9,-9.52380952380953,7782,0.1271481368925569,332425499.0,,,,0.0,Finance,Neutral,DSEBD:PREMIERLEA,BDT
TUNGHAI,TUNG HAI KNITTING & DYEING LTD,2.3,0.0,225150,1.6695994963393253,266632575.99999997,,,,0.0,Consumer non-durables,Neutral,DSEBD:TUNGHAI,BDT
DBH1STMF,DBH FIRST MUTUAL FUND,5.7,-3.3898305084745792,29000,0.10697467503675871,,,,,,Miscellaneous,Neutral,DSEBD:DBH1STMF,BDT
1STPRIMFMF,PRIME FINANCE FIRST MUTUAL FUND,20.1,0.5000000000000071,18123,0.024731043252101487,,,,,,,Neutral,DSEBD:1STPRIMFMF,BDT
ANLIMAYARN,ANLIMAYARN DYEING LTD.,22.5,-1.3157894736842135,210,0.0029931115675210333,,,,,,Process industries,Neutral,DSEBD:ANLIMAYARN,BDT
SAFKOSPINN,SAFKO SPINNINGS MILLS LTD,13.9,1.4598540145985481,22651,0.09786499547421382,,,,,,Process industries,Neutral,DSEBD:SAFKOSPINN,BDT
ACMEPL,ACME PESTICIDES LTD,16.3,1.242236024844716,281594,0.07066721739418268,,,,,,Process industries,Neutral,DSEBD:ACMEPL,BDT
VAMLBDMF1,VANGUARD AML BD FINANCE MUTUAL FUND ONE,6.8,0.0,10,8.399309912697573e-05,,,,,,Miscellaneous,Neutral,DSEBD:VAMLBDMF1,BDT
IFIC1STMF,IFIC BANK 1ST MUTUAL FUND,3.5,2.941176470588238,340702,0.33325504934189926,,,,,,Miscellaneous,Neutral,DSEBD:IFIC1STMF,BDT
ICBEPMF1S1,ICB EMPLOYEES PROVIDENT MUTUAL FUND ONE,4.8,0.0,47107,1.5032389826722405,,,,,,Miscellaneous,Neutral,DSEBD:ICBEPMF1S1,BDT
ICBAMCL2ND,ICB AMCL SECOND MUTUAL FUND,5.8,1.7543859649122744,20818,0.31389093277685975,,,,,,Miscellaneous,Neutral,DSEBD:ICBAMCL2ND,BDT
SHYAMPSUG,SHYAMPUR SUGAR MILLS LTD,152.0,1.6042780748663141,1344,0.04586091585340886,,,,,,Process industries,Neutral,DSEBD:SHYAMPSUG,BDT
ISNLTD,INFORMATION SERVICES NETWORK LTD,87.9,3.90070921985817,325854,0.28248314766192906,,,,,,Technology services,Neutral,DSEBD:ISNLTD,BDT
FIRSTFIN,FIRST FINANCE LTD,2.4,-4.0000000000000036,35250,0.7666610118620277,,,,,,Finance,Neutral,DSEBD:FIRSTFIN,BDT
ICBAGRANI1,ICB AMCL FIRST AGRANI BANK MUTUAL FUND,7.0,4.477611940298504,11540,0.2488833677327243,,,,,,Miscellaneous,Neutral,DSEBD:ICBAGRANI1,BDT
LRGLOBMF1,LR GLOBAL BANGLADESH MUTUAL FUND ONE,3.5,0.0,250231,1.5584618604060219,,,,,,Miscellaneous,Neutral,DSEBD:LRGLOBMF1,BDT
ICBSONALI1,ICB AMCL SONALI BANK LTD 1ST MUTUAL FUND,5.0,-1.9607843137254832,14106,0.015863446159929313,,,,,,Miscellaneous,Neutral,DSEBD:ICBSONALI1,BDT
SEMLLECMF,SEML LECTURE EQUITY MANAGEMENT FUND,6.9,0.0,254390,0.07571353360885928,,,,,,Miscellaneous,Neutral,DSEBD:SEMLLECMF,BDT
BDWELDING,BANGLADESH WELDING ELECTRODES LTD,10.0,2.0408163265306047,1000,0.021655146128925946,,,,,,Producer manufacturing,Neutral,DSEBD:BDWELDING,BDT
ASIATICLAB,ASIATIC LABORATORIES LTD,54.6,-0.18281535648994773,110583,0.04091711648496206,,,,,,Health technology,Neutral,DSEBD:ASIATICLAB,BDT
NCCBLMF1,NCCBL MUTUAL FUND-1,4.9,0.0,51050,0.6184153304009585,,,,,,Miscellaneous,Neutral,DSEBD:NCCBLMF1,BDT
MEGHNAPET,MEGHNA PET INDUSTRIES LTD,28.3,0.0,100,0.0015887289215390334,,,,,,Consumer non-durables,Neutral,DSEBD:MEGHNAPET,BDT
EBL1STMF,EBL FIRST MUTUAL FUND,4.1,0.0,13100,0.06335649150128331,,,,,,Miscellaneous,Neutral,DSEBD:EBL1STMF,BDT
POPULAR1MF,POPULAR LIFE FIRST MUTUAL FUND,3.3,0.0,10000,0.03677851134561907,,,,,,Miscellaneous,Neutral,DSEBD:POPULAR1MF,BDT
GRAMEENS2,GRAMEEN MUTUAL FUND ONE - GRAMEEN TWO,13.5,0.0,62772,0.16574069233413652,,,,,,Miscellaneous,Neutral,DSEBD:GRAMEENS2,BDT
AIBL1STIMF,AIBL 1ST ISLAMIC MUTUAL FUND,4.2,-2.3255813953488293,35957,0.038532913722473215,,,,,,Miscellaneous,Neutral,DSEBD:AIBL1STIMF,BDT
UNIONINS,UNION INSURANCE CO. LTD,37.5,0.0,49090,0.10710382656729073,,,,,,Finance,Neutral,DSEBD:UNIONINS,BDT
FINEFOODS,FINE FOODS LTD,280.8,-0.07117437722419524,1510,0.009324302962040691,,,,,,Process industries,Neutral,DSEBD:FINEFOODS,BDT
EASTERNINS,EASTERN INSURANCE CO LTD,54.1,-2.346570397111908,2342,0.00892347189354016,,,,,,Finance,Neutral,DSEBD:EASTERNINS,BDT
ICB3RDNRB,ICB AMCL THIRD NRB MUTUAL FUND,4.4,0.0,1370,0.024716928028635555,,,,,,,Neutral,DSEBD:ICB3RDNRB,BDT
MEGCONMILK,MEGHNA CONDENSED MILK INDUSTRIES LTD,18.0,0.0,1504,0.01242909465945603,,,,,,Consumer non-durables,Neutral,DSEBD:MEGCONMILK,BDT
ICICL,ISLAMI COMMERCIAL INSURANCE PLC.,23.0,0.8771929824561372,77537,0.26680086367820244,,,,,,Finance,Neutral,DSEBD:ICICL,BDT
MEGHNAINS,MEGHNA INSURANCE COMPANY LTD,27.6,-0.7194244604316521,86429,0.12907042087778162,,,,,,Finance,Neutral,DSEBD:MEGHNAINS,BDT
TRUSTB1MF,TRUST BANK 1ST MUTUAL FUND,3.4,0.0,27856,0.1320974645595069,,,,,,Miscellaneous,Neutral,DSEBD:TRUSTB1MF,BDT
CAPMBDBLMF,CAPM BDBL MUTUAL FUND 01,8.1,-2.40963855421688,4550,0.009729977097130834,,,,,,Miscellaneous,Neutral,DSEBD:CAPMBDBLMF,BDT
SONARGAON,SONARGAON TEXTILES LTD,38.6,-1.278772378516624,148847,0.10287983641741756,,,,,,Process industries,Neutral,DSEBD:SONARGAON,BDT
MITHUNKNIT,MITHUN KNITTING AND DYEING LTD,19.0,-0.5235602094240912,39003,0.09347041912746562,,,,,,Process industries,Neutral,DSEBD:MITHUNKNIT,BDT
SONALILIFE,SONALI LIFE INSURANCE COMPANY LTD,72.0,1.551480959097312,1518,0.00966613623903247,,,,,,Finance,Neutral,DSEBD:SONALILIFE,BDT
GLDNJMF,ICB AMCL CMSF GOLDEN JUBILEE MUTUAL FUND,7.0,1.4492753623188355,507,0.0007503892921964101,,,,,,Miscellaneous,Neutral,DSEBD:GLDNJMF,BDT
BDTHAIFOOD,BD THAI FOOD & BEVERAGE LTD,15.3,1.3245033112582854,60242,0.05901537718821832,,,,,,Consumer non-durables,Neutral,DSEBD:BDTHAIFOOD,BDT
HAMI,HAMI INDUSTRIES PLC,99.0,0.40567951318459,3171,0.0581545690124727,,,,,,Process industries,Neutral,DSEBD:HAMI,BDT
SEMLIBBLSF,SEML IBBL SHARIAH FUND,6.5,1.5624999999999944,3001,0.02996789510737414,,,,,,Miscellaneous,Neutral,DSEBD:SEMLIBBLSF,BDT
DELTASPINN,DELTA SPINNERS LTD,5.8,-1.6949152542372972,66853,0.0991307726070293,,,,,,Process industries,Neutral,DSEBD:DELTASPINN,BDT
ABB1STMF,AB BANK 1ST MUTUAL FUND,3.4,3.030303030303033,107002,0.06309928829461085,,,,,,Miscellaneous,Neutral,DSEBD:ABB1STMF,BDT
PRIME1ICBA,PRIME BANK 1ST ICB AMCL MUTUAL FUND,4.8,0.0,108516,1.7781054908322274,,,,,,Miscellaneous,Neutral,DSEBD:PRIME1ICBA,BDT
DULAMIACOT,DULAMIA COTTON SPINNING MILLS LTD,107.4,-1.7383348581884643,2516,0.03713055759294815,,,,,,Process industries,Neutral,DSEBD:DULAMIACOT,BDT
MAGURAPLEX,MAGURA MULTIPLEX PLC,111.3,0.9066183136899365,141941,0.13804811225837013,,,,,,Consumer services,Neutral,DSEBD:MAGURAPLEX,BDT
CAPITECGBF,CAPITEC GRAMEEN BANK GROWTH FUND,6.9,-1.4285714285714235,27466,0.03222670630178422,,,,,,Miscellaneous,Neutral,DSEBD:CAPITECGBF,BDT
JUTESPINN,JUTE SPINNERS LTD ,223.2,-2.3194748358862194,1144,0.23970163013870843,,,,,,Process industries,Neutral,DSEBD:JUTESPINN,BDT
1JANATAMF,FIRST JANATA BANK MUTUAL FUND,3.3,3.124999999999989,892,0.0013051252649572548,,,,,,,Neutral,DSEBD:1JANATAMF,BDT
MBL1STMF,MBL 1ST MUTUAL FUND,4.2,5.000000000000004,474953,4.028746893316708,,,,,,Miscellaneous,Neutral,DSEBD:MBL1STMF,BDT
NORTHERN,NORTHERN JUTE MANUFACTURING CO LTD,116.3,-3.1640299750208136,12002,0.9629332477535302,,,,,,Process industries,Neutral,DSEBD:NORTHERN,BDT
SIPLC,SENA INSURANCE PLC,51.0,-0.5847953216374214,32526,0.14304474293198186,,,,,,Finance,Neutral,DSEBD:SIPLC,BDT
SEMLFBSLGF,SEML FBLSL GROWTH FUND,5.0,2.0408163265306047,168291,0.9690012419770985,,,,,,Miscellaneous,Neutral,DSEBD:SEMLFBSLGF,BDT
TILIL,TRUST ISLAMI LIFE INSURANCE LTD,66.6,3.4161490683229636,182237,0.1517497852660224,,,,,,Finance,Neutral,DSEBD:TILIL,BDT
PF1STMF,PHOENIX FINANCE 1ST MUTUAL FUND,4.9,0.0,11001,0.03177911019646949,,,,,,,Neutral,DSEBD:PF1STMF,BDT
AZIZPIPES,AZIZ PIPES LTD,57.5,-3.5234899328859086,3150,0.06019307645858334,,,,,,Producer manufacturing,Neutral,DSEBD:AZIZPIPES,BDT
BDAUTOCA,BANGLADESH AUTOCARS LTD,143.5,1.1988716502115575,21394,0.09898621716171342,,,,,,Energy minerals,Neutral,DSEBD:BDAUTOCA,BDT
GREENDELMF,GREEN DELTA MUTUAL FUND,3.7,2.77777777777778,20000,0.07566059263428998,,,,,,Miscellaneous,Neutral,DSEBD:GREENDELMF,BDT
VAMLRBBF,VANGUARD AML RUPALI BANK BALANCED FUND,6.1,5.172413793103446,10,0.00011676350253143273,,,,,,Miscellaneous,Neutral,DSEBD:VAMLRBBF,BDT
AL-HAJTEX,AL-HAJ TEXTILE MILLS LTD,161.3,0.4358655043586657,20471,0.06445660884117593,,,,,,Process industries,Neutral,DSEBD:AL-HAJTEX,BDT
RELIANCE1,RELIANCE INSURANCE MUTUAL FUND,14.6,0.0,6536,0.008801344655862846,,,,,,Miscellaneous,Neutral,DSEBD:RELIANCE1,BDT
LIBRAINFU,LIBRA INFUSIONS LTD,780.0,1.2198287049052656,783,0.05729338162660535,,,,,,Health technology,Neutral,DSEBD:LIBRAINFU,BDT
EBLNRBMF,EBL NRB MUTUAL FUND,3.4,0.0,13710,0.036521958727789135,,,,,,Miscellaneous,Neutral,DSEBD:EBLNRBMF,BDT
EXIM1STMF,EXIM BANK 1ST MUTUAL FUND,4.4,0.0,41100,0.027924153108335247,,,,,,Miscellaneous,Neutral,DSEBD:EXIM1STMF,BDT
FBFIF,FIRST BANGLADESH FIXED INCOME FUND,3.4,3.030303030303033,200,0.0006049769639896482,,,,,,Miscellaneous,Neutral,DSEBD:FBFIF,BDT
CAPMIBBLMF,CAPM IBBL ISLAMIC MUTUAL FUND,7.8,1.298701298701294,15013,0.1534592995027113,,,,,,Miscellaneous,Neutral,DSEBD:CAPMIBBLMF,BDT
