Symbol,Name,Price,Change %,Volume,Relative Volume,Market Capital,P/E,EPS dil TTM,EPS dil growth TTM YoY,Div Yield % TTM,Sector,Analyst Rating,Ticker,Currency
GP,Grameenphone Ltd.,244.5,0.2460024600245979,46506,0.5950985560804828,327447761841.0,11.522529018393632,21.2193,-2.69723718904047,8.65979381443299,Communications,Buy,DSEBD:GP,BDT
SQURPHARMA,Square Pharmaceuticals PLC,217.0,-0.09208103130754541,202358,0.8290394461325915,192271214054.0,7.4377474250655515,29.1755,10.038508103296762,5.53250345781466,Health technology,StrongBuy,DSEBD:SQURPHARMA,BDT
ROBI,Robi Axiata PLc,30.5,0.0,977489,1.2027958828110474,158709369099.0,15.2225993212218,2.0036,20.41589037802753,5.77557755775578,Communications,StrongBuy,DSEBD:ROBI,BDT
BRACBANK,BRAC Bank PLC,62.5,0.32102728731942676,1323138,0.8555170178403567,142410941102.0,6.306888130941088,9.9098,60.22830164273704,1.82349678456592,Finance,StrongBuy,DSEBD:BRACBANK,BDT
WALTONHIL,Walton Hi-Tech Industries PLC,395.7,-0.12619888944977284,55349,1.2566038164212825,132655358333.00002,13.11724302535271,30.1664,-22.115046989569347,3.9962549496472,Consumer durables,NoRating,DSEBD:WALTONHIL,BDT
BATBC,British American Tobacco Bangladesh Co Ltd,233.0,-0.04290004290004046,29209,0.3577749823311208,124307998352.0,21.620116915653707,10.777,-53.09249183895539,1.30321459600348,Consumer non-durables,Buy,DSEBD:BATBC,BDT
MARICO,Marico Bangladesh Limited.,2698.8,0.4391514700409447,3801,1.1498668925459825,85024798462.0,13.599936706979014,198.4421,2.0391152658547558,7.3169828097214,Consumer non-durables,Buy,DSEBD:MARICO,BDT
BERGERPBL,Berger Paints Bangladesh Ltd.,1493.8,0.31562688872473615,5402,0.7435138669052371,72922397175.0,,,,3.53535353535354,Process industries,NoRating,DSEBD:BERGERPBL,BDT
UPGDCL,United Power Generation & Distribution Co. Ltd.,115.1,-0.9466437177280623,100510,2.7342666093570416,67824344421.0,7.183468660479688,16.0229,-20.328869839344048,5.55555555555556,Utilities,NoRating,DSEBD:UPGDCL,BDT
BXPHARMA,Beximco Pharmaceuticals Plc,148.0,0.8861622358554953,1053620,1.8772154097645137,64820088193.0,7.633272817296584,19.3888,28.898609883059983,3.26909841706813,Health technology,StrongBuy,DSEBD:BXPHARMA,BDT
LHB,LafargeHolcim Bangladesh PLC,52.5,0.3824091778202731,531600,0.7690338036359732,61436661782.0,12.400500744030046,4.2337,31.22869009980782,7.18336483931947,Non-energy minerals,NoRating,DSEBD:LHB,BDT
PUBALIBANK,Pubali Bank PLC,38.0,0.2638522427440671,164649,0.2212247825393534,59033087529.0,4.957276107233709,7.6655,29.229394608628212,2.11272671957672,Finance,StrongBuy,DSEBD:PUBALIBANK,BDT
RENATA,Renata PLC,463.4,0.1945945945945897,12320,0.5701037940592594,52760387726.0,19.466580409915604,23.8049,-2.9678392369461593,1.19565217391304,Health technology,StrongBuy,DSEBD:RENATA,BDT
CITYBANK,City Bank PLC,29.8,0.0,1129542,0.5435076230184597,51957341581.0,3.363924729362096,8.8587,44.991652754591,4.39174410774411,Finance,StrongSell,DSEBD:CITYBANK,BDT
DUTCHBANGL,Dutch-Bangla Bank PLC,44.8,0.22371364653242576,212999,0.5168634154106582,46184146820.0,3.4943217271933107,12.8208,246.8268138289239,4.98367692307692,Finance,NoRating,DSEBD:DUTCHBANGL,BDT
ISLAMIBANK,Islami Bank Bangladesh PLC,27.3,0.0,26008,0.537526403029063,43791745564.0,,-7.7488,-590.25476572243,0.0,Finance,NoRating,DSEBD:ISLAMIBANK,BDT
EBL,Eastern Bank PLC,23.9,0.0,852034,1.0221236554721775,39119767057.0,4.262605004547967,5.6069,33.688602765856,10.1982521008403,Finance,NoRating,DSEBD:EBL,BDT
UNILEVERCL,Unilever Consumer Care Limited,1998.5,0.2005515166708448,51,0.181559273762904,38099544823.0,62.92387423411397,31.7606,-3.621996589205625,2.12475337684019,Health technology,NoRating,DSEBD:UNILEVERCL,BDT
ICB,Investment Corporation of Bangladesh,41.8,-0.9478672985782125,78566,2.1195329614002527,36511598835.0,,-17.5667,-7361.967755270774,0.0,Finance,NoRating,DSEBD:ICB,BDT
PRIMEBANK,Prime Bank PLC,28.7,-0.6920415224913471,210808,0.4679638926725147,35339983398.0,3.7467362924281984,7.66,12.321656377846534,8.21017945109072,Finance,StrongBuy,DSEBD:PRIMEBANK,BDT
POWERGRID,Power Grid Co. of Bangladesh Ltd.,38.7,1.0443864229765163,32458,0.4969813337253082,34541904161.0,9.042478620496286,4.2798,,0.0,Utilities,NoRating,DSEBD:POWERGRID,BDT
BSRMSTEEL,BSRM Steels Limited,91.1,-0.2190580503833547,237823,0.9900434902610039,34249273511.0,5.645621080290524,16.1364,36.84888986888748,5.48847420417124,Non-energy minerals,NoRating,DSEBD:BSRMSTEEL,BDT
BSRMLTD,Bangladesh Steel Re-Rolling Mills Ltd.,99.3,-0.3012048192771056,31743,0.29826134018874945,29589735906.0,4.552999110491614,21.8098,23.787091061820323,5.04540867810293,Non-energy minerals,NoRating,DSEBD:BSRMLTD,BDT
OLYMPIC,Olympic Industries PLC.,146.7,-0.20408163265306897,20640,0.4277330150203919,29051118899.0,15.44275548444145,9.4996,2.5808262963522774,2.06469373709566,Consumer non-durables,Neutral,DSEBD:OLYMPIC,BDT
MJLBD,MJL Bangladesh PLC,92.0,0.4366812227074298,23942,0.6813356934302415,28571033463.0,10.021240673165948,9.1805,-10.406175586524572,5.7649667405765,Process industries,StrongBuy,DSEBD:MJLBD,BDT
BSCPLC,Bangladesh Submarine Cables PLC,150.0,1.2829169480081064,14644,0.37671779093757196,28055827332.0,10.975181456333411,13.6672,73.56056180631396,2.66666666666667,Communications,StrongBuy,DSEBD:BSCPLC,BDT
UTTARABANK,Uttara Bank PLC,20.8,0.0,2067347,1.6840915496744027,25226991653.0,3.690102364858871,5.6367,48.2171969497765,1.92307692307692,Finance,NoRating,DSEBD:UTTARABANK,BDT
BEACONPHAR,Beacon Pharmaceuticals PLC,105.5,1.2476007677543157,87576,0.6070642548427682,23816099648.0,,,,2.0368574199806,Health technology,NoRating,DSEBD:BEACONPHAR,BDT
BANKASIA,Bank Asia PLC,17.0,0.0,820913,1.3979480851616006,23655668091.0,5.956343505833713,2.8541,37.19655818872278,4.60829411764706,Finance,NoRating,DSEBD:BANKASIA,BDT
JAMUNABANK,Jamuna Bank PLC,24.1,-0.41322314049585895,914827,0.679600081864581,22731971762.0,3.632198459706711,6.6351,120.34005246903334,11.9834710743802,Finance,NoRating,DSEBD:JAMUNABANK,BDT
MPETROLEUM,Meghna Petroleum PLC,206.0,0.24330900243309003,25523,1.429067352000851,22281696436.0,3.3869100857578784,60.8224,5.770545056787256,9.71345313258864,Distribution services,NoRating,DSEBD:MPETROLEUM,BDT
KOHINOOR,Kohinoor Chemical Company (Bangladesh) PLC,534.0,-0.14958863126401545,2269,0.28840898402247267,21697915905.0,31.377987225516062,17.0183,17.23498939130913,1.00956605901146,Consumer non-durables,NoRating,DSEBD:KOHINOOR,BDT
BEXIMCO,Bangladesh Export Import Company Ltd.,23.0,-0.8620689655172384,3345144,0.6744178028958193,21411463983.0,,,,0.0,Process industries,NoRating,DSEBD:BEXIMCO,BDT
UCB,United Commercial Bank PLC,9.2,0.0,418891,0.9847044307009652,21395185787.0,34.756327918398185,0.2647,,0.0,Finance,NoRating,DSEBD:UCB,BDT
IDLC,IDLC Finance PLC.,43.6,-1.1337868480725624,146001,0.6280523241433275,19936380020.0,7.356787311229225,5.9265,16.176268794228914,3.12768735632184,Finance,Neutral,DSEBD:IDLC,BDT
ALARABANK,Al-Arafah Islami Bank PLC,16.8,-2.3255813953488293,15236,0.07859365029745997,19693929748.0,21.753204713194357,0.7723,53.844621513944226,0.0,Finance,NoRating,DSEBD:ALARABANK,BDT
SHAHJABANK,Shahjalal Islami Bank PLC,17.6,0.0,149335,0.945803529243371,19476946716.0,4.882379050155349,3.6048,157.2468422179405,7.42857142857143,Finance,NoRating,DSEBD:SHAHJABANK,BDT
JAMUNAOIL,JAMUNA OIL PLC,176.8,0.6260671599317148,2696,0.1143332117624088,19434729370.0,3.636116841102928,48.6233,-2.852684556383372,10.2272727272727,Energy minerals,NoRating,DSEBD:JAMUNAOIL,BDT
PADMAOIL,Padma Oil PLC,194.0,0.20661157024793683,14785,0.9150775819917704,18998213239.0,3.2210076108757155,60.2296,7.895425117605533,8.27300930713547,Distribution services,NoRating,DSEBD:PADMAOIL,BDT
TITASGAS,Titas Gas Transmission and Distribution PLC,18.2,0.0,108280,0.6989147715133494,17805992432.0,,-4.4352,71.25599481529488,1.11111111111111,Utilities,NoRating,DSEBD:TITASGAS,BDT
NCCBANK,National Credit and Commerce Bank PLC,15.2,0.0,1041348,0.5368202652088471,17322599487.0,2.9239203616427814,5.1985,118.76446576610698,10.4782933333333,Finance,NoRating,DSEBD:NCCBANK,BDT
BSC,Bangladesh Shipping Corporation,113.9,-0.08771929824560905,111983,0.5466363823189004,17129686516.999998,6.048151570182985,18.8322,-4.474417047523884,2.22617987533393,Transportation,NoRating,DSEBD:BSC,BDT
ACMELAB,ACME Laboratories Ltd.,79.1,0.0,94823,0.6140355989506942,16801175288.999998,6.278624893834882,12.5983,10.925916142779156,4.4080604534005,Health technology,NoRating,DSEBD:ACMELAB,BDT
SUMITPOWER,Summit Power Ltd.,15.7,-0.6329113924050722,676982,0.847664715525173,16658884685.0,39.77704585761337,0.3947,-82.03622792645184,6.73076923076923,Utilities,NoRating,DSEBD:SUMITPOWER,BDT
ACI,Advanced Chemical Industries PLC,189.3,-0.4731861198738051,4382,0.334475731045486,16607110493.0,,-2.4791,86.10315427174834,1.31926121372032,Health technology,NoRating,DSEBD:ACI,BDT
SOUTHEASTB,Southeast Bank PLC,11.7,-0.847457627118656,2114505,0.38797379134523435,16313560880.0,3.9248574303924855,2.981,678.5322538521806,2.63157894736842,Finance,NoRating,DSEBD:SOUTHEASTB,BDT
MTB,Mutual Trust Bank PLC,13.4,0.7518796992481176,187763,0.3907150474704123,15624524575.0,4.9181531233942595,2.7246,2.409321556098488,0.0,Finance,NoRating,DSEBD:MTB,BDT
RECKITTBEN,Reckitt Benckiser (Bangladesh) PLC,3300.9,0.21859914382002832,85,0.3854875283446712,15523042417.0,20.159768409095076,163.737,2.6422687779742002,5.26588135025721,Consumer non-durables,Neutral,DSEBD:RECKITTBEN,BDT
TRUSTBANK,Trust Bank PLC,14.8,0.0,952313,0.495688381942282,15343616476.0,4.753798220537693,3.1133,-13.232630082773605,5.18302721088435,Finance,NoRating,DSEBD:TRUSTBANK,BDT
BESTHLDNG,Best Holdings PLC,14.6,1.388888888888884,68953,0.40543130840132363,15252916588.0,,,,0.0,Industrial services,NoRating,DSEBD:BESTHLDNG,BDT
SAPORTL,Summit Alliance Port Limited,59.2,0.8517887563884157,955004,0.5579506436006728,13619859772.0,27.82870305081559,2.1273,-20.750288715866333,3.1304347826087,Transportation,NoRating,DSEBD:SAPORTL,BDT
IPDC,IPDC Finance PLC,31.9,-0.9316770186335536,8013758,1.6232536507244526,13317130005.0,26.761744966442954,1.192,24.84289903644742,1.53609677419355,Finance,NoRating,DSEBD:IPDC,BDT
PTL,Paramount Textile PLC,73.9,1.3717421124828533,1954937,1.2417903420661425,12968063658.0,11.54128469022817,6.4031,-2.1561076984199716,1.65745856353591,Process industries,NoRating,DSEBD:PTL,BDT
RAKCERAMIC,RAK Ceramics (Baneladesh) Limited,30.4,0.33003300330032304,203327,0.31976909226417255,12881858620.0,,-0.3803,40.69858100732886,3.32225913621262,Producer manufacturing,NoRating,DSEBD:RAKCERAMIC,BDT
UNIQUEHRL,Unique Hotel & Resorts PLC,43.1,-0.46189376443417035,139124,0.5424758209039028,12659199738.0,,,,3.72093023255814,Consumer services,NoRating,DSEBD:UNIQUEHRL,BDT
DHAKABANK,Dhaka Bank PLC,12.0,0.0,1013129,0.6830154670833206,12577494836.0,4.782591367422581,2.5091,188.83388972027166,8.40336134453781,Finance,NoRating,DSEBD:DHAKABANK,BDT
BATASHOE,Bata Shoe Co. (Bangladesh) Ltd.,903.5,1.289237668161435,216,0.1876792075766791,12276432608.0,50.64433495327941,17.8401,24.478261779666344,2.76353911299309,Consumer non-durables,NoRating,DSEBD:BATASHOE,BDT
HEIDELBCEM,Heidelberg Materials Bangladesh PLC,210.7,-0.800376647834283,11409,1.2756893351521794,11882705874.0,,-2.3582,-150.5465769280233,0.523062291963861,Non-energy minerals,NoRating,DSEBD:HEIDELBCEM,BDT
NBL,National Bank PLC,3.6,0.0,336240,0.6499593002228488,11269088257.0,,-11.6005,-129.88585470254847,0.0,Finance,NoRating,DSEBD:NBL,BDT
RELIANCINS,Reliance Insurance PLC,111.9,2.7548209366391183,227491,0.8550023941014129,11126043329.0,11.718259121182927,9.5492,-3.3139269984306106,2.83553875236295,Finance,NoRating,DSEBD:RELIANCINS,BDT
LINDEBD,Linde Bangladesh Limited,692.5,0.02888920988011635,864,0.19015339921209587,10454958249.0,,,,1.45560407569141,Process industries,NoRating,DSEBD:LINDEBD,BDT
ENVOYTEX,Envoy Textiles Ltd.,63.0,1.9417475728155387,1968251,1.0849130548666714,10399555847.0,7.625272331154684,8.262,18.261715954309928,4.83870967741935,Consumer non-durables,NoRating,DSEBD:ENVOYTEX,BDT
NATLIFEINS,National Life Insurance PLC,97.5,0.5154639175257731,14808,0.6670781095849683,10352997813.0,1.119990626539987,87.0543,40.12290932620387,3.87840670859539,Finance,NoRating,DSEBD:NATLIFEINS,BDT
SPCL,Shahjibazar Power Co Ltd,53.0,-0.37593984962406546,272880,0.7999723257887883,9928802450.0,10.463555239674642,5.0652,1260.1503759398495,3.7593984962406,Utilities,NoRating,DSEBD:SPCL,BDT
IBNSINA,BN SINA Pharmaceutical Industry PLC,312.3,0.12824623276692343,35364,2.8663829787234203,9782379976.0,12.367631101641889,25.2514,24.66995151718622,2.04407537527946,Health technology,StrongBuy,DSEBD:IBNSINA,BDT
SQUARETEXT,Square Textiles PLC,49.6,1.2244897959183703,32453,0.38589319178486325,9724523395.0,13.47716218786512,3.6803,-45.5359389105116,6.49087221095335,Process industries,NoRating,DSEBD:SQUARETEXT,BDT
DELTALIFE,Delta Life Insurance Company Ltd.,76.7,0.0,32544,0.5510841680142918,9405000000.0,4.672726386587387,16.4144,55.97407780459531,4.60526315789474,Finance,NoRating,DSEBD:DELTALIFE,BDT
CROWNCEMNT,Crown Cement PLC,62.1,0.16129032258064746,10919,1.4447517101763765,9207000000.0,23.298566819239138,2.6654,-39.40620169137037,3.38709677419355,Non-energy minerals,NoRating,DSEBD:CROWNCEMNT,BDT
MALEKSPIN,Malek Spinning Mills PLC,51.3,8.91719745222929,10203800,4.646447121835246,9196000290.0,9.043153292906501,5.6728,-22.967871595013722,2.10526315789474,Process industries,NoRating,DSEBD:MALEKSPIN,BDT
DESCO,Dhaka Electric Supply Co. Ltd.,23.0,-0.43290043290043906,182588,2.5376432556239035,9183862386.0,,-0.72,90.94715401154238,0.0,Utilities,NoRating,DSEBD:DESCO,BDT
IFIC,IFIC Bank PLC,4.8,2.1276595744680775,1050700,1.6268138308438387,9033806982.0,,-16.1307,-136.2676314209131,0.0,Finance,NoRating,DSEBD:IFIC,BDT
CITYGENINS,City Insurance PLC,127.3,-0.5468750000000022,136492,0.8127426461831606,8732079723.0,28.444384859453905,4.4754,51.068354430379735,0.78064012490242,Finance,NoRating,DSEBD:CITYGENINS,BDT
EHL,Eastern Housing Ltd.,90.0,0.44642857142857784,119169,0.6559070659347084,8494408302.0,10.073198576321268,8.9346,23.045777557428526,2.74725274725275,Finance,NoRating,DSEBD:EHL,BDT
GPHISPAT,GPH Ispat Limited,17.7,1.1428571428571388,260586,0.5140075570665831,8371183902.000001,,-1.3541,-226.5632302084307,2.89017341040462,Non-energy minerals,NoRating,DSEBD:GPHISPAT,BDT
ONEBANKPLC,One Bank PLC,7.9,1.282051282051289,97534,0.3173905856044092,8313411018.999999,37.47628083491462,0.2108,-78.06451612903226,0.0,Finance,NoRating,DSEBD:ONEBANKPLC,BDT
LANKABAFIN,LankaBangla Finance PLC,15.8,0.6369426751592447,724593,0.5400531218852642,8298114589.000001,,,,0.0,Finance,NoRating,DSEBD:LANKABAFIN,BDT
DBH,DBH Finance PLC,41.7,0.7246376811594306,50251,0.3117866664681201,8277012846.0,7.777093940580764,5.3619,6.585695543275167,3.67647058823529,Finance,NoRating,DSEBD:DBH,BDT
RUPALIBANK,Rupali Bank PLC,17.5,0.5747126436781691,35174,0.36135196219437027,8246051761.000001,,-13.1921,-2781.6295325469637,0.0,Finance,NoRating,DSEBD:RUPALIBANK,BDT
DAFODILCOM,Daffodil Computers PLC.,164.7,2.298136645962726,338646,3.007321023877692,7731409664.0,3334.008097165992,0.0494,-48.21802935010482,0.0,Distribution services,NoRating,DSEBD:DAFODILCOM,BDT
MERCANBANK,Mercantile Bank PLC,7.0,0.0,157263,0.4943777626673709,7635369795.0,,-0.4913,-216.69833729216154,0.0,Finance,NoRating,DSEBD:MERCANBANK,BDT
SONALIPAPR,Sonali Paper & Board Mills Ltd.,231.1,0.17338534893801721,51934,0.6575039310465296,7551036672.0,32.07672875662771,7.2046,,1.74520069808028,Process industries,NoRating,DSEBD:SONALIPAPR,BDT
ACIFORMULA,ACI Formulations PLC,158.1,1.4111610006414295,115020,0.6159250522775893,7267050144.0,21.18365870325459,7.4633,-18.3428521411847,1.62548764629389,Process industries,NoRating,DSEBD:ACIFORMULA,BDT
SHARPIND,Sharp Industries PLC,23.8,-2.459016393442614,9432097,1.0493935636766345,7252504773.0,,-2.5357,-528.7622590463308,0.0,Process industries,NoRating,DSEBD:SHARPIND,BDT
SINGERBD,Singer Bangladesh Limited,75.0,2.179836512261572,14948,0.9700068785609385,7248396361.0,,-20.1842,-45.322984765141264,0.0,Consumer durables,Neutral,DSEBD:SINGERBD,BDT
PREMIERBAN,The Premier Bank PLC,5.9,0.0,622161,0.6337815753179249,7153900919.0,,-10.0922,-529.0326601844927,0.0,Finance,NoRating,DSEBD:PREMIERBAN,BDT
NRBCBANK,NRBC Bank PLC,8.9,2.298850574712656,45001,0.3123373279233083,7126386327.0,42.50238777459408,0.2094,,0.0,Finance,NoRating,DSEBD:NRBCBANK,BDT
PIONEERINS,Pioneer Insurance PLC,68.3,1.6369047619047534,224106,0.8131726819030578,6736561599.0,12.988000836708691,5.2587,24.77340672898971,3.45666615853659,Finance,NoRating,DSEBD:PIONEERINS,BDT
GREENDELT,Green Delta Insurance PLC,68.6,2.235469448584203,97443,0.9330867904870976,6652496253.0,13.335925349922238,5.144,-8.393140170605315,4.06626506024096,Finance,NoRating,DSEBD:GREENDELT,BDT
FINEFOODS,Fine Foods Limited,465.8,0.21514629948364886,33643,0.5920665927529103,6598484232.0,,,,,Process industries,NoRating,DSEBD:FINEFOODS,BDT
DOMINAGE,Dominage Steel Building Systems Ltd,63.6,0.0,675586,0.31653452544442584,6525359746.0,,-0.2264,-273.8863287250384,0.0550314465408805,Industrial services,NoRating,DSEBD:DOMINAGE,BDT
IFADAUTOS,IFAD Autos PLC,23.6,-0.4219409282700332,164127,0.967769325520911,6303966797.0,,-0.3219,-5.853337717855981,0.851063829787234,Retail trade,NoRating,DSEBD:IFADAUTOS,BDT
ORIONPHARM,Orion Pharma Ltd.,26.2,-1.1320754716981158,105725,0.5272554539583393,6107400089.0,,-3.1063,-564.4491978609625,0.0,Health technology,NoRating,DSEBD:ORIONPHARM,BDT
MATINSPINN,Matin Spinning PLC,62.5,0.4823151125401884,328896,0.58475816160039,6024881794.0,14.890879634041744,4.1972,3.1075736359839623,5.66343042071197,Process industries,NoRating,DSEBD:MATINSPINN,BDT
PRAGATIINS,Pragati Insurance PLC,76.6,1.4569536423840983,168374,1.4508808741097559,6009877548.0,12.756036636136551,6.005,17.650516251640838,3.54237702702703,Finance,NoRating,DSEBD:PRAGATIINS,BDT
JHRML,JMI Hospital Requisite Manufacturing Ltd,48.2,-0.41322314049585895,94944,0.5233121496563394,5976529657.0,49.395367903258865,0.9758,-54.95337457298495,1.0482180293501,Health technology,NoRating,DSEBD:JHRML,BDT
ITC,IT Consultants PLC,47.0,0.4273504273504335,1067702,1.1198536987354857,5953840367.0,14.163452266152362,3.3184,-11.594202898550725,2.59179265658747,Commercial services,NoRating,DSEBD:ITC,BDT
DOREENPWR,Doreen Power Generations & Systems Ltd.,32.5,-0.9146341463414549,309338,0.8086048196128331,5886364632.0,7.5406032482598615,4.31,64.24053044737443,3.07692307692308,Utilities,NoRating,DSEBD:DOREENPWR,BDT
KEYACOSMET,Keya Cosmetic Ltd.,5.3,0.0,429756,0.3213693861253661,5732050180.0,,,,0.0,Consumer non-durables,NoRating,DSEBD:KEYACOSMET,BDT
RUNNERAUTO,Runner Automobiles PLC,48.4,-0.6160164271047315,1105759,0.45665389381465843,5483978641.0,36.19503440023931,1.3372,-56.75570791022573,2.0703933747412,Consumer durables,NoRating,DSEBD:RUNNERAUTO,BDT
CONFIDCEM,Confidence Cement PLC,64.1,-0.46583850931678783,74485,0.6702190933033878,5468490532.0,6.151572441723208,10.4201,2.360557181869973,1.57728706624606,Non-energy minerals,NoRating,DSEBD:CONFIDCEM,BDT
FEKDIL,Far East Knitting & Dyeing Industries PLC.,24.1,-2.4291497975708416,7600806,2.701161244678255,5315483192.0,,-0.7323,-145.4957753479125,4.93827160493827,Consumer non-durables,NoRating,DSEBD:FEKDIL,BDT
LOVELLO,Taufika Foods and Lovello Ice-cream PLC,51.9,-3.710575139146568,2084654,1.4215263262297282,5154187660.0,16.65596919127086,3.116,82.23287911573777,1.9004419047619,Consumer non-durables,NoRating,DSEBD:LOVELLO,BDT
STANDBANKL,Standard Islami Bank PLC,4.4,-2.2222222222222143,3206570,5.741575476120436,5132874405.0,10.656333252603536,0.4129,-46.968918571795534,0.0,Finance,NoRating,DSEBD:STANDBANKL,BDT
GQBALLPEN,G.Q. Ball Pen Industries Limited,567.4,-0.40372125680183746,48493,0.6872016087090237,5087226171.0,,-0.012,99.64542150518571,0.175500175500176,Producer manufacturing,NoRating,DSEBD:GQBALLPEN,BDT
PRAGATILIF,Pragati Life Insurance PLC,141.3,-0.8421052631578867,52522,0.7827666737707144,5026293966.0,2.7943456524490573,50.5664,144.41555051791556,0.971250712250712,Finance,NoRating,DSEBD:PRAGATILIF,BDT
CVOPRL,CVO Petrochemical Refinery PLC,166.9,0.3004807692307692,57496,0.5180851322650725,5000398227.0,26.781989152411825,6.2318,152.71908836530272,0.665859624697337,Energy minerals,NoRating,DSEBD:CVOPRL,BDT
PREMIERCEM,Premier Cement Mills PLC,46.9,-0.8456659619450289,205637,0.37340464514601385,4935059777.0,17.99209728775847,2.6067,3.23564356435644,2.13675213675214,Non-energy minerals,NoRating,DSEBD:PREMIERCEM,BDT
BNICL,Bangladesh National Insurance Company Ltd,110.0,0.45662100456621,59869,0.49729832998999074,4730325068.0,19.027849852966614,5.781,33.003566087656736,2.05799812909261,Finance,NoRating,DSEBD:BNICL,BDT
BPML,Bashundhara Paper Mill Ltd.,27.4,1.1070110701106906,16487,0.6878152364821174,4709748168.0,,-31.0559,-174.56369905401823,0.0,Process industries,NoRating,DSEBD:BPML,BDT
NTC,National Tea Company Limited,155.1,-1.7110266159695926,3355,1.6173351330505206,4691574909.0,,,,0.0,Consumer non-durables,NoRating,DSEBD:NTC,BDT
NRBBANK,NRB Bank PLC,6.7,0.0,50568,0.29607632127161526,4626933828.0,,,,0.0,Finance,NoRating,DSEBD:NRBBANK,BDT
KPCL,Khulna Power Company Ltd.,11.5,0.8771929824561372,419105,0.6413669231542634,4530510072.0,12.92425264104293,0.8898,166.96669666966696,21.9298245614035,Utilities,NoRating,DSEBD:KPCL,BDT
ORIONINFU,Orion Infusion Ltd.,224.6,-0.7512152010605466,43533,0.40829705995728793,4481183363.0,128.76963650957458,1.7442,-13.858158830501777,0.908677873693776,Health technology,NoRating,DSEBD:ORIONINFU,BDT
EASTRNLUB,Eastern Lubricants Blenders PLC,1911.3,1.1376865276748864,6110,0.9994438446690875,4459216793.0,45.390640213927114,42.1078,51.55522282769095,0.189882883845127,Process industries,NoRating,DSEBD:EASTRNLUB,BDT
AMANFEED,Aman Feed PLC,35.6,3.188405797101453,675254,0.6920883572005485,4426799351.0,242.837653478854,0.1466,-67.55919451206019,3.40236686390533,Consumer non-durables,NoRating,DSEBD:AMANFEED,BDT
SEAPEARL,Sea Pearl Beach Resort & Spa Ltd.,36.0,-0.5524861878453117,267039,0.5563793536316143,4322849908.0,,-2.2287,33.48752536707652,0.279329608938548,Consumer services,NoRating,DSEBD:SEAPEARL,BDT
GENEXIL,Genex Infosys PLC,35.9,0.8426966292134751,646643,0.9340513465854071,4239840790.0,16.39718644377455,2.1894,0.1692821521709207,0.284090909090909,Commercial services,NoRating,DSEBD:GENEXIL,BDT
MIRAKHTER,Mir Akhter Hossain Ltd,36.1,1.4044943820224718,286092,1.210550233950346,4166618317.0000005,26.429460429021162,1.3659,-30.777417393067108,3.04347826086957,Industrial services,NoRating,DSEBD:MIRAKHTER,BDT
ABBANK,AB Bank PLC,4.7,2.1739130434782727,423130,1.2659742748091516,4120195825.0,,-45.4141,-10.597773145261849,0.0,Finance,NoRating,DSEBD:ABBANK,BDT
SONALILIFE,Sonali Life Insurance PLC,85.0,0.354191263282169,117719,0.9443599444225173,4080250072.0,,,,3.49243306169965,Finance,NoRating,DSEBD:SONALILIFE,BDT
APEXFOOT,Apex Footwear Ltd.,209.6,1.2560386473429923,26221,0.5784482207108332,4022978776.0,26.61181788171961,7.8762,-15.720201598664572,0.977039570102589,Consumer non-durables,NoRating,DSEBD:APEXFOOT,BDT
TAMIJTEX,Tamijuddin Textile Mills PLC,122.2,0.08190008190008889,55216,1.1137265343087726,3938785025.0,19.44776000636588,6.2835,2.365475783197302,0.832691855583543,Consumer non-durables,NoRating,DSEBD:TAMIJTEX,BDT
ADNTEL,ADN Telecom Ltd.,61.7,0.325203252032525,60283,0.7208712206368415,3911425716.0,26.148499745719615,2.3596,-11.109436805424757,1.65289256198347,Communications,NoRating,DSEBD:ADNTEL,BDT
BBSCABLES,BBS Cables PLC,19.2,2.6737967914438503,561581,0.974040998522932,3895459551.0,,-5.0658,-183.62353731593976,0.0,Producer manufacturing,NoRating,DSEBD:BBSCABLES,BDT
JMISMDL,JMI Syringes & Medical Devices Ltd.,131.5,0.6120887528691747,7073,0.5911111853981401,3847167969.0,,-3.0825,-224.64617873028715,0.78125,Health technology,NoRating,DSEBD:JMISMDL,BDT
SHASHADNIM,Shasha Denims PLC,27.5,1.4760147601475961,612571,1.5109257485183545,3807969406.0,41.32231404958678,0.6655,-69.05226934523809,1.85185185185185,Process industries,NoRating,DSEBD:SHASHADNIM,BDT
QUASEMIND,Quasem Industries Limited.,41.9,0.4796163069544262,94038,0.6926665208235245,3651963272.0,34.97203906184792,1.1981,222.93800539083554,0.0,Producer manufacturing,NoRating,DSEBD:QUASEMIND,BDT
POPULARLIF,Popular Life Insurance Co. Ltd.,60.7,0.33057851239669894,145256,0.36636742221414065,3631744343.0,,,,3.32778702163062,Finance,NoRating,DSEBD:POPULARLIF,BDT
SAIFPOWER,SAIF Powertec Ltd.,9.6,1.0526315789473648,285524,1.026880057543614,3527849551.0,,,,0.0,Producer manufacturing,NoRating,DSEBD:SAIFPOWER,BDT
ESQUIRENIT,Esquire Knit Composite PLC,26.7,2.2988505747126355,462117,1.0355286884226504,3520781567.0,,-1.0063,-139.5729285461481,3.83141762452107,Process industries,NoRating,DSEBD:ESQUIRENIT,BDT
SAIHAMCOT,Saiham Cotton Mills Ltd.,26.5,8.16326530612245,9372187,2.161392715375535,3511090273.0,29.2850038678307,0.9049,-7.265833162533303,2.96610169491525,Process industries,NoRating,DSEBD:SAIHAMCOT,BDT
BPPL,Baraka Patenga Power Ltd.,20.6,0.4878048780487874,1038882,0.8866532939497346,3477209282.0,5.90562467748409,3.4882,1500.091743119266,0.995024875621891,Utilities,NoRating,DSEBD:BPPL,BDT
ECABLES,Eastern Cables Ltd.,134.0,1.0558069381598838,1464,0.152100735569131,3474240111.0,,-4.7113,-650.0642148277874,0.0,Producer manufacturing,NoRating,DSEBD:ECABLES,BDT
NHFIL,National Housing Finance PLC,27.7,0.3623188405797024,193373,0.5921582281523917,3450079516.0,34.07134071340714,0.813,,3.73134328358209,Finance,NoRating,DSEBD:NHFIL,BDT
EPGL,Energypac Power Generation PLC,18.6,1.086956521739146,134591,0.6253522487934681,3441954414.0,,-12.0309,-87.8008803971153,1.10497237569061,Utilities,NoRating,DSEBD:EPGL,BDT
KDSALTD,KDS Accessories Ltd.,47.5,0.635593220338977,148754,0.9244920091856321,3423159634.0,22.08172562874808,2.1511,-2.906793048973144,2.18340611353712,Consumer services,NoRating,DSEBD:KDSALTD,BDT
INDEXAGRO,Index Agro Industries Ltd,69.2,0.4354136429608086,44126,0.8206312719914898,3413603862.0,14.102590230084168,4.9069,-7.64003915073031,1.66112936046512,Process industries,NoRating,DSEBD:INDEXAGRO,BDT
ACMEPL,ACME Pesticides Ltd,26.4,5.179282868525885,6867746,3.1671094312287336,3361499949.0,,,,,Process industries,NoRating,DSEBD:ACMEPL,BDT
KBPPWBIL,Khan Brothers PP Woven Bag Industries Ltd,34.5,0.29069767441860883,284841,0.4649115734240761,3315099603.0,50.61619718309859,0.6816,223.9543726235741,2.9585798816568,Process industries,NoRating,DSEBD:KBPPWBIL,BDT
SAIHAMTEX,Saiham Textile Mills Ltd.,38.2,9.142857142857151,7134799,1.2068285517867583,3187799801.0,61.26704089815557,0.6235,13.694383661560913,1.70454545454545,Process industries,NoRating,DSEBD:SAIHAMTEX,BDT
UNITEDFIN,United Finance PLC,17.8,2.298850574712656,797646,1.0848356179847103,3162236817.0,15.30261348005502,1.1632,3.148000354704273,5.91715976331361,Finance,NoRating,DSEBD:UNITEDFIN,BDT
MONNOCERA,Monno Ceramic Industries Limited.,85.5,0.7067137809187212,122092,0.820267098079737,3153752730.0,,-0.7742,-191.12523540489644,0.239234449760766,Consumer durables,NoRating,DSEBD:MONNOCERA,BDT
ARGONDENIM,Argon Denims Ltd.,24.1,4.78260869565218,7167916,3.5890136640979375,3152771572.0,21.105175584552065,1.1419,-28.524036054081126,4.40528634361234,Consumer non-durables,NoRating,DSEBD:ARGONDENIM,BDT
ANWARGALV,Anwar Galvanizing Ltd.,104.1,1.3631937682570512,153551,0.7622560846056505,3100213063.0,,-5.2252,-33.3197254611793,0.0,Non-energy minerals,NoRating,DSEBD:ANWARGALV,BDT
LEGACYFOOT,Legacy Footwear Ltd.,71.1,-0.14044943820225916,232224,1.3963120007889018,3032830583.0,309.53417501088376,0.2297,104.90633363068686,0.0710227272727273,Consumer non-durables,NoRating,DSEBD:LEGACYFOOT,BDT
MLDYEING,M.L. Dyeing & Textile Ind. PLC,13.5,1.5037593984962352,6330230,0.7855577489428304,3021643265.0,,-1.1113,-584.2265795206972,0.384615384615385,Process industries,NoRating,DSEBD:MLDYEING,BDT
AFTABAUTO,Aftab Automobiles Ltd.,28.2,0.7142857142857117,91512,1.1358679934513496,2955259735.0,,-1.5311,-48.95417842202547,3.57142857142857,Consumer durables,NoRating,DSEBD:AFTABAUTO,BDT
APEXSPINN,Apex Spinning and Knitting Mills Ltd.,322.6,-4.753469146737515,76522,1.8796440265383472,2905560000.0,102.69960524640265,3.1412,-15.690589940415482,0.578201792425557,Consumer non-durables,NoRating,DSEBD:APEXSPINN,BDT
GHAIL,Golden Harvest Agro Industries Ltd.,13.9,2.205882352941182,347446,0.6224376440002645,2892224176.0,,-0.2221,76.90788105635268,0.746268656716418,Consumer non-durables,NoRating,DSEBD:GHAIL,BDT
FORTUNE,Fortune Shoes Ltd.,17.6,4.761904761904765,390900,1.4546209612778338,2815927322.0,,-1.0633,-162.9977739302498,0.303030303030303,Consumer non-durables,NoRating,DSEBD:FORTUNE,BDT
SPCERAMICS,Shinepukur Ceramics PLC,19.7,0.5102040816326422,209031,0.6190840336731795,2762961613.0,,,,0.0,Consumer durables,NoRating,DSEBD:SPCERAMICS,BDT
ATLASBANG,Atlas Bangladesh Limited,82.7,-1.194743130227001,4992,0.9745622083829708,2752862751.0,,,,0.0,Consumer durables,NoRating,DSEBD:ATLASBANG,BDT
PEOPLESINS,Peoples Insurance PLC,62.4,3.1404958677685926,345725,0.7321448046784418,2739660010.0,11.07286084395074,5.6354,75.40463147410357,1.77065767284992,Finance,NoRating,DSEBD:PEOPLESINS,BDT
KAY&QUE,Kay and Que (Bangladesh) Ltd.,389.4,-0.30721966205838336,10937,0.5448612564140928,2735681160.0,25.493636411250193,15.2744,745.0099579552998,0.0910015337423313,Producer manufacturing,NoRating,DSEBD:KAY&QUE,BDT
CRYSTALINS,Crystal Insurance Company Ltd,65.3,3.48652931854199,103948,0.7841025153617652,2714800034.0,,,,1.94489465153971,Finance,NoRating,DSEBD:CRYSTALINS,BDT
SANDHANINS,Shandhani Life Insurance Co.Ltd,25.3,0.7968127490039812,261626,0.404278685365688,2709556276.0,4.181679944464646,6.0502,1102.3449920508747,4.8582995951417,Finance,NoRating,DSEBD:SANDHANINS,BDT
UNITEDINS,United Insurance Company Limited,63.5,2.750809061488678,126553,0.8538140395949827,2661099966.0,16.76877574733284,3.7868,34.283687943262414,2.50836120401338,Finance,NoRating,DSEBD:UNITEDINS,BDT
EMERALDOIL,Emerald Oil Industries Ltd.,29.0,0.694444444444442,149392,0.5250963079605214,2610379544.0,,,,0.0,Consumer non-durables,NoRating,DSEBD:EMERALDOIL,BDT
EASTERNINS,Eastern Insurance PLC,62.4,2.1276595744680806,224816,0.786588363309384,2608163807.0,,,,2.47933884297521,Finance,NoRating,DSEBD:EASTERNINS,BDT
HWAWELLTEX,Hwa Well Textiles (BD)PLC,47.6,2.1459227467811157,475535,1.8930111430636896,2598400085.0,14.260035949670462,3.338,-7.370407370407371,4.31034482758621,Process industries,NoRating,DSEBD:HWAWELLTEX,BDT
FARCHEM,FAR Chemicals Industries Ltd,17.0,0.5917159763313694,3164248,0.6276469590388916,2541415580.0,,-3.5707,-1145.8992384299943,0.0,Process industries,NoRating,DSEBD:FARCHEM,BDT
MAGURAPLEX,Magura Multiplex PLC,85.4,0.7075471698113308,39494,0.6288272739141865,2498525103.2000003,35.08916098282521,2.4338,-29.72598388819911,1.30331753554502,Consumer services,NoRating,DSEBD:MAGURAPLEX,BDT
MONNOFABR,Monno Fabrics Ltd.,22.5,3.2110091743119233,1894601,1.5567556099580706,2484000000.0,,-0.0296,-131.89655172413794,0.115740740740741,Process industries,NoRating,DSEBD:MONNOFABR,BDT
PENINSULA,The Peninsula Chittagong PLC,21.1,-1.860465116279063,214219,0.8937220136916999,2480135946.0,56.72043010752689,0.372,,0.239234449760766,Consumer services,NoRating,DSEBD:PENINSULA,BDT
KARNAPHULI,Karnaphuli Insurance PLC,58.1,2.4691358024691334,414323,0.5824981329602245,2472673110.0,23.564243997404287,2.4656,14.989273388676413,1.81488203266788,Finance,NoRating,DSEBD:KARNAPHULI,BDT
BARKAPOWER,Baraka Power Ltd.,10.5,-0.943396226415091,678355,0.6004688464435382,2472389351.0,11.848341232227488,0.8862,290.9131010145567,0.0,Utilities,NoRating,DSEBD:BARKAPOWER,BDT
ISLAMIINS,Islami Insurance Bangladesh Limited,61.3,1.9966722129783625,134756,1.1089048293432417,2457563339.0,,,,2.68006700167504,Finance,NoRating,DSEBD:ISLAMIINS,BDT
DSSL,Dragon Sweater & Spinning Ltd.,12.2,4.273504273504273,3625021,1.7922283889903179,2424122650.0,,,,0.434782608695652,Consumer non-durables,NoRating,DSEBD:DSSL,BDT
GOLDENSON,Golden Son Limited,14.4,0.6993006993006968,795118,1.1221046939070431,2421389993.0,,-2.5167,-182.7752808988764,0.0,Consumer non-durables,NoRating,DSEBD:GOLDENSON,BDT
BDFINANCE,Bangladesh Finance PLC,12.9,0.0,108873,0.7003217518946843,2390600556.0,,,,0.0,Finance,NoRating,DSEBD:BDFINANCE,BDT
PARAMOUNT,Paramount Insurance PLC.,61.4,1.6556291390728477,406410,1.165251139274482,2382966980.0,30.185339953787913,2.0341,1.9854600150413677,1.70648464163823,Finance,NoRating,DSEBD:PARAMOUNT,BDT
ACFL,Aman Cotton Fibrous PLC,23.7,-0.4201680672268967,74534,1.210421440507723,2369583393.0,105.0531914893617,0.2256,,4.25531914893617,Process industries,NoRating,DSEBD:ACFL,BDT
QUEENSOUTH,Queen South Textile Mills Ltd.,16.5,4.430379746835438,2638249,2.0993918067786925,2365322327.0,230.1255230125523,0.0717,-80.29678483099752,0.32258064516129,Process industries,NoRating,DSEBD:QUEENSOUTH,BDT
RUPALILIFE,Rupali Life Insurance PLC,80.4,0.12453300124534064,111637,0.7297327683918585,2353116333.0,29.917392275061403,2.6874,,1.53061224489796,Finance,NoRating,DSEBD:RUPALILIFE,BDT
ETL,Evince Textiles Ltd.,14.0,5.263157894736836,6449134,3.3837776287782995,2341785582.0,21.922956467272158,0.6386,132.7259475218659,1.953125,Process industries,NoRating,DSEBD:ETL,BDT
EASTLAND,Eastland Insurance PLC,29.0,2.8368794326241162,574355,1.8656539460503208,2340268069.0,,,,3.584229390681,Finance,NoRating,DSEBD:EASTLAND,BDT
SONALIANSH,Sonali Aansh Industries Limited.,215.3,-0.23169601482854493,108771,1.085853191043316,2321471909.0,,,,0.700934579439252,Process industries,NoRating,DSEBD:SONALIANSH,BDT
NPOLYMER,National Polymer Industries PLC,32.7,1.8691588785046773,105073,0.7495791005593128,2320881660.0,,,,1.57232704402516,Producer manufacturing,NoRating,DSEBD:NPOLYMER,BDT
MEGHNALIFE,Meghna Life Insurance PLC,55.5,0.36166365280289847,71853,0.9479150038719754,2315324949.0,7.186326557037421,7.723,,2.74725274725275,Finance,NoRating,DSEBD:MEGHNALIFE,BDT
SHEPHERD,Shepherd Industries PLC,15.5,2.6490066225165587,942010,1.2879443942063404,2295292240.0,,-1.6358,-1332.7053504144687,0.671140939597315,Process industries,NoRating,DSEBD:SHEPHERD,BDT
CENTRALINS,Central Insurance PLC,45.0,3.4482758620689653,562390,1.8632667848567832,2274598469.0,23.421641596835475,1.9213,10.349778875423578,2.80373831775701,Finance,NoRating,DSEBD:CENTRALINS,BDT
UNIONINS,Union Insurance PLC,50.2,3.719008264462819,516589,2.0126049568952085,2270066060.0,,,,,Finance,NoRating,DSEBD:UNIONINS,BDT
BDLAMPS,Bangladesh Lamps PLC,224.3,3.650646950092424,113451,0.7419229531739243,2261387980.0,,-1.5975,74.06150548808209,0.465549348230912,Producer manufacturing,NoRating,DSEBD:BDLAMPS,BDT
NTLTUBES,National Tubes Limited,65.7,0.305343511450386,57394,0.9327595341565332,2259935136.0,,,,0.154083204930663,Producer manufacturing,NoRating,DSEBD:NTLTUBES,BDT
RUPALIINS,Rupali Insurance Company Ltd.,29.5,2.430555555555553,341938,0.8482727944567497,2253963043.0,29.645261782735403,0.9951,11.271385441127139,1.70067857142857,Finance,NoRating,DSEBD:RUPALIINS,BDT
SAMORITA,Samorita Hospital Ltd.,98.8,-2.9469548133595285,307774,0.32223874966666205,2238952117.0,200.8130081300813,0.492,-7.830648182840025,0.486854917234664,Health services,NoRating,DSEBD:SAMORITA,BDT
INTRACO,Intraco Refueling Station PLC,23.0,0.4366812227074298,363453,1.1560268754548368,2227709963.0,,-0.067,-105.91507018628057,0.553097345132743,Distribution services,NoRating,DSEBD:INTRACO,BDT
NAHEEACP,Nahee Aluminum Composite Panel PLC,35.2,5.389221556886241,1035054,3.0869591281092608,2201196985.0,,-7.4232,-2847.2982975573645,0.31055900621118,Non-energy minerals,NoRating,DSEBD:NAHEEACP,BDT
AMBEEPHA,Ambee Pharmaceuticals PLC,748.5,-0.22660623833644966,1528,1.6527852893455401,2175552157.0,325.05319841924694,2.3027,-45.17119862850611,0.13238019592269,Health technology,NoRating,DSEBD:AMBEEPHA,BDT
PROVATIINS,Provati Insurance PLC,56.7,3.2786885245901716,272899,1.3389261958999963,2172829624.0,27.36354423049081,2.0721,12.065981611681982,2.22634508348794,Finance,NoRating,DSEBD:PROVATIINS,BDT
BGIC,Bangladesh General Insurance Company PLC,44.0,2.5641025641025674,243698,3.180310882181369,2161090240.0,28.970239662891757,1.5188,8.470218540208545,2.75,Finance,NoRating,DSEBD:BGIC,BDT
SALVO,Salvo Organic Industries PLC,34.1,1.1869436201780372,347173,0.9576409527061844,2152254469.0,55.4021121039805,0.6155,8.058286516853942,0.755287009063444,Process industries,NoRating,DSEBD:SALVO,BDT
REPUBLIC,Republic Insurance PLC,42.1,4.726368159203976,549646,1.5657543264729066,2138932376.0000002,,,,2.62148337595908,Finance,NoRating,DSEBD:REPUBLIC,BDT
SSSTEEL,S.S. Steel Ltd,6.8,3.030303030303033,548089,1.2168166053398919,2136115662.0000002,,,,0.0,Non-energy minerals,NoRating,DSEBD:SSSTEEL,BDT
BENGALWTL,Bengal Windsor Thermoplastics PLC,23.9,1.271186440677954,347502,0.4230329719130849,2122243222.0,42.40596167494677,0.5636,3.12900274473925,2.1551724137931,Producer manufacturing,NoRating,DSEBD:BENGALWTL,BDT
LRBDL,Lub-rref (Bangladesh) Ltd,14.5,-0.6849315068493127,166412,0.649512295934557,2120549805.0,,-6.894,-571.2755598831549,0.0,Process industries,NoRating,DSEBD:LRBDL,BDT
WMSHIPYARD,Western Marine Shipyard Limited,9.3,1.086956521739146,295150,0.9905472626797657,2116833893.0,,,,0.0,Producer manufacturing,NoRating,DSEBD:WMSHIPYARD,BDT
BBS,Bangladesh Building Systems PLC,13.4,1.5151515151515234,504284,0.8857503833016218,2101793497.0,,-0.6471,-322.6649248856956,0.0,Producer manufacturing,NoRating,DSEBD:BBS,BDT
MHSML,Mozaffar Hossain Spinning Mills Ltd.,21.6,3.8461538461538494,981420,1.599280647990412,2080463619.0,25.96465921384782,0.8319,0.4346251358203473,1.45631067961165,Process industries,NoRating,DSEBD:MHSML,BDT
STANDARINS,Standard Insurance PLC,50.2,2.240325865580451,200017,1.703327678766078,2073906857.0,,,,2.50521920668058,Finance,NoRating,DSEBD:STANDARINS,BDT
TAKAFULINS,Takaful Islami Insurance PLC,51.9,0.38684719535782536,260943,1.565090498185357,2061209660.0,,,,2.06611570247934,Finance,NoRating,DSEBD:TAKAFULINS,BDT
PRIMEINSUR,Prime Islami Insurance PLC,54.5,5.415860735009665,418166,1.249383399178779,2056137957.9999998,24.655055417326395,2.2105,19.725938363212915,1.98807157057654,Finance,NoRating,DSEBD:PRIMEINSUR,BDT
AGNISYSL,Agni Systems PLC,29.8,3.4722222222222223,441724,0.949006508408694,2053340350.9999998,54.88029465930018,0.543,-59.31974827689541,0.88339222614841,Communications,NoRating,DSEBD:AGNISYSL,BDT
RINGSHINE,Ring Shine Textiles Ltd.,4.2,0.0,2182701,3.0023521417557433,2051283328.9999998,,,,0.0,Process industries,NoRating,DSEBD:RINGSHINE,BDT
EIL,Express Insurance Ltd.,32.9,2.8124999999999956,508198,1.0946310312102463,2047200344.0,20.25862068965517,1.624,40.93552026382019,1.59235668789809,Finance,NoRating,DSEBD:EIL,BDT
IBP,Indo-Bangla Pharmaceuticals Ltd.,18.0,1.1235955056179736,1729290,1.340308693641393,2010349479.0,,-0.1238,68.73737373737373,0.0867052023121387,Health technology,NoRating,DSEBD:IBP,BDT
WATACHEM,Wata Chemicals Ltd.,137.9,-0.791366906474816,13761,0.44954134434455434,2009947157.0,147.01492537313433,0.938,186.85015290519877,0.737463126843658,Process industries,NoRating,DSEBD:WATACHEM,BDT
ASIAPACINS,Asia Pacific General Insurance PLC,50.2,2.0325203252032518,168978,0.6821126770797256,1998919960.0,19.000037848680975,2.6421,53.789289871944135,2.96610169491525,Finance,NoRating,DSEBD:ASIAPACINS,BDT
SIMTEX,Simtex Industries PLC,26.3,3.137254901960787,1602654,1.6960150492188644,1997844136.0,23.45910266702346,1.1211,15.577319587628867,3.98406374501992,Process industries,NoRating,DSEBD:SIMTEX,BDT
FEDERALINS,Federal Insurance PLC,29.5,2.430555555555553,861402,0.8809839833924564,1982005994.0,,,,3.584229390681,Finance,NoRating,DSEBD:FEDERALINS,BDT
NITOLINS,Nitol Insurance PLC,52.1,8.54166666666667,2089073,3.573731510776845,1971581631.0,25.24714091878271,2.0636,8.104143747708108,2.14132762312634,Finance,NoRating,DSEBD:NITOLINS,BDT
BDTHAI,Bangladesh Thai Aluminium Ltd.,16.0,2.5641025641025665,1185393,1.1175868805424083,1967738852.0,,-2.8068,-69.06396819660283,0.0,Non-energy minerals,NoRating,DSEBD:BDTHAI,BDT
PHENIXINS,Phoenix Insurance PLC,50.7,3.680981595092033,467523,1.061982422613684,1948499280.0,22.131040202540486,2.2909,62.29101728534997,2.48447204968944,Finance,NoRating,DSEBD:PHENIXINS,BDT
FUWANGCER,Fu-Wang Ceramic Industry Ltd.,14.6,0.0,1138741,1.281869699546498,1935021034.0,,-0.0362,-123.70661427635888,0.704225352112676,Producer manufacturing,NoRating,DSEBD:FUWANGCER,BDT
ASIAINS,Asia Insurance PLC,43.1,3.3573141486810516,233074,0.76067619287887,1920450037.0,17.838665618144944,2.4161,43.00680674755846,2.45098039215686,Finance,NoRating,DSEBD:ASIAINS,BDT
AOL,Associated Oxygen Ltd,17.3,0.0,164923,0.5111712060749293,1910206718.0,,,,0.0,Process industries,NoRating,DSEBD:AOL,BDT
AL-HAJTEX,Alhaj Textile Mills Limited,85.7,-0.11655011655010994,58129,0.4513706357889575,1879767804.0,,,,0.355871886120996,Process industries,NoRating,DSEBD:AL-HAJTEX,BDT
RDFOOD,Rangpur Dairy and Food Products Limited,25.3,-0.39370078740156644,533384,1.1703677860536785,1862425477.0,,-0.0039,-100.46230440967283,0.420168067226891,Consumer non-durables,NoRating,DSEBD:RDFOOD,BDT
AAMRANET,aamra networks ltd,19.7,1.025641025641022,173221,0.5270713568707681,1841002183.0,,,,0.0,Communications,NoRating,DSEBD:AAMRANET,BDT
SUNLIFEINS,Sunlife Insurance Co. Ltd.,49.8,-1.1904761904761934,160221,0.7948203554494612,1834523307.0,,-0.1604,-103.56301923674975,0.0194931773879142,Finance,NoRating,DSEBD:SUNLIFEINS,BDT
RAHIMTEXT,Rahim Textile Mills Ltd.,200.2,2.824858757062147,11144,0.863166700230815,1828556649.0,78.16343263186663,2.5613,114.42444537463376,0.517330574236937,Process industries,NoRating,DSEBD:RAHIMTEXT,BDT
SILVAPHL,Silva Pharmaceuticals Ltd.,13.7,1.481481481481476,446627,1.1160276216380327,1815450026.0,,-1.1296,-17.20273915750155,0.0,Health technology,NoRating,DSEBD:SILVAPHL,BDT
BDCOM,BDCOM Online Ltd.,29.7,0.6779661016949128,343565,1.0989037350540602,1806316699.0,40.568228384100536,0.7321,-6.321177223288547,1.74216027874564,Technology services,NoRating,DSEBD:BDCOM,BDT
EGEN,eGeneration PLC,24.6,0.8196721311475527,282543,0.5984884799498744,1800000000.0,33.56528857961523,0.7329,-50.13268013880384,0.9375,Commercial services,NoRating,DSEBD:EGEN,BDT
SILCOPHL,Silco Pharmaceuticals Ltd.,18.2,2.2471910112359472,499209,1.2923220060452192,1795861007.0,55.184960582171016,0.3298,-26.433192058889137,0.635838150289017,Health technology,NoRating,DSEBD:SILCOPHL,BDT
PHARMAID,Pharma Aids Limited.,576.0,-0.6039689387402933,6839,0.6257434076893517,1790568000.0,23.145078657103248,24.8865,46.26470052366483,0.522739153162572,Process industries,NoRating,DSEBD:PHARMAID,BDT
GLOBALINS,Global Insurance PLC,46.8,3.3112582781456954,1020505,1.2594708224433737,1788332626.0,22.341034943670035,2.0948,30.427744225141655,2.26757369614512,Finance,NoRating,DSEBD:GLOBALINS,BDT
DHAKAINS,Dhaka Insurance Limited,47.0,3.524229074889871,113602,0.7476649045954147,1781550061.0,27.781061591204633,1.6918,-21.366488496397864,2.25225225225225,Finance,NoRating,DSEBD:DHAKAINS,BDT
AMCLPRAN,Agricultural Marketing Co. Ltd.,224.2,1.4479638009049722,3679,0.9623584190012817,1752800049.0,46.46632124352331,4.825,-9.23285300425148,1.46052031036057,Consumer non-durables,NoRating,DSEBD:AMCLPRAN,BDT
MERCINS,Mercantile Islami Insurance PLC,42.4,0.7125890736341975,479839,1.742020412438283,1741052602.0,27.209138163383173,1.5583,-19.015694834216813,2.47524752475248,Finance,NoRating,DSEBD:MERCINS,BDT
PURABIGEN,Purabi General Insurance Co. Ltd.,30.6,2.000000000000005,304079,1.500788696469325,1728581250.0,24.170616113744078,1.266,-10.763374920702054,3.46020761245675,Finance,NoRating,DSEBD:PURABIGEN,BDT
ICBIBANK,ICB Islamic Bank Limited,2.6,0.0,69524,0.28098611074063384,1728225840.0,,-1.5092,-5.945945945945946,0.0,Finance,NoRating,DSEBD:ICBIBANK,BDT
NORTHRNINS,Northern Islami Insurance PLC,39.7,3.116883116883124,132741,0.8273565366221243,1679722309.0,25.91214672671497,1.5321,-7.537718768859385,1.26984,Finance,NoRating,DSEBD:NORTHRNINS,BDT
AIL,Alif Industries Ltd.,35.8,4.373177842565598,191534,1.5869441295975804,1659879969.0,,,,0.0,Consumer non-durables,NoRating,DSEBD:AIL,BDT
UTTARAFIN,Uttara Finance and Investments Limited,12.9,2.3809523809523867,8275,0.34330259167527516,1656667030.0,,,,0.0,Finance,NoRating,DSEBD:UTTARAFIN,BDT
YPL,Yeakin Polymer Ltd.,22.2,2.7777777777777675,179595,0.8746783787219308,1643483675.0,,,,0.0,Consumer durables,NoRating,DSEBD:YPL,BDT
CLICL,Chartered Life Insurance PLC,44.7,0.9029345372460627,45635,0.5494386419047046,1642499971.0,0.7196306218123745,62.1152,63.48213322244184,0.91324200913242,Finance,NoRating,DSEBD:CLICL,BDT
JANATAINS,Janata Insurance PLC,34.2,2.70270270270272,184073,0.8648380716121424,1590229280.0,29.587334544510774,1.1559,30.920829085966687,3.04878048780488,Finance,NoRating,DSEBD:JANATAINS,BDT
APEXTANRY,Apex Tannery Limited.,103.6,0.8763388510223871,51672,0.7409723038800954,1575816000.0,,-17.7205,3.183596311027575,0.0,Process industries,NoRating,DSEBD:APEXTANRY,BDT
NAVANACNG,Navana CNG Limited,21.1,0.476190476190483,18263,0.7267033539848715,1571497611.0,1574.6268656716418,0.0134,-87.25023786869647,4.80769230769231,Utilities,NoRating,DSEBD:NAVANACNG,BDT
SINOBANGLA,Sinobangla Industries Ltd.,52.3,0.3838771593090129,287827,1.5228273044093832,1560187350.0,36.48667503837031,1.4334,11.487905421171343,1.94174757281553,Process industries,NoRating,DSEBD:SINOBANGLA,BDT
COPPERTECH,Coppertech Industries Ltd,24.8,2.904564315352694,193790,0.6942872046798376,1559375870.0,35.714285714285715,0.6944,-16.608622553140385,0.903361344537815,Non-energy minerals,NoRating,DSEBD:COPPERTECH,BDT
APEXFOODS,Apex Foods Limited,275.2,0.8058608058608017,9976,0.4401791426743442,1553903927.0,37.51465416178195,7.3358,61.65627272526941,0.73394495412844,Consumer non-durables,NoRating,DSEBD:APEXFOODS,BDT
ISLAMICFIN,Islamic Finance & Investment PLC,11.5,1.7699115044247724,98031,0.8254317621689762,1543593430.0,,,,0.0,Finance,NoRating,DSEBD:ISLAMICFIN,BDT
RENWICKJA,Renwick Janeswar and Co. (BD) Limited,781.7,0.20510191001153988,28,0.025766080795067633,1534599976.0,,,,0.0,Process industries,NoRating,DSEBD:RENWICKJA,BDT
GENNEXT,Generation Next Fashions Ltd.,3.2,0.0,879690,0.9660428296668304,1534421053.0,,,,0.0,Process industries,NoRating,DSEBD:GENNEXT,BDT
NFML,National Feed Mill Ltd,17.4,4.819277108433717,1312358,1.8464551120050727,1521789577.0,1041.9161676646706,0.0167,,0.0613496932515337,Process industries,NoRating,DSEBD:NFML,BDT
GHCL,Global Heavy Chemicals Ltd.,21.4,-0.46511627906977404,32039,0.4703117453895827,1519200027.0,,-3.8768,12.806441455625036,0.0,Process industries,NoRating,DSEBD:GHCL,BDT
RANFOUNDRY,Rangpur Foundry Limited,153.8,0.9186351706036782,11928,0.7218066952291046,1510000000.0,40.219665271966534,3.824,-1.6005352272142517,1.52317880794702,Electronic technology,NoRating,DSEBD:RANFOUNDRY,BDT
VFSTDL,VFS Thread Dyeing Ltd.,15.2,5.555555555555548,1280689,2.046500888071084,1488678819.0,,,,0.177304964539007,Process industries,NoRating,DSEBD:VFSTDL,BDT
RAHIMAFOOD,Rahima Food Corporation Ltd.,74.9,0.6720430107526881,18558,0.4993259986923568,1486014800.0,628.3557046979867,0.1192,-75.91432612649021,0.269179004037685,Process industries,NoRating,DSEBD:RAHIMAFOOD,BDT
CONTININS,Continental Insurance PLC,35.8,4.069767441860462,488004,1.2152362482079784,1480941011.0,20.730789275580516,1.7269,34.61958216401623,1.47492625368732,Finance,NoRating,DSEBD:CONTININS,BDT
TOSRIFA,Tosrifa Industries PLC,21.7,2.843601895734587,440082,1.4733017168132012,1456241180.0,40.46242774566474,0.5363,-18.39622641509434,1.9047619047619,Consumer non-durables,NoRating,DSEBD:TOSRIFA,BDT
SONARBAINS,Sonar Bangla Insurance Ltd.,38.3,7.887323943661964,258165,1.4524189542178454,1454705529.0,92.98373391599903,0.4119,180.2040816326531,1.3107225433526,Finance,NoRating,DSEBD:SONARBAINS,BDT
FAREASTLIF,Fareast Islami Life Insurance Company Limited,19.1,0.5263157894736916,75341,1.8658507289698332,1442535058.0,,,,0.0,Finance,NoRating,DSEBD:FAREASTLIF,BDT
DACCADYE,Dacca Dyeing and Manufacturing Company Limited,16.7,1.2121212121212077,307892,3.4519826712470065,1438031925.0,,,,0.0,Process industries,NoRating,DSEBD:DACCADYE,BDT
GBBPOWER,GBB POWER Ltd.,14.0,0.7194244604316521,757692,0.4679547942372946,1435430212.0,,,,0.0,Utilities,NoRating,DSEBD:GBBPOWER,BDT
MONNOAGML,Monno Agro & General Machinery Ltd.,325.0,-0.42892156862744407,6777,0.7425465940591913,1430083096.0,,-0.5812,-128.74381800197824,0.153846153846154,Producer manufacturing,NoRating,DSEBD:MONNOAGML,BDT
ALIF,Alif Manufacturing Company Ltd.,5.6,1.818181818181812,730649,1.1343084171186804,1429598511.0,,,,0.0,Process industries,NoRating,DSEBD:ALIF,BDT
MAKSONSPIN,Maksons Spinning Mills PLC,6.4,3.2258064516129057,436539,1.6384446487886581,1429395172.0,,,,0.0,Process industries,NoRating,DSEBD:MAKSONSPIN,BDT
KTL,Kattali Textile Ltd.,12.4,1.6393442622950907,567352,0.4113385337186954,1418923495.0,,,,0.0819672131147541,Consumer non-durables,NoRating,DSEBD:KTL,BDT
ACTIVEFINE,Active Fine Chemicals Ltd.,6.2,1.6393442622950907,105226,0.3385579130423608,1415625871.0,,,,0.0,Health technology,NoRating,DSEBD:ACTIVEFINE,BDT
HAKKANIPUL,Hakkani Pulp & Paper Mills PLC,74.7,0.0,60726,0.44853012322280483,1415500000.0,706.0491493383743,0.1058,-63.63011344104503,0.671140939597315,Process industries,NoRating,DSEBD:HAKKANIPUL,BDT
DSHGARME,Desh Garments Limited.,167.8,-0.6512729425695644,87872,0.5802824677061369,1386639282.0,,,,0.17931858936043,Consumer non-durables,NoRating,DSEBD:DSHGARME,BDT
ALLTEX,Alltex Industries Limited,24.0,0.41841004184101016,534237,1.3015108124865247,1365619200.0,,-0.0127,-236.55913978494624,0.0,Process industries,NoRating,DSEBD:ALLTEX,BDT
LIBRAINFU,Libra Infusions Ltd.,598.0,-0.44947561178625695,2623,1.0279018731875398,1351953148.0,,,,,Health technology,NoRating,DSEBD:LIBRAINFU,BDT
ADVENT,Advent Pharma Ltd.,14.7,2.083333333333326,53789,0.3455533035034644,1331798146.0,29.097387173396672,0.5052,-3.3480007652573307,0.34965034965035,Health technology,NoRating,DSEBD:ADVENT,BDT
GEMINISEA,Gemini Sea Food PLC,116.1,1.663747810858136,17363,1.7669566987228917,1308189164.0,,,,0.0,Consumer non-durables,NoRating,DSEBD:GEMINISEA,BDT
HFL,Hamid Fabrics PLC,14.2,0.0,36096,0.4121639520969024,1274802368.0,,,,0.0,Process industries,NoRating,DSEBD:HFL,BDT
DGIC,Desh General Insurance Company Ltd,32.7,2.8301886792452895,324595,0.670794964207185,1244000015.0,59.067919075144516,0.5536,,0.643086816720257,Finance,NoRating,DSEBD:DGIC,BDT
BEACHHATCH,Beach Hatchery Ltd,30.4,1.6722408026755853,61215,0.6782870578640742,1233750366.0,,,,0.0,Process industries,NoRating,DSEBD:BEACHHATCH,BDT
SALAMCRST,S. Alam Cold Rolled Steels Limited,12.3,-2.3809523809523725,119382,0.4723433702309965,1219801620.0,,,,0.0,Non-energy minerals,NoRating,DSEBD:SALAMCRST,BDT
ARAMIT,Aramit Limited,204.6,0.09784735812132517,5827,0.15467762443625088,1213199982.0,,,,0.494559841740851,Non-energy minerals,NoRating,DSEBD:ARAMIT,BDT
CENTRALPHL,Central Pharmaceuticals Ltd.,10.6,2.9126213592232904,489236,1.0438230470349283,1209988630.0,,,,0.0,Health technology,NoRating,DSEBD:CENTRALPHL,BDT
APOLOISPAT,Appollo Ispat Complex Ltd.,3.0,0.0,232217,0.7494432031736407,1203925781.0,,,,0.0,Non-energy minerals,NoRating,DSEBD:APOLOISPAT,BDT
SKTRIMS,SK Trims & Industries Ltd.,13.7,0.0,130093,1.7467141612299804,1168859974.0,,,,0.0,Process industries,NoRating,DSEBD:SKTRIMS,BDT
DESHBANDHU,Deshbandhu Polymer Limited,19.2,1.587301587301591,236414,0.7487606907446733,1141391822.0,,-4.8735,-924.0615488670949,0.0,Health technology,NoRating,DSEBD:DESHBANDHU,BDT
PRIMELIFE,Prime Life Insurance Company Limited,38.2,0.7915567282322014,37388,0.8834134331391129,1135352626.0,2.7970389462045944,13.6573,,0.0672043010752688,Finance,NoRating,DSEBD:PRIMELIFE,BDT
OIMEX,Oimex Electrode Ltd.,15.6,2.631578947368424,102276,0.9740571428571428,1125505551.0,,-0.4831,-149.4472876151484,0.0,Producer manufacturing,NoRating,DSEBD:OIMEX,BDT
OAL,Olympic Accessories Ltd,7.0,6.060606060606066,714582,2.874682644501199,1118877935.0,,,,0.0,Producer manufacturing,NoRating,DSEBD:OAL,BDT
ZEALBANGLA,Zeal Bangla Sugar Milla Limited,182.3,-1.192411924119235,8402,0.596631256035903,1084200000.0,,,,0.0,Process industries,NoRating,DSEBD:ZEALBANGLA,BDT
AAMRATECH,Aamra Technologies Limited,17.6,3.5294117647058907,152599,0.5598619634040133,1067672812.9999999,,,,0.0,Technology services,NoRating,DSEBD:AAMRATECH,BDT
FUWANGFOOD,Fu-Wang Foods Limited,10.3,4.040404040404043,330905,0.6394760433940456,1064057121.9999999,,,,0.0,Consumer non-durables,NoRating,DSEBD:FUWANGFOOD,BDT
USMANIAGL,Usmania Glass Sheet Factory Limited,60.7,0.33057851239669894,29305,1.3171319289319623,1062064900.0000001,,,,0.0,Process industries,NoRating,DSEBD:USMANIAGL,BDT
AGRANINS,Agrani Insurance PLC,30.0,2.739726027397263,162756,1.2956846336273296,1022931056.0,43.53504571179799,0.6891,-55.73043813439548,2.11267605633803,Finance,NoRating,DSEBD:AGRANINS,BDT
PDL,Pacific Denims Ltd.,5.8,5.4545454545454515,234226,0.7760751523151689,1019620995.0,,,,0.0,Process industries,NoRating,DSEBD:PDL,BDT
KPPL,Khulna Printing & Packaging Ltd,13.8,2.2222222222222276,66317,0.6413251816622261,986040012.0,,,,0.0,Process industries,NoRating,DSEBD:KPPL,BDT
MIRACLEIND,Miracle Industries Limited,28.3,-1.0489510489510514,143906,1.3051041137633317,968497750.0,,-3.0729,-13.024128291893494,0.0,Process industries,NoRating,DSEBD:MIRACLEIND,BDT
PHPMF1,PHP First Mutual Fund Units 2010-,3.7,0.0,580682,0.6167134853835329,958437050.0,,,,,Miscellaneous,NoRating,DSEBD:PHPMF1,BDT
BANGAS,Bangas Limited,126.7,0.7955449482895784,19225,0.4183986593832301,949267680.0,,,,0.240963855421687,Consumer non-durables,NoRating,DSEBD:BANGAS,BDT
SAMATALETH,Samata Leather Complex (Pvt.) Ltd.,92.7,-0.9615384615384526,37045,0.4818454374589463,946323427.0,,,,0.0,Process industries,NoRating,DSEBD:SAMATALETH,BDT
MEGHNACEM,Meghna Cement Mills PLC,30.1,-1.3114754098360608,2119,0.2347454247352359,928702758.0,,-59.7645,-83.38125147666638,0.0,Non-energy minerals,NoRating,DSEBD:MEGHNACEM,BDT
FAMILYTEX,Familytex (BD) Ltd.,2.5,0.0,654516,0.35213297248969927,885400925.0,,,,0.0,Consumer non-durables,NoRating,DSEBD:FAMILYTEX,BDT
PRIMEFIN,Prime Finance and Investment Ltd.,3.2,3.2258064516129057,221989,0.6094232483978524,846041041.0,,,,0.0,Finance,NoRating,DSEBD:PRIMEFIN,BDT
REGENTTEX,Regent Textile Mills Ltd.,6.4,0.0,93689,0.25683460376760564,835978889.0,,,,0.0,Process industries,NoRating,DSEBD:REGENTTEX,BDT
MIDASFIN,MIDAS Financing PLC,5.7,0.0,169585,3.3105646808028713,820187233.0,,,,0.0,Finance,NoRating,DSEBD:MIDASFIN,BDT
UNIONCAP,Union Capital Limited,4.6,0.0,166240,0.6993133486651693,776582268.0,,-3.339,72.20187152419328,0.0,Finance,NoRating,DSEBD:UNIONCAP,BDT
AFCAGRO,AFC Agro Biotech Ltd.,6.9,1.4705882352941255,111726,1.5332572143755046,771948530.0,,,,0.0,Health technology,NoRating,DSEBD:AFCAGRO,BDT
STYLECRAFT,Stylecraft Limited,54.4,-0.1834862385321127,5229,0.6428808537319965,752553480.0,,-1.2355,63.68206002527999,0.0,Consumer non-durables,NoRating,DSEBD:STYLECRAFT,BDT
INTECH,Intech Ltd.,25.1,2.8688524590164053,57205,0.9246298571151846,751708800.0,,,,0.0,Communications,NoRating,DSEBD:INTECH,BDT
RSRMSTEEL,Ratanpur Steel Re-Rolling Mills Ltd,7.5,-1.315789473684206,46916,0.9796719531421293,748799253.0,,,,0.0,Producer manufacturing,NoRating,DSEBD:RSRMSTEEL,BDT
CNATEX,C & A Textiles Ltd,3.2,0.0,875602,0.8702132047297049,741879559.0,,,,0.0,Process industries,NoRating,DSEBD:CNATEX,BDT
BAYLEASING,Bay Leasing and Investment Ltd.,4.8,0.0,72318,0.32837010950210954,710077763.0,,,,0.0,Finance,NoRating,DSEBD:BAYLEASING,BDT
TALLUSPIN,Tallu Spinning Mills Limited,7.9,3.947368421052641,177899,0.8175569386341713,687882354.0,,,,0.0,Process industries,NoRating,DSEBD:TALLUSPIN,BDT
METROSPIN,Metro Spinning Ltd.,11.2,1.818181818181812,228118,1.15397262047969,654001714.0,,,,0.0,Process industries,NoRating,DSEBD:METROSPIN,BDT
ZAHINTEX,Zahintex Industries Ltd.,8.4,0.0,65649,1.0226226581739826,646445571.0,,,,0.0,Consumer non-durables,NoRating,DSEBD:ZAHINTEX,BDT
PROGRESLIF,Progressive Life Insurance Co. Ltd.,38.6,-0.5154639175257623,6700,1.278503959545845,642427520.0,,,,0.647668393782383,Finance,NoRating,DSEBD:PROGRESLIF,BDT
PADMALIFE,Padma Islami Life Insurance Ltd.,16.6,-1.1904761904761862,20206,1.1116918556990298,641520018.0,,-6.3404,-37.679145313992876,0.0,Finance,NoRating,DSEBD:PADMALIFE,BDT
ZAHEENSPIN,Zaheen Spinning PLC,5.7,-1.7241379310344769,182374,0.5970412128473795,637438856.0,11.347800119450529,0.5023,,0.0,Process industries,NoRating,DSEBD:ZAHEENSPIN,BDT
GSPFINANCE,GSP Finance Company PLC,3.8,2.7027027027026933,166937,0.7181346231940899,624740345.0,,,,0.0,Finance,NoRating,DSEBD:GSPFINANCE,BDT
PHOENIXFIN,Phoenix Finance and Investments Ltd.,3.9,2.631578947368424,84370,0.7737037916712901,613734516.0,,,,0.0,Finance,NoRating,DSEBD:PHOENIXFIN,BDT
PRIMETEX,Prime Textile Spining Mills Ltd.,16.8,3.067484662576687,95279,3.6320698974943486,588280000.0,,,,0.0,Process industries,NoRating,DSEBD:PRIMETEX,BDT
FIRSTFIN,First Finance Ltd.,4.5,-6.2499999999999964,317012,1.8804148856786536,560123520.0,,,,,Finance,NoRating,DSEBD:FIRSTFIN,BDT
HRTEX,H.R. Textile Mills Ltd.,19.2,0.5235602094240727,13351,0.35849598702529695,549364185.0,,,,0.0,Consumer non-durables,NoRating,DSEBD:HRTEX,BDT
PLFSL,Peoples Leasing and Financial Services Ltd.,2.0,0.0,2018885,0.8150181645560906,542337100.0,,,,0.0,Finance,NoRating,DSEBD:PLFSL,BDT
IFILISLMF1,IFIL Islamic Mutual Fund - 1 Units,5.4,3.8461538461538494,429983,1.6669878006560437,510000000.0,,,,,Miscellaneous,NoRating,DSEBD:IFILISLMF1,BDT
NEWLINE,New Line Clothings Ltd.,6.1,0.0,185448,0.6758417409025491,471195877.0,,,,0.0,Consumer non-durables,NoRating,DSEBD:NEWLINE,BDT
TUNGHAI,Tung Hai Knitting & Dyeing Ltd,4.5,0.0,895468,0.5971619157532136,458608051.0,,,,0.0,Process industries,NoRating,DSEBD:TUNGHAI,BDT
STANCERAM,Standard Ceramic Industries Ltd.,68.7,0.29197080291971217,588,0.061374667292938785,425110788.0,,,,0.0,Consumer durables,NoRating,DSEBD:STANCERAM,BDT
BIFC,Bangladesh Industrial Finance Company Ltd.,4.2,2.4390243902439157,20190,0.21047408270724463,412787773.0,,,,0.0,Finance,NoRating,DSEBD:BIFC,BDT
ARAMITCEM,Aramit Cement Limited,11.9,-2.459016393442614,9561,0.42752317371454635,409948000.0,,,,0.0,Non-energy minerals,NoRating,DSEBD:ARAMITCEM,BDT
NURANI,Nurani Dyeing & Sweater Ltd.,3.2,0.0,383961,0.43566305120377796,404662500.0,,,,0.0,Consumer non-durables,NoRating,DSEBD:NURANI,BDT
SHURWID,Shurwid Industries Ltd,6.1,0.0,24515,0.4092763746610852,344206512.0,,,,0.0,Process industries,NoRating,DSEBD:SHURWID,BDT
PREMIERLEA,Premier Leasing & Finance Limited,2.3,0.0,507036,0.5679949822830607,292534445.0,,,,0.0,Finance,NoRating,DSEBD:PREMIERLEA,BDT
NORTHERN,Northern Jute Manufacturing Co. Ltd.,103.3,-1.6190476190476217,3565,0.7908338694292243,221482799.0,,,,,Process industries,NoRating,DSEBD:NORTHERN,BDT
POPULAR1MF,Popular Life First Mutual Fund Units 2010-,3.6,-2.702702702702705,612553,0.7633114357711246,,,,,,Miscellaneous,NoRating,DSEBD:POPULAR1MF,BDT
PRIME1ICBA,Prime Bank 1st ICB AMCL Mutual Fund Units,6.0,1.6949152542372818,262536,1.5375524233481486,,,,,,Miscellaneous,NoRating,DSEBD:PRIME1ICBA,BDT
CAPITECGBF,CAPITEC GRAMEEN BDT10 (MUTUAL FUND) Units,8.6,0.0,1402195,0.5360336138848416,,,,,,Miscellaneous,NoRating,DSEBD:CAPITECGBF,BDT
TILIL,Trust Islami Life Insurance Ltd.,45.4,0.6651884700665125,87986,0.7494171928327282,,,,,,Finance,NoRating,DSEBD:TILIL,BDT
MITHUNKNIT,Mithun Knitting & Dyeing (CEPZ) Ltd.,14.1,-0.7042253521126736,186803,1.1219918278502963,,,,,,Process industries,NoRating,DSEBD:MITHUNKNIT,BDT
MEGHNAINS,Meghna Insurance PLC,38.5,4.054054054054054,615410,1.1726759137729446,,,,,,Finance,NoRating,DSEBD:MEGHNAINS,BDT
MONOSPOOL,Monospool Bangladesh PLC,107.0,0.09354536950420422,107061,0.7362673259496396,,30.98306066309541,3.4535,6.461358241622738,0.358702087286528,Process industries,NoRating,DSEBD:MONOSPOOL,BDT
ABB1STMF,AB Bank 1st Mutual Fund 2011 Units,3.7,0.0,1388178,0.9265265855339022,,,,,,Miscellaneous,NoRating,DSEBD:ABB1STMF,BDT
BDTHAIFOOD,BD Thai Food & Beverage Ltd.,25.2,0.0,2338920,2.0513486170902744,,,,,,Consumer non-durables,NoRating,DSEBD:BDTHAIFOOD,BDT
DELTASPINN,Delta Spinners Limited,7.5,4.166666666666664,976392,2.2082827565945244,,,,,,Process industries,NoRating,DSEBD:DELTASPINN,BDT
MBL1STMF,MBL 1st Mutual Fund 2010- Units,8.6,3.614457831325288,2069272,1.3940558776523413,,,,,,Miscellaneous,NoRating,DSEBD:MBL1STMF,BDT
IFIC1STMF,IFIC Bank 1st Mutual Fund Units,4.2,2.4390243902439157,847939,0.8200603116511349,,,,,,Miscellaneous,NoRating,DSEBD:IFIC1STMF,BDT
GRAMEENS2,Grameen Mutual Fund One - Grameen Two Units,13.0,0.0,553253,1.4706313911977906,,,,,,Miscellaneous,NoRating,DSEBD:GRAMEENS2,BDT
ICB3RDNRB,ICB AMCL Third NRB Mutual Fund 2010 Units,5.7,1.7857142857142954,228879,0.6587905809344804,,,,,,,NoRating,DSEBD:ICB3RDNRB,BDT
SIPLC,Sena Insurance PLC,151.1,-0.13218770654330275,472102,1.2513342251580992,,,,,,Finance,NoRating,DSEBD:SIPLC,BDT
GLDNJMF,ICB AMCL CMSF GOLDEN JUBILEE MUTUAL FUND,8.3,0.0,623052,0.8156636237839706,,,,,,Miscellaneous,NoRating,DSEBD:GLDNJMF,BDT
ICBAMCL2ND,ICB AMCL Second Mutual Fund Units,7.4,1.3698630136986376,39448,0.4176344914764366,,,,,,Miscellaneous,NoRating,DSEBD:ICBAMCL2ND,BDT
AIBL1STIMF,AIBL 1st ISLAMIC Mutual Fund 2010- Units,5.7,9.615384615384615,6249266,7.099093515358052,,,,,,Miscellaneous,NoRating,DSEBD:AIBL1STIMF,BDT
MEGCONMILK,Meghna Condensed Milk Industries Ltd.,37.0,8.504398826979468,121858,0.8086566033078089,,,,,,Consumer non-durables,NoRating,DSEBD:MEGCONMILK,BDT
AZIZPIPES,Aziz Pipes Limited.,79.7,0.6313131313131313,7941,0.33906048521387155,,,,,,Producer manufacturing,NoRating,DSEBD:AZIZPIPES,BDT
ANLIMAYARN,Anlima Yarn Dyeing Ltd.,29.0,-2.0270270270270316,33845,1.100464311726147,,,,,,Process industries,NoRating,DSEBD:ANLIMAYARN,BDT
CAPMBDBLMF,CAPM BDBL Mutual Fund 01 Units,8.0,-1.2345679012345634,1840081,0.9454406615409254,,,,,,Miscellaneous,NoRating,DSEBD:CAPMBDBLMF,BDT
VAMLRBBF,Vanguard AML Rupali Bank Balanced Fund Units,8.0,-1.2345679012345634,37006,0.23902272350006878,,,,,,Miscellaneous,NoRating,DSEBD:VAMLRBBF,BDT
1JANATAMF,First Janata Bank Mutual Fund Units,3.6,-2.702702702702705,1419321,1.214749214870919,,,,,,,NoRating,DSEBD:1JANATAMF,BDT
SHYAMPSUG,Shyampur Sugar Mills Ltd.,306.2,-0.26058631921824477,11991,0.62049480204296,,,,,,Process industries,NoRating,DSEBD:SHYAMPSUG,BDT
MEGHNAPET,Meghna Pet Industries Ltd.,78.8,0.12706480304954804,113440,1.6058731014839887,,,,,,Consumer non-durables,NoRating,DSEBD:MEGHNAPET,BDT
EXIM1STMF,EXIM Bank 1st Mutual Fund 2013- Units,6.3,1.6129032258064457,2334035,0.8731863603901081,,,,,,Miscellaneous,NoRating,DSEBD:EXIM1STMF,BDT
CAPMIBBLMF,CAPM IBBL Islamic Mutual Fund Units,13.1,0.0,440226,0.7212411824380116,,,,,,Miscellaneous,NoRating,DSEBD:CAPMIBBLMF,BDT
DBH1STMF,DBH First Mutual Fund Units,5.4,0.0,398640,0.8018571610466867,,,,,,Miscellaneous,NoRating,DSEBD:DBH1STMF,BDT
RELIANCE1,Reliance Insurance Mutual Fund Reliance One Units,12.8,-1.538461538461533,2479127,0.7806760118990468,,,,,,Miscellaneous,NoRating,DSEBD:RELIANCE1,BDT
SONARGAON,Sonargaon Textiles Limited.,101.3,-1.0742187500000084,167251,0.7643076624983764,,,,,,Process industries,NoRating,DSEBD:SONARGAON,BDT
ICBSONALI1,ICB AMCL Sonali Bank Ltd 1st Mutual Fund 2013- Units,6.6,6.451612903225798,3089904,3.5572686235705726,,,,,,Miscellaneous,NoRating,DSEBD:ICBSONALI1,BDT
TECHNODRUG,Techno Drugs Ltd.,42.9,-0.9237875288683571,1379207,0.8576189405475103,,27.977044476327112,1.5334,,2.35849056603774,Health technology,NoRating,DSEBD:TECHNODRUG,BDT
FBFIF,First Bangladesh Fixed Income Fund Units,3.6,0.0,978019,0.791879618499566,,,,,,Miscellaneous,NoRating,DSEBD:FBFIF,BDT
EBL1STMF,EBL First Mutual Fund Units,4.2,0.0,268612,1.0587134014279835,,,,,,Miscellaneous,NoRating,DSEBD:EBL1STMF,BDT
SEMLIBBLSF,SEML IBBL Shariah Fund Units,8.0,-1.2345679012345634,106825,0.6520466604773354,,,,,,Miscellaneous,NoRating,DSEBD:SEMLIBBLSF,BDT
ISNLTD,Information Services Network Ltd.,56.3,-0.5300353356890535,43844,0.5166730891380117,,,,,,Technology services,NoRating,DSEBD:ISNLTD,BDT
1STPRIMFMF,Prime Finance First Mutual Fund 2009 Units,21.9,1.3888888888888755,209891,0.5922133165395991,,,,,,,NoRating,DSEBD:1STPRIMFMF,BDT
SEMLFBSLGF,SEML FBLSL Growth Fund Units,6.9,1.4705882352941255,661574,1.3630417794080711,,,,,,Miscellaneous,NoRating,DSEBD:SEMLFBSLGF,BDT
HAMI,Hami Industries PLC,150.3,1.0080645161290323,3973,0.20272166463417746,,,,,,Process industries,NoRating,DSEBD:HAMI,BDT
NAVANAPHAR,Navana Pharmaceuticals PLC,66.4,1.0654490106544945,106540,0.6679535880718812,,11.87686693973921,5.5907,42.123191905839285,2.13414634146341,Health technology,NoRating,DSEBD:NAVANAPHAR,BDT
GREENDELMF,Green Delta Mutual Fund 2010 Units,4.6,4.545454545454529,640338,1.3009307106057044,,,,,,Miscellaneous,NoRating,DSEBD:GREENDELMF,BDT
ICBEPMF1S1,ICB Employees Provident Mutual Fund One Scheme One Units,6.0,1.6949152542372818,181655,0.3571882224923481,,,,,,Miscellaneous,NoRating,DSEBD:ICBEPMF1S1,BDT
BDWELDING,Bangladesh Welding Electrodes Ltd.,13.1,1.5503875968992191,31860,0.540612082832764,,,,,,Producer manufacturing,NoRating,DSEBD:BDWELDING,BDT
ASIATICLAB,Asiatic Laboratories Ltd,109.9,0.09107468123862343,486137,0.9381799767373776,,,,,,Health technology,NoRating,DSEBD:ASIATICLAB,BDT
ICICL,Islami Commercial Insurance PLC.,37.3,1.358695652173913,623006,1.5753654660963377,,,,,,Finance,NoRating,DSEBD:ICICL,BDT
PF1STMF,Phoenix Finance 1st Mutual Fund Units,14.4,0.6993006993006968,1537245,1.0765420565329105,,,,,,,NoRating,DSEBD:PF1STMF,BDT
DULAMIACOT,Dulamia Cotton Spinning Mills Limited,181.9,-3.4501061571125264,10255,0.8484813383748542,,,,,,Process industries,NoRating,DSEBD:DULAMIACOT,BDT
JUTESPINN,Jute Spinners Limited,213.3,0.14084507042254055,149,0.08361860934957067,,,,,,Process industries,NoRating,DSEBD:JUTESPINN,BDT
MIDLANDBNK,Midland Bank PLC,17.1,-0.5813953488371969,736315,0.7649875758283821,,13.93643031784841,1.227,-1.3427675484441535,1.68320833333333,Finance,NoRating,DSEBD:MIDLANDBNK,BDT
LRGLOBMF1,LR Global Bangladesh Mutual Fund One Units,4.2,0.0,432153,1.1725352714556998,,,,,,Miscellaneous,NoRating,DSEBD:LRGLOBMF1,BDT
TRUSTB1MF,Trust Bank 1st Mutual Fund Units,3.9,2.631578947368424,1784820,1.5564128364948582,,,,,,Miscellaneous,NoRating,DSEBD:TRUSTB1MF,BDT
ICBAGRANI1,ICB AMCL First Agrani Bank Mutual Fund Units,8.0,0.0,150411,0.47820282646798956,,,,,,Miscellaneous,NoRating,DSEBD:ICBAGRANI1,BDT
SICL,"Sikder Insurance Co., Ltd.",39.7,1.5345268542199524,1176948,0.8578256286328461,,19.754192167985273,2.0097,50.04479617739287,2.61780104712042,Finance,NoRating,DSEBD:SICL,BDT
NCCBLMF1,NCCBL Mutual Fund-1 2012- Dividend Units,6.4,1.5873015873015959,114545,0.8147560142003484,,,,,,Miscellaneous,NoRating,DSEBD:NCCBLMF1,BDT
SBACBANK,SBAC Bank PLC.,6.9,1.4705882352941255,41458,0.6766134402214359,,575.0,0.012,-57.89473684210527,0.0,Finance,NoRating,DSEBD:SBACBANK,BDT
SAFKOSPINN,Safko Spinning Mills Limited,21.9,0.0,142928,0.9847025526977907,,,,,,Process industries,NoRating,DSEBD:SAFKOSPINN,BDT
EBLNRBMF,EBL NRB Mutual Fund,3.6,0.0,1500716,1.7308767379082415,,,,,,Miscellaneous,NoRating,DSEBD:EBLNRBMF,BDT
BDAUTOCA,Bangladesh Autocars Limited,190.0,-2.3638232271325768,51491,0.8148960548971944,,,,,,Energy minerals,NoRating,DSEBD:BDAUTOCA,BDT
